title,company,location,avg_salary,description,redirect_url,experience_level,soc_code,job_category,matched_skills
"Cloud Engineer, Senior",UPMC,"Pittsburgh, Allegheny County",128941.45,"UPMC is looking for a Cloud Engineer to join their team. This position will be primarily remote but will require ON-SITE work when needed. Purpose: UPMC is looking to hire a Senior Cloud Engineer to work within the Corporate Technology Services Team. This position will be working on a team that has three major goals: Innovation, Collaboration, and Continuous Improvement, on a 360 platform, responsible for Cloud Strategy including, but not limited to Infrastructure, Security, Architecture, and G…",https://www.adzuna.com/details/5437686974?utm_medium=api&utm_source=a6e23083,N/A,15-1251,Cloud Engineer,[]
Data Management & Strategy - Oil & Gas - Manager- Consulting - Location OPEN,EY,"Pittsburgh, Allegheny County",211366.88,"Location: Anywhere in Country At EY, we're all in to shape your future with confidence. We'll help you succeed in a globally connected powerhouse of diverse teams and take your career wherever you want it to go. Join EY and help to build a better working world. Data Management and Strategy - Manager - Oil & Gas Sector Company Overview EY delivers unparalleled service in big data, business intelligence, and digital analytics built on a blend of custom-developed methods related to customer analyt…",https://www.adzuna.com/details/5437685748?utm_medium=api&utm_source=a6e23083,N/A,15-1251,Cloud Engineer,"['go', 'big data']"
"Agentic AI, AI & Data Specialist Leader",Deloitte,"Pittsburgh, Allegheny County",143017.16,"Join our AI & Engineering team in transforming technology platforms, driving innovation, and helping make a significant impact on our clients' success. You'll work alongside talented professionals reimagining and re-engineering operations and processes that are critical to businesses. Your contributions can help clients improve financial performance, accelerate new digital ventures, and fuel growth through innovation. AI & Engineering leverages cutting-edge engineering capabilities to build, de…",https://www.adzuna.com/details/5437681240?utm_medium=api&utm_source=a6e23083,N/A,15-1251,Cloud Engineer,[]
GenAI Engineer,Deloitte,"Pittsburgh, Allegheny County",162106.36,"Role Overview: As a GenAI Engineer , you will actively engage in your engineering craft, taking a hands-on approach to multiple high-visibility projects. Your expertise will be pivotal in delivering solutions that delight customers and users, while also driving tangible value for Deloitte's business investments. You will leverage your GenAI & engineering craftmanship across multiple programming languages and modern frameworks, consistently demonstrating your strong track record in delivering hi…",https://www.adzuna.com/details/5437681053?utm_medium=api&utm_source=a6e23083,N/A,15-1251,Cloud Engineer,[]
Sr Azure Cloud Engineer,Prequel Solutions,"Pittsburgh, Allegheny County",96230.95,"Senior Azure Cloud Engineer Location: Pittsburgh, PA (Hybrid Remote with occasional on-site support) Type: Full-time Overview The Senior Azure Cloud Engineer plays a key role in designing, deploying, and managing modern cloud infrastructure within Microsoft environments. This position is hands-on, client-facing, and focused on enabling secure, efficient, and scalable cloud operations. Key Responsibilities Lead deployment, configuration, and maintenance of Microsoft Azure environments. Administe…",https://www.adzuna.com/details/5436487957?utm_medium=api&utm_source=a6e23083,N/A,15-1251,Cloud Engineer,['azure']
SAP - Production Planning - Digital Manufacturing Cloud - DMC - Manager - Consulting - Location OPEN,EY,"Pittsburgh, Allegheny County",219302.9,"Location: Anywhere in Country At EY, we're all in to shape your future with confidence. We'll help you succeed in a globally connected powerhouse of diverse teams and take your career wherever you want it to go. Join EY and help to build a better working world. Our objective is to provide clients with a unique business perspective on how to leverage SAP technology specifically within Digital Manufacturing Cloud (DMC) to enhance their operational efficiency. This is rooted in EY's SAP service li…",https://www.adzuna.com/details/5435920458?utm_medium=api&utm_source=a6e23083,N/A,15-1251,Cloud Engineer,['go']
IT - Quality Assurance Spec - Contractor,V2Soft,"Pittsburgh, Allegheny County",61429.49,"V2Soft is a global leader in IT services and business solutions, delivering innovative and cost-effective technology solutions worldwide since 1998. We have headquarteerd in Bloomfiled Hills, MI and have 16 offices spread across six countries. We partner with Fortune 500 companies to address complex business challenges. Our services span AI, IT staffing, cloud computing, engineering, mobility, testing, and more. Certified with CMMI Level 3 and ISO standards, V2Soft is committed to quality and s…",https://www.adzuna.com/land/ad/5435851923?se=eoSTXn2k8BGGz-i-DD1n5Q&utm_medium=api&utm_source=a6e23083&v=7075BA95FB360760A238F79A8B9866ABAA8CD38B,N/A,15-1251,Cloud Engineer,['cloud computing']
IT - Quality Assurance Lead,V2Soft,"Pittsburgh, Allegheny County",87799.88,"V2Soft is a global leader in IT services and business solutions, delivering innovative and cost-effective technology solutions worldwide since 1998. We have headquarteerd in Bloomfiled Hills, MI and have 16 offices spread across six countries. We partner with Fortune 500 companies to address complex business challenges. Our services span AI, IT staffing, cloud computing, engineering, mobility, testing, and more. Certified with CMMI Level 3 and ISO standards, V2Soft is committed to quality and s…",https://www.adzuna.com/land/ad/5435851925?se=eoSTXn2k8BGGz-i-DD1n5Q&utm_medium=api&utm_source=a6e23083&v=FB7F7E117B569C425386625CABA7B92254AF4D0D,N/A,15-1251,Cloud Engineer,['cloud computing']
IT - Sr Software Engineer,V2Soft,"Pittsburgh, Allegheny County",80382.27,"V2Soft is a global leader in IT services and business solutions, delivering innovative and cost-effective technology solutions worldwide since 1998. We have headquarteerd in Bloomfiled Hills, MI and have 16 offices spread across six countries. We partner with Fortune 500 companies to address complex business challenges. Our services span AI, IT staffing, cloud computing, engineering, mobility, testing, and more. Certified with CMMI Level 3 and ISO standards, V2Soft is committed to quality and s…",https://www.adzuna.com/land/ad/5434554787?se=eoSTXn2k8BGGz-i-DD1n5Q&utm_medium=api&utm_source=a6e23083&v=5D6ED4C7FE948668D795B9AD43F2423247C729AB,N/A,15-1251,Cloud Engineer,['cloud computing']
IT - Sr Software Engineer,V2Soft,"Pittsburgh, Allegheny County",92541.84,"V2Soft is a global leader in IT services and business solutions, delivering innovative and cost-effective technology solutions worldwide since 1998. We have headquarteerd in Bloomfiled Hills, MI and have 16 offices spread across six countries. We partner with Fortune 500 companies to address complex business challenges. Our services span AI, IT staffing, cloud computing, engineering, mobility, testing, and more. Certified with CMMI Level 3 and ISO standards, V2Soft is committed to quality and s…",https://www.adzuna.com/land/ad/5434554630?se=eoSTXn2k8BGGz-i-DD1n5Q&utm_medium=api&utm_source=a6e23083&v=2DD9C3FD03642F0694E0F1251D19DC0F4D24DEAC,N/A,15-1251,Cloud Engineer,['cloud computing']
IT - Software Engineer Lead,V2Soft,"Pittsburgh, Allegheny County",73937.87,"V2Soft is a global leader in IT services and business solutions, delivering innovative and cost-effective technology solutions worldwide since 1998. We have headquarteerd in Bloomfiled Hills, MI and have 16 offices spread across six countries. We partner with Fortune 500 companies to address complex business challenges. Our services span AI, IT staffing, cloud computing, engineering, mobility, testing, and more. Certified with CMMI Level 3 and ISO standards, V2Soft is committed to quality and s…",https://www.adzuna.com/land/ad/5434554092?se=eoSTXn2k8BGGz-i-DD1n5Q&utm_medium=api&utm_source=a6e23083&v=DA1A8E1BA3CFDC4CF02001F86EA22BE1765ECE33,N/A,15-1251,Cloud Engineer,['cloud computing']
IT - Software Architect,V2Soft,"Pittsburgh, Allegheny County",96612.75,"V2Soft is a global leader in IT services and business solutions, delivering innovative and cost-effective technology solutions worldwide since 1998. We have headquarteerd in Bloomfiled Hills, MI and have 16 offices spread across six countries. We partner with Fortune 500 companies to address complex business challenges. Our services span AI, IT staffing, cloud computing, engineering, mobility, testing, and more. Certified with CMMI Level 3 and ISO standards, V2Soft is committed to quality and s…",https://www.adzuna.com/land/ad/5432884246?se=eoSTXn2k8BGGz-i-DD1n5Q&utm_medium=api&utm_source=a6e23083&v=C09B328D92DE1B44A94D26E0B9B840AA3F6CB2E1,N/A,15-1251,Cloud Engineer,['cloud computing']
Sr Staff IT Architect,ThermoFisher Scientific,"Pittsburgh, Allegheny County",183631.02,"Work Schedule Standard (Mon-Fri) Environmental Conditions Office Job Description  Build, develop, and implement secure, scalable, and high-performance data solutions using AWS, Microsoft Azure, Databricks, and Microsoft Fabric (Power BI).  Architect end-to-end multi-cloud data platforms, ensuring detailed integration across enterprise data sources, storage, processing, AI services, and consumption layers.  Set up and enforce data governance, security, and compliance protocols within AWS and Azu…",https://www.adzuna.com/details/5431707979?utm_medium=api&utm_source=a6e23083,N/A,15-1251,Cloud Engineer,"['azure', 'aws', 'power bi']"
"Software Engineer III, Infrastructure, Google Cloud Platforms",Google,"Pittsburgh, Allegheny County",182958.72,"Software Engineer III, Infrastructure, Google Cloud Platforms _corporate_fare_ Google _place_ Sunnyvale, CA, USA; Kirkland, WA, USA; 3 more; 2 more Mid Experience driving progress, solving problems, and mentoring more junior team members; deeper expertise and applied knowledge within relevant area. _info_outline_ XNote: By applying to this position you will have an opportunity to share your preferred working location from the following: Sunnyvale, CA, USA; Kirkland, WA, USA; Seattle, WA, USA; P…",https://www.adzuna.com/details/5431700396?utm_medium=api&utm_source=a6e23083,N/A,15-1251,Cloud Engineer,['google cloud']
DBT Developer,Deloitte,"Pittsburgh, Allegheny County",113833.3,"Are you an experienced, passionate pioneer in technology who wants to work in a collaborative environment? As an experienced DBT Developer you will have the ability to share new ideas and collaborate on projects as a consultant without the extensive demands of travel. The Project Delivery Talent Model is designed for professionals with specialized skills that align to a current client need. Team members focus on delivering services to clients, without additional expectations related to business…",https://www.adzuna.com/details/5429945370?utm_medium=api&utm_source=a6e23083,N/A,15-1251,Cloud Engineer,[]
GenAI Solutions Architect - SFL Scientific,Deloitte,"Pittsburgh, Allegheny County",249383.31,"GenAI Solutions Architect - SFL Scientific Our Deloitte Strategy & Transactions team helps guide clients through their most critical moments and transformational initiatives. From strategy to execution, this team delivers integrated, end-to-end support and advisory services covering valuation modeling, cost optimization, restructuring, business design and transformation, infrastructure and real estate, mergers and acquisitions (M&A), and sustainability. Work alongside clients every step of the …",https://www.adzuna.com/details/5429945375?utm_medium=api&utm_source=a6e23083,N/A,15-1251,Cloud Engineer,[]
Pega LSA,Synechron,"Pittsburgh, Allegheny County",135000.0,"We are At Synechron, we believe in the power of digital to transform businesses for the better. Our global consulting firm combines creativity and innovative technology to deliver industry-leading digital solutions. Synechron’s progressive technologies and optimization strategies span end-to-end Artificial Intelligence, Consulting, Digital, Cloud & DevOps, Data, and Software Engineering, servicing an array of noteworthy financial services and technology firms. Through research and development i…",https://www.adzuna.com/details/5429577592?utm_medium=api&utm_source=a6e23083,N/A,15-1251,Cloud Engineer,['devops']
Java Architect,Synechron,"Pittsburgh, Allegheny County",125000.0,"We are At Synechron, we believe in the power of digital to transform businesses for the better. Our global consulting firm combines creativity and innovative technology to deliver industry-leading digital solutions. Synechron’s progressive technologies and optimization strategies span end-to-end Artificial Intelligence, Consulting, Digital, Cloud & DevOps, Data, and Software Engineering, servicing an array of noteworthy financial services and technology firms. Through research and development i…",https://www.adzuna.com/details/5429432887?utm_medium=api&utm_source=a6e23083,N/A,15-1251,Cloud Engineer,['devops']
"2026 Allegheny County Department of Human Services Internship - Analytics, Technology & Planning",Allegheny County Department of Human Services,"Pittsburgh, Allegheny County",43967.71,DHS Internship Program Overview The Allegheny County Department of Human Services (DHS) Internship Program provides students with hands-on experience in public service. Interns contribute to projects that support vulnerable populations and improve the delivery of human services across Allegheny County. DHS seeks undergraduate and graduate students who want to make a difference. Interns work on meaningful projects that strengthen public services and support vulnerable populations. Many interns c…,https://www.adzuna.com/land/ad/5429125957?se=eoSTXn2k8BGGz-i-DD1n5Q&utm_medium=api&utm_source=a6e23083&v=37630AEEE64BF508534F78FCD006C5EF15FA1D88,N/A,15-1251,Cloud Engineer,[]
Product Manager Lead - Cloud Financial Management,PNC,"Pittsburgh, Allegheny County",127124.24,"Position Overview At PNC, our people are our greatest differentiator and competitive advantage in the markets we serve. We are all united in delivering the best experience for our customers. We work together each day to foster an inclusive workplace culture where all of our employees feel respected, valued and have an opportunity to contribute to the company's success. As a Product Manager Lead within PNC's Technology organization, you can be based in Pittsburgh PA, Strongsville OH, Phoenix AZ …",https://www.adzuna.com/details/5427422900?utm_medium=api&utm_source=a6e23083,N/A,15-1251,Cloud Engineer,[]
"Silicon Engineering Intern, BS/MS, Summer 2026",Google,"Pittsburgh, Allegheny County",106206.76,"Silicon Engineering Intern, BS/MS, Summer 2026 _corporate_fare_ Google _place_ Mountain View, CA, USA; Ann Arbor, MI, USA; 30 more; 29 more _bar_chart_ Intern & Apprentice _info_outline_ X Please complete your application before November 7, 2025. Applications will be reviewed on a rolling basis and it's in a candidate's best interest to apply early. Timing on when you can hear back will vary and can take upwards of 90 days. If you haven't heard from us in three months about your application, we…",https://www.adzuna.com/details/5427418090?utm_medium=api&utm_source=a6e23083,N/A,15-1251,Cloud Engineer,[]
Senior Data Scientist,Maximus,"Oakland, Allegheny County",108245.63,"Description & Requirements We now have an exciting opportunity for a Senior Data Scientist to join the Maximus AI Accelerator supporting the enterprise at large. We are looking for an accomplished hands-on individual contributor and team player to be a part of the AI Accelerator team. You will be responsible for architecting and optimizing scalable, secure AI systems and integrating AI models in production using MLOps best practices, ensuring systems are resilient, compliant, and efficient. Thi…",https://www.adzuna.com/details/5425009895?utm_medium=api&utm_source=a6e23083,N/A,15-1251,Cloud Engineer,[]
Industry X - Engineering Systems PTC Windchill PLM Manager,Accenture,"Pittsburgh, Allegheny County",270091.34,"WHO WE ARE: We are Industry X: We embed innovation, intelligence, and sustainability in the way the world makes things and the things it makes. Industry X enables leaders to act quickly and confidently as they pivot to the future. We define Industry X as digital reinvention of manufacturing / engineering and believe that smart, sustainable, connected digital products and assets are about to create hyper-personalized industrial experiences, completely new levels of operational efficiency, transp…",https://www.adzuna.com/details/5424925854?utm_medium=api&utm_source=a6e23083,N/A,15-1251,Cloud Engineer,[]
Industry X - Engineering System PTC Windchill PLM Consultant,Accenture,"Pittsburgh, Allegheny County",223042.34,"WHO WE ARE: We are Industry X: We embed innovation, intelligence, and sustainability in the way the world makes things and the things it makes. Industry X enables leaders to act quickly and confidently as they pivot to the future. We define Industry X as digital reinvention of manufacturing / engineering and believe that smart, sustainable, connected digital products and assets are about to create hyper-personalized industrial experiences, completely new levels of operational efficiency, transp…",https://www.adzuna.com/details/5424925770?utm_medium=api&utm_source=a6e23083,N/A,15-1251,Cloud Engineer,[]
IT - Sr Software Engineer,V2Soft,"Pittsburgh, Allegheny County",124512.4,"V2Soft is a global leader in IT services and business solutions, delivering innovative and cost-effective technology solutions worldwide since 1998. We have headquarteerd in Bloomfiled Hills, MI and have 16 offices spread across six countries. We partner with Fortune 500 companies to address complex business challenges. Our services span AI, IT staffing, cloud computing, engineering, mobility, testing, and more. Certified with CMMI Level 3 and ISO standards, V2Soft is committed to quality and s…",https://www.adzuna.com/land/ad/5424502721?se=eoSTXn2k8BGGz-i-DD1n5Q&utm_medium=api&utm_source=a6e23083&v=D7345779202BC208998C73983D8A35D30832A3A8,N/A,15-1251,Cloud Engineer,['cloud computing']
IT - Specialty Software Engineer Lead,V2Soft,"Pittsburgh, Allegheny County",86262.11,"V2Soft is a global leader in IT services and business solutions, delivering innovative and cost-effective technology solutions worldwide since 1998. We have headquarteerd in Bloomfiled Hills, MI and have 16 offices spread across six countries. We partner with Fortune 500 companies to address complex business challenges. Our services span AI, IT staffing, cloud computing, engineering, mobility, testing, and more. Certified with CMMI Level 3 and ISO standards, V2Soft is committed to quality and s…",https://www.adzuna.com/land/ad/5422985427?se=eoSTXn2k8BGGz-i-DD1n5Q&utm_medium=api&utm_source=a6e23083&v=A325A72F2CC67DB0FA49BF967CA7606C18D2AAC5,N/A,15-1251,Cloud Engineer,['cloud computing']
IT - Sr Quality Assurance Spec,V2Soft,"Pittsburgh, Allegheny County",84580.5,"V2Soft is a global leader in IT services and business solutions, delivering innovative and cost-effective technology solutions worldwide since 1998. We have headquarteerd in Bloomfiled Hills, MI and have 16 offices spread across six countries. We partner with Fortune 500 companies to address complex business challenges. Our services span AI, IT staffing, cloud computing, engineering, mobility, testing, and more. Certified with CMMI Level 3 and ISO standards, V2Soft is committed to quality and s…",https://www.adzuna.com/land/ad/5422983709?se=eoSTXn2k8BGGz-i-DD1n5Q&utm_medium=api&utm_source=a6e23083&v=6F11F2ACCBF62436FDD2C16371A3750541424527,N/A,15-1251,Cloud Engineer,['cloud computing']
Technology Consulting - Managed Services - Digital Engineering Operations Services - Senior Manager,EY,"Pittsburgh, Allegheny County",189914.14,"Location: Anywhere in Country At EY, we're all in to shape your future with confidence. We'll help you succeed in a globally connected powerhouse of diverse teams and take your career wherever you want it to go. Join EY and help to build a better working world. Technology Consulting - Managed Services  Digital Engineering Operations Services - Senior Manager EY's Technology Operations Managed Services team (Tech Ops) works with some of the world's largest companies. Our solution is being built …",https://www.adzuna.com/details/5418265528?utm_medium=api&utm_source=a6e23083,N/A,15-1251,Cloud Engineer,['go']
"Agentic AI, AI & Data Manager",Deloitte,"Pittsburgh, Allegheny County",119447.46,"Join our AI & Engineering team in transforming technology platforms, driving innovation, and helping make a significant impact on our clients' success. You'll work alongside talented professionals reimagining and re-engineering operations and processes that are critical to businesses. Your contributions can help clients improve financial performance, accelerate new digital ventures, and fuel growth through innovation. AI & Engineering leverages cutting-edge engineering capabilities to build, de…",https://www.adzuna.com/details/5418262476?utm_medium=api&utm_source=a6e23083,N/A,15-1251,Cloud Engineer,[]
Deloitte Technology Product Engineering Fullstack Software Engineer Vision360,Deloitte,"Pittsburgh, Allegheny County",182260.73,"Role Overview: As a Full-stack Software Engineer , you will actively engage in your engineering craft, taking a hands-on approach to multiple high-visibility projects. Your expertise will be pivotal in delivering solutions that delight customers and users, while also driving tangible value for Deloitte's business investments. You will leverage your extensive engineering craftmanship across multiple programming languages and modern frameworks, consistently demonstrating your strong track record …",https://www.adzuna.com/details/5418262324?utm_medium=api&utm_source=a6e23083,N/A,15-1251,Cloud Engineer,[]
IT - Software Engineer Lead,V2Soft,"Pittsburgh, Allegheny County",89355.0,"V2Soft is a global leader in IT services and business solutions, delivering innovative and cost-effective technology solutions worldwide since 1998. We have headquarteerd in Bloomfiled Hills, MI and have 16 offices spread across six countries. We partner with Fortune 500 companies to address complex business challenges. Our services span AI, IT staffing, cloud computing, engineering, mobility, testing, and more. Certified with CMMI Level 3 and ISO standards, V2Soft is committed to quality and s…",https://www.adzuna.com/land/ad/5418206085?se=eoSTXn2k8BGGz-i-DD1n5Q&utm_medium=api&utm_source=a6e23083&v=7FC4FADBD2A497A93150785FD0A44CEA67CE9315,N/A,15-1251,Cloud Engineer,['cloud computing']
IT - Sr Business Systems Analyst,V2Soft,"Pittsburgh, Allegheny County",82908.5,"V2Soft is a global leader in IT services and business solutions, delivering innovative and cost-effective technology solutions worldwide since 1998. We have headquarteerd in Bloomfiled Hills, MI and have 16 offices spread across six countries. We partner with Fortune 500 companies to address complex business challenges. Our services span AI, IT staffing, cloud computing, engineering, mobility, testing, and more. Certified with CMMI Level 3 and ISO standards, V2Soft is committed to quality and s…",https://www.adzuna.com/land/ad/5418206051?se=eoSTXn2k8BGGz-i-DD1n5Q&utm_medium=api&utm_source=a6e23083&v=76B1EB54C8D61F2902BD37462830EFCCF4737D91,N/A,15-1251,Cloud Engineer,['cloud computing']
IT - Sr Business Systems Analyst Sr,V2Soft,"Pittsburgh, Allegheny County",77153.66,"V2Soft is a global leader in IT services and business solutions, delivering innovative and cost-effective technology solutions worldwide since 1998. We have headquarteerd in Bloomfiled Hills, MI and have 16 offices spread across six countries. We partner with Fortune 500 companies to address complex business challenges. Our services span AI, IT staffing, cloud computing, engineering, mobility, testing, and more. Certified with CMMI Level 3 and ISO standards, V2Soft is committed to quality and s…",https://www.adzuna.com/land/ad/5416845586?se=eoSTXn2k8BGGz-i-DD1n5Q&utm_medium=api&utm_source=a6e23083&v=8EAC1CE52E83B9E986135B64063C60DD39FA17C7,N/A,15-1251,Cloud Engineer,['cloud computing']
Cloud Data & Analytics Senior Manager (Insurance),PwC,"Pittsburgh, Allegheny County",246894.08,"Specialty/Competency: Data, Analytics & AI Industry/Sector: Insurance Time Type: Full time Travel Requirements: Up to 80% A career within Data and Analytics services will provide you with the opportunity to help organisations uncover enterprise insights and drive business results using smarter data analytics. We focus on a collection of organisational technology capabilities, including business intelligence, data management, and data assurance that help our clients drive innovation, growth, and…",https://www.adzuna.com/details/5416165240?utm_medium=api&utm_source=a6e23083,N/A,15-1251,Cloud Engineer,[]
IT - Specialty Software Engineer,V2Soft,"Pittsburgh, Allegheny County",124732.62,"V2Soft is a global leader in IT services and business solutions, delivering innovative and cost-effective technology solutions worldwide since 1998. We have headquarteerd in Bloomfiled Hills, MI and have 16 offices spread across six countries. We partner with Fortune 500 companies to address complex business challenges. Our services span AI, IT staffing, cloud computing, engineering, mobility, testing, and more. Certified with CMMI Level 3 and ISO standards, V2Soft is committed to quality and s…",https://www.adzuna.com/land/ad/5415056678?se=eoSTXn2k8BGGz-i-DD1n5Q&utm_medium=api&utm_source=a6e23083&v=C4E2CBFAA58EDBAF79B69C77395A6483F09A3C93,N/A,15-1251,Cloud Engineer,['cloud computing']
"Agentic AI, AI & Data Senior Consultant",Deloitte,"Pittsburgh, Allegheny County",124317.45,"Join our AI & Engineering team in transforming technology platforms, driving innovation, and helping make a significant impact on our clients' success. You'll work alongside talented professionals reimagining and re-engineering operations and processes that are critical to businesses. Your contributions can help clients improve financial performance, accelerate new digital ventures, and fuel growth through innovation. AI & Engineering leverages cutting-edge engineering capabilities to build, de…",https://www.adzuna.com/details/5414493706?utm_medium=api&utm_source=a6e23083,N/A,15-1251,Cloud Engineer,[]
GenAI Solutions Architect - SFL Scientific,Deloitte,"Pittsburgh, Allegheny County",245343.06,"GenAI Solutions Architect - SFL Scientific Our Deloitte Strategy & Transactions team helps guide clients through their most critical moments and transformational initiatives. From strategy to execution, this team delivers integrated, end-to-end support and advisory services covering valuation modeling, cost optimization, restructuring, business design and transformation, infrastructure and real estate, mergers and acquisitions (M&A), and sustainability. Work alongside clients every step of the …",https://www.adzuna.com/details/5414493676?utm_medium=api&utm_source=a6e23083,N/A,15-1251,Cloud Engineer,[]
"Senior/Principal Machine Learning Engineer, Generative AI",Autodesk,"Pittsburgh, Allegheny County",241717.73,"Job Requisition ID  25WD89883 Position Overview Autodesk is leading the transformation of the AEC industry, integrating AI technology into our products. We're enhancing our applications with cloud-native capabilities, including data at scale, edge computing, AI-based solutions, and advanced 3D modeling and graphics. This innovation is happening across our flagship products-AutoCAD, Revit, and Construction Cloud-and Forma, our new Industry Cloud. As a Machine Learning Engineer on the AEC Solutio…",https://www.adzuna.com/details/5414491168?utm_medium=api&utm_source=a6e23083,N/A,15-1251,Cloud Engineer,['machine learning']
Dev Ops Hosting Manager,Mayvue,"Pittsburgh, Allegheny County",133531.86,"Mayvue is seeking an experienced Dev Ops Hosting Manager. We are in a unique position: combining the energy of a high growth culture with the stability of experienced professionals managing a steady stream of business. If you’re looking for a role with unlimited potential and real impact, Mayvue is the place to grow. This position is 100% remote with Mayvue's office in Pittsburgh, PA. Role Overview Will lead the cloud platform, environments, and reliability practices across Mayvue’s portfolio. …",https://www.adzuna.com/details/5410224723?utm_medium=api&utm_source=a6e23083,N/A,15-1251,Cloud Engineer,[]
"Sr. Solutions Architect - AWS WWPS DOD, Joint DoD SA",Amazon,"Pittsburgh, Allegheny County",191025.81,"Description Do you like helping U.S. Department of Defense organizations implement innovative cloud computing solutions and solve technical problems? Would you like to do this using the latest cloud computing technologies? Do you have a knack for helping these groups understand application architectures and integration approaches, and do you have the consultative skills to launch a project on a trajectory to success? Come join our team as a Solutions Architect and help us accelerate our growing…",https://www.adzuna.com/details/5409755671?utm_medium=api&utm_source=a6e23083,N/A,15-1251,Cloud Engineer,['cloud computing']
Master Data Governance/Management - Senior Manager - Consulting - Location OPEN,EY,"Pittsburgh, Allegheny County",206220.06,"Location: Anywhere in Country At EY, we're all in to shape your future with confidence. We'll help you succeed in a globally connected powerhouse of diverse teams and take your career wherever you want it to go. Join EY and help to build a better working world. Master Data Management/Governance - Senior Manager The opportunity EY's Analytics and Data team is seeking a Master Data Management Senior Manager focusing on helping our clients define and drive data management strategy and technology i…",https://www.adzuna.com/details/5407171047?utm_medium=api&utm_source=a6e23083,N/A,15-1251,Cloud Engineer,['go']
Product Development - Digital Engineering - Manager,PwC,"Pittsburgh, Allegheny County",179161.62,"Specialty/Competency: Operations Industry/Sector: Not Applicable Time Type: Full time Travel Requirements: Up to 80% At PwC, our people in operations consulting specialise in providing consulting services on optimising operational efficiency and effectiveness. These individuals analyse client needs, develop operational strategies, and offer guidance and support to help clients streamline processes, improve productivity, and drive business performance. In product development and manufacturing at…",https://www.adzuna.com/details/5407170873?utm_medium=api&utm_source=a6e23083,N/A,15-1251,Cloud Engineer,[]
Product Development - Digital Engineering - Senior Associate,PwC,"Pittsburgh, Allegheny County",167665.47,"Specialty/Competency: Operations Industry/Sector: Not Applicable Time Type: Full time Travel Requirements: Up to 80% At PwC, our people in operations consulting specialise in providing consulting services on optimising operational efficiency and effectiveness. These individuals analyse client needs, develop operational strategies, and offer guidance and support to help clients streamline processes, improve productivity, and drive business performance. In product development and manufacturing at…",https://www.adzuna.com/details/5407170811?utm_medium=api&utm_source=a6e23083,N/A,15-1251,Cloud Engineer,[]
AI Data Engineer - Manager,PwC,"Pittsburgh, Allegheny County",132583.72,"Specialty/Competency: Oracle Industry/Sector: Not Applicable Time Type: Full time Travel Requirements: Up to 60% At PwC, our people in business application consulting specialise in consulting services for a variety of business applications, helping clients optimise operational efficiency. These individuals analyse client needs, implement software solutions, and provide training and support for seamless integration and utilisation of business applications, enabling clients to achieve their strat…",https://www.adzuna.com/details/5405065474?utm_medium=api&utm_source=a6e23083,N/A,15-1251,Cloud Engineer,[]
AI Data Engineer - Senior Associate,PwC,"Pittsburgh, Allegheny County",108522.23,"Specialty/Competency: Oracle Industry/Sector: Not Applicable Time Type: Full time Travel Requirements: Up to 60% At PwC, our people in business application consulting specialise in consulting services for a variety of business applications, helping clients optimise operational efficiency. These individuals analyse client needs, implement software solutions, and provide training and support for seamless integration and utilisation of business applications, enabling clients to achieve their strat…",https://www.adzuna.com/details/5405065487?utm_medium=api&utm_source=a6e23083,N/A,15-1251,Cloud Engineer,[]
AI Data Engineer - Senior Manager,PwC,"Pittsburgh, Allegheny County",168590.14,"Specialty/Competency: Oracle Industry/Sector: Not Applicable Time Type: Full time Travel Requirements: Up to 60% At PwC, our people in business application consulting specialise in consulting services for a variety of business applications, helping clients optimise operational efficiency. These individuals analyse client needs, implement software solutions, and provide training and support for seamless integration and utilisation of business applications, enabling clients to achieve their strat…",https://www.adzuna.com/details/5405065482?utm_medium=api&utm_source=a6e23083,N/A,15-1251,Cloud Engineer,[]
Actimize Lead,V2Soft,"Pittsburgh, Allegheny County",119279.21,"V2Soft is a global leader in IT services and business solutions, delivering innovative and cost-effective technology solutions worldwide since 1998. We have headquarteerd in Bloomfiled Hills, MI and have 16 offices spread across six countries. We partner with Fortune 500 companies to address complex business challenges. Our services span AI, IT staffing, cloud computing, engineering, mobility, testing, and more. Certified with CMMI Level 3 and ISO standards, V2Soft is committed to quality and s…",https://www.adzuna.com/land/ad/5404768985?se=eoSTXn2k8BGGz-i-DD1n5Q&utm_medium=api&utm_source=a6e23083&v=8C46472E6CB9F5FA4008C9E8E775F983D03C7711,N/A,15-1251,Cloud Engineer,['cloud computing']
Actimize Engineer,V2Soft,"Pittsburgh, Allegheny County",139362.98,"V2Soft is a global leader in IT services and business solutions, delivering innovative and cost-effective technology solutions worldwide since 1998. We have headquarteerd in Bloomfiled Hills, MI and have 16 offices spread across six countries. We partner with Fortune 500 companies to address complex business challenges. Our services span AI, IT staffing, cloud computing, engineering, mobility, testing, and more. Certified with CMMI Level 3 and ISO standards, V2Soft is committed to quality and s…",https://www.adzuna.com/land/ad/5404767567?se=eoSTXn2k8BGGz-i-DD1n5Q&utm_medium=api&utm_source=a6e23083&v=DF841A8186F4E93C168818BA4DF59BA2275F39DB,N/A,15-1251,Cloud Engineer,['cloud computing']
Sr. Data Scientist - INTL India,Insight Global,"Pittsburgh, Allegheny County",168672.0,"Job Description The Senior Data Scientist will lead the strategy, design, and implementation of advanced analytics solutions across AI, ML, and Generative AI (GenAI) domains. This role involves end-to-end ownership of data science initiatives, from ideation to production, and requires deep technical expertise, strategic thinking, and cross-functional collaboration to drive innovation and business impact. ________________________________________ Key Responsibilities: - Lead discovery sessions wi…",https://www.adzuna.com/details/5401661467?utm_medium=api&utm_source=a6e23083,N/A,15-1251,Cloud Engineer,['data science']
DevOps Engineer III - REMOTE,Net Health,"Pittsburgh, Allegheny County",135000.0,"About Net Healthâ¯â¯ Belong. Thrive. Make a Difference. â¯â¯ Are you looking for a meaningful and satisfying career where you have endless opportunities to grow and be financially rewarded? Net Health may be the perfect place for you.â¯â¯â¯ A high-growthâ¯and profitable company, we help caregivers harness data for human health.â¯Weâ¯alsoâ¯honor and respect the needs of our Net Health family and staff,â¯which is why weâ¯offer aâ¯work-from-anywhere environment and unlimited PTO.â¯O…",https://www.adzuna.com/details/5400992123?utm_medium=api&utm_source=a6e23083,N/A,15-1251,Cloud Engineer,[]
AI Native Software Engineering Senior Manager,Accenture,"Pittsburgh, Allegheny County",266676.0,"We are: A forward-thinking services company at the forefront of AI-native innovation. We partner with enterprise clients to create next-generation, agent-powered workflows engineered to scale in real-world settings. Our engineers embed deeply with customers, moving projects beyond experimentation into operational reality. You are: An AI Native Engineer with a minimum of 5 years of experience building cloud-native solutions, and deep expertise in designing and deploying agentic systems, especial…",https://www.adzuna.com/details/5400433922?utm_medium=api&utm_source=a6e23083,N/A,15-1251,Cloud Engineer,[]
Senior Cloud Engineer (Hybrid),Dollar Bank,"Pittsburgh, Allegheny County",71951.2,"Job Description Bachelor's degree in computer science, Information Systems, or other related field, or commensurate experience. Five years’ experience with: Cloud platforms like Amazon Web Services, or Microsoft Azure. Scripting via languages like PowerShell or Python. Microsoft Server and Client Operating Systems. Troubleshooting server and system-related issues. Certificate, Licenses and Registration Requirements: AWS or Azure Associate Certifications or greater is required. Knowledge, Skill,…",https://www.adzuna.com/land/ad/5400159870?se=uOg_YH2k8BGQCJH2_VE84Q&utm_medium=api&utm_source=a6e23083&v=D6FFED6FAB4931B31BA4A72D09B28AD17CA9ABF0,N/A,15-1251,Cloud Engineer,"['azure', 'aws', 'python']"
AI Native Software Engineer,Accenture,"Pittsburgh, Allegheny County",400315.1,"We are: A forward-thinking services company at the forefront of AI-native innovation. We partner with enterprise clients to create next-generation, agent-powered workflows engineered to scale in real-world settings. Our engineers embed deeply with customers, moving projects beyond experimentation into operational reality. You are: An AI Native Engineer with a minimum of 3 years of experience building cloud-native solutions, and deep expertise in designing and deploying agentic systems, especial…",https://www.adzuna.com/details/5396155316?utm_medium=api&utm_source=a6e23083,N/A,15-1251,Cloud Engineer,[]
Sr. Engineer Cloud Operations,Maximus,"Oakland, Allegheny County",112303.32,"Description & Requirements The Sr. Cloud Engineer is a hands-on position that requires the ability to plan, design, and implement technical cloud solutions. You will help combine software and systems to develop creative engineering solutions for streamlined operations. Much of our support focuses on optimizing legacy systems, deploying new infrastructure and cloud services, and reducing work through automation of legacy processes. You will join a dedicated team of professionals with a diverse s…",https://www.adzuna.com/details/5390748552?utm_medium=api&utm_source=a6e23083,N/A,15-1251,Cloud Engineer,[]
"Enterprise Utilities GIS Architect, Manager",PwC,"Pittsburgh, Allegheny County",131367.4,"Specialty/Competency: Functional & Industry Technologies Industry/Sector: Not Applicable Time Type: Full time Travel Requirements: Up to 60% At PwC, our people in business application consulting specialise in consulting services for a variety of business applications, helping clients optimise operational efficiency. These individuals analyse client needs, implement software solutions, and provide training and support for seamless integration and utilisation of business applications, enabling cl…",https://www.adzuna.com/details/5388247471?utm_medium=api&utm_source=a6e23083,N/A,15-1251,Cloud Engineer,[]
Modern Workplace Consultant,Deloitte,"Pittsburgh, Allegheny County",97965.96,"Modern Workplace Consultant-AI & Engineering Join our AI & Engineering team by transforming technology platforms, driving innovation, and helping make a significant impact on our clients' success. You'll collaborate with talented professionals, reimagining and re-engineering operations and processes that are critical to business. Your contributions can help clients improve financial performance, accelerate new digital ventures, and fuel growth through innovation. AI & Engineering leverages inno…",https://www.adzuna.com/details/5386760283?utm_medium=api&utm_source=a6e23083,N/A,15-1251,Cloud Engineer,[]
"Senior Software Engineer, Cloud Computing",Mine Vision Systems,"East Liberty, Allegheny County",151701.69,"Mine Vision Systems (MVS) is dedicated to providing advanced workflow-integrated perception and automation systems which improve speed, safety and productivity for the mining industry. We are a spinout from Carnegie Mellon University’s National Robotics Engineering Center, and are located in Pittsburgh’s East Liberty neighborhood. Following the successful product launch of our FaceCapture™ Mapping System, we are in a growth mode and we are seeking a Senior Software Engineer with strong knowledg…",https://www.adzuna.com/details/5376616951?utm_medium=api&utm_source=a6e23083,N/A,15-1251,Cloud Engineer,[]
Senior Staff Engineer - Cloud & Hybrid Infrastructure Strategy,ThermoFisher Scientific,"Pittsburgh, Allegheny County",165152.34,"Work Schedule Standard (Mon-Fri) Environmental Conditions Office Job Description When you join us at Thermo Fisher Scientific, you'll be part of an inquisitive team that shares your passion for exploration and discovery. With revenues of more than $40 billion and the largest investment in R&D in the industry, we give our people the resources and chances to create meaningful contributions to the world. Location/Division Specific Information This position within Corporate Infrastructure and Secur…",https://www.adzuna.com/details/5376263087?utm_medium=api&utm_source=a6e23083,N/A,15-1251,Cloud Engineer,['r']
Manual Tester/BA,Capgemini,"Pittsburgh, Allegheny County",58467.31,"About the job: Manual Testing/BA Opportunity What you will do at Sogeti:  Developand execute comprehensive test plans and test cases, focusing onfunctionality, usability, and performance across web and mobileapplications.  Analyzebusiness processes, gather requirements from stakeholders, and determinehow to meet business needs.  Isolate,document, and report defects using bug-tracking tools, and verify thatfixes are implemented correctly.  Coordinateand conduct UAT to confirm the software aligns…",https://www.adzuna.com/details/5376256764?utm_medium=api&utm_source=a6e23083,N/A,15-1251,Cloud Engineer,[]
"Senior Software Engineer, Cloud Computing",Mine Vision Systems,"Pittsburgh, Allegheny County",170372.1,"Mine Vision Systems (MVS) is dedicated to providing advanced workflow-integrated perception and automation systems which improve speed, safety and productivity for the mining industry. We are a spinout from Carnegie Mellon University’s National Robotics Engineering Center, and are located in Pittsburgh’s East Liberty neighborhood. Following the successful product launch of our FaceCapture™ Mapping System, we are in a growth mode and we are seeking a Senior Software Engineer with strong knowledg…",https://www.adzuna.com/details/5374618760?utm_medium=api&utm_source=a6e23083,N/A,15-1251,Cloud Engineer,[]
Senior Staff Engineer - Cloud & Hybrid Infrastructure Strategy,Thermo Fisher Scientific,"Pittsburgh, Allegheny County",156583.95,"Work Schedule Standard (Mon-Fri) Environmental Conditions Office Job Description When you join us at Thermo Fisher Scientific, you’ll be part of an inquisitive team that shares your passion for exploration and discovery. With revenues of more than $40 billion and the largest investment in R&D in the industry, we give our people the resources and chances to create meaningful contributions to the world. Location/Division Specific Information This position within Corporate Infrastructure and Secur…",https://www.adzuna.com/details/5374032973?utm_medium=api&utm_source=a6e23083,N/A,15-1251,Cloud Engineer,['r']
Cyber SDC - Cloud Senior Engineer (Image Security) - Senior - Consulting - Location Open,EY,"Pittsburgh, Allegheny County",146901.45,"Location: Anywhere in Country At EY, we're all in to shape your future with confidence. We'll help you succeed in a globally connected powerhouse of diverse teams and take your career wherever you want it to go. Join EY and help to build a better working world. In an ever-evolving IT landscape, EY stands as a beacon of trust for clients across diverse industries seeking reliable solutions to address their intricate risks and vulnerabilities. As a vital member of our Cloud Security team, you wil…",https://www.adzuna.com/details/5370254509?utm_medium=api&utm_source=a6e23083,N/A,15-1251,Cloud Engineer,['go']
Software Engineering Lead - Cloud-Native & Data Lake Architectures,PNC,"Pittsburgh, Allegheny County",123581.62,"Position Overview At PNC, our people are our greatest differentiator and competitive advantage in the markets we serve. We are all united in delivering the best experience for our customers. We work together each day to foster an inclusive workplace culture where all of our employees feel respected, valued and have an opportunity to contribute to the company's success. As a Software Engineering Lead - Cloud-Native & Data Lake Architectures within PNC's Data Products organization, you will be ba…",https://www.adzuna.com/details/5366568580?utm_medium=api&utm_source=a6e23083,N/A,15-1251,Cloud Engineer,[]
Databricks Data Engineer - Manager - Consulting - Location Open,EY,"Pittsburgh, Allegheny County",142544.39,"Location: Anywhere in Country At EY, we're all in to shape your future with confidence. We'll help you succeed in a globally connected powerhouse of diverse teams and take your career wherever you want it to go. Join EY and help to build a better working world. Technology - Data and Decision Science - Data Engineering - Manager We are looking for a dynamic and experienced Manager of Data Engineering to lead our team in designing and implementing complex cloud analytics solutions with a strong f…",https://www.adzuna.com/details/5363684928?utm_medium=api&utm_source=a6e23083,N/A,15-1251,Cloud Engineer,['go']
SAP - Production Planning - PP - Manager - Consulting - Location OPEN,EY,"Pittsburgh, Allegheny County",99274.3,"Location: Anywhere in Country At EY, we're all in to shape your future with confidence. We'll help you succeed in a globally connected powerhouse of diverse teams and take your career wherever you want it to go. Join EY and help to build a better working world. Our objective is to provide clients with a unique business perspective on how to leverage SAP technology to improve their operations. This is rooted in EY's SAP service line capabilities (Supply Chain, FICO, BPC, Data & Analytics, Custom…",https://www.adzuna.com/details/5363684458?utm_medium=api&utm_source=a6e23083,N/A,15-1251,Cloud Engineer,['go']
Data Management & Strategy - Oil & Gas - Senior Manager- Consulting - Location OPEN,EY,"Pittsburgh, Allegheny County",158557.89,"At EY, we're all in to shape your future with confidence. We'll help you succeed in a globally connected powerhouse of diverse teams and take your career wherever you want it to go. Join EY and help to build a better working world. Data Management and Strategy - Senior Manager - Oil & Gas Sector Location: Preferred - Houston, Texas Company Overview: EY delivers unparalleled service in big data, business intelligence, and digital analytics built on a blend of custom-developed methods related to …",https://www.adzuna.com/details/5363684400?utm_medium=api&utm_source=a6e23083,N/A,15-1251,Cloud Engineer,"['go', 'big data']"
Risk AI & Engineering - Senior Manager - Consulting - Location Open,EY,"Pittsburgh, Allegheny County",173746.3,"Location: Anywhre in Country At EY, we're all in to shape your future with confidence. We'll help you succeed in a globally connected powerhouse of diverse teams and take your career wherever you want it to go. Join EY and help to build a better working world. Tech Consulting, AI & Quantitative Modeling, Risk AI and Analytics Senior Manager EY delivers unparalleled cross functional tech consulting services in artificial intelligence, big data and cloud engineering. We always support and enable …",https://www.adzuna.com/details/5363683356?utm_medium=api&utm_source=a6e23083,N/A,15-1251,Cloud Engineer,"['go', 'big data']"
Digital Assurance & Transparency (DAT) Intern - Summer 2027 - Destination CPA,PwC,"Pittsburgh, Allegheny County",82752.41,"Specialty/Competency: Assurance Industry/Sector: Not Applicable Time Type: Full time Travel Requirements: Up to 20% At PwC, our people in audit and assurance focus on providing independent and objective assessments of financial statements, internal controls, and other assurable information enhancing the credibility and reliability of this information with a variety of stakeholders. They evaluate compliance with regulations including assessing governance and risk management processes and related…",https://www.adzuna.com/details/5363677895?utm_medium=api&utm_source=a6e23083,N/A,15-1251,Cloud Engineer,[]
GCP Data Engineer - Manager,PwC,"Pittsburgh, Allegheny County",182811.69,"Specialty/Competency: Data, Analytics & AI Industry/Sector: Technology Time Type: Full time Travel Requirements: Up to 80% At PwC, our people in data and analytics engineering focus on leveraging advanced technologies and techniques to design and develop robust data solutions for clients. They play a crucial role in transforming raw data into actionable insights, enabling informed decision-making and driving business growth. In data engineering at PwC, you will focus on designing and building d…",https://www.adzuna.com/details/5363676387?utm_medium=api&utm_source=a6e23083,N/A,15-1251,Cloud Engineer,[]
Cloud Data & Analytics Manager (Insurance),PwC,"Pittsburgh, Allegheny County",182744.58,"Specialty/Competency: Data, Analytics & AI Industry/Sector: Insurance Time Type: Full time Travel Requirements: Up to 80% A career within Data and Analytics services will provide you with the opportunity to help organisations uncover enterprise insights and drive business results using smarter data analytics. We focus on a collection of organisational technology capabilities, including business intelligence, data management, and data assurance that help our clients drive innovation, growth, and…",https://www.adzuna.com/details/5363676271?utm_medium=api&utm_source=a6e23083,N/A,15-1251,Cloud Engineer,[]
GCP Data Engineer - Senior Manager,PwC,"Pittsburgh, Allegheny County",198418.45,"Specialty/Competency: Data, Analytics & AI Industry/Sector: Technology Time Type: Full time Travel Requirements: Up to 80% At PwC, our people in data and analytics engineering focus on leveraging advanced technologies and techniques to design and develop robust data solutions for clients. They play a crucial role in transforming raw data into actionable insights, enabling informed decision-making and driving business growth. In data engineering at PwC, you will focus on designing and building d…",https://www.adzuna.com/details/5363676002?utm_medium=api&utm_source=a6e23083,N/A,15-1251,Cloud Engineer,[]
Cloud Data & Analytics Strategy Senior Associate (Insurance),PwC,"Pittsburgh, Allegheny County",177778.73,"Specialty/Competency: Data, Analytics & AI Industry/Sector: Insurance Time Type: Full time Travel Requirements: Up to 80% A career within Data and Analytics services will provide you with the opportunity to help organisations uncover enterprise insights and drive business results using smarter data analytics. We focus on a collection of organisational technology capabilities, including business intelligence, data management, and data assurance that help our clients drive innovation, growth, and…",https://www.adzuna.com/details/5363676236?utm_medium=api&utm_source=a6e23083,N/A,15-1251,Cloud Engineer,[]
Software Security Specialist Sr - AI/GenAI Security Controls,PNC,"Pittsburgh, Allegheny County",142753.34,"Position Overview At PNC, our people are our greatest differentiator and competitive advantage in the markets we serve. We are all united in delivering the best experience for our customers. We work together each day to foster an inclusive workplace culture where all of our employees feel respected, valued and have an opportunity to contribute to the company's success. As a Software Engineer within PNC's Technology organization, you may be based in a remote location. This is a remote position. …",https://www.adzuna.com/details/5363664832?utm_medium=api&utm_source=a6e23083,N/A,15-1251,Cloud Engineer,[]
"Manager, Full-Stack Software Engineer - Fintech & Tax Domain",Deloitte,"Pittsburgh, Allegheny County",185510.9,"Role Overview: As a Manager, Full-stack Software Engineer , you will actively engage in your engineering craft, taking a hands-on approach to multiple high-visibility projects. Your expertise will be pivotal in delivering solutions that delight customers and users, while also driving tangible value for Deloitte's business investments. You will leverage your extensive engineering craftsmanship and advanced proficiency across multiple programming languages and modern frameworks, consistently demo…",https://www.adzuna.com/details/5363583005?utm_medium=api&utm_source=a6e23083,N/A,15-1251,Cloud Engineer,[]
AI Engineering Manager/Solutions Architect - SFL Scientific,Deloitte,"Pittsburgh, Allegheny County",221175.16,"AI Engineering Manager/Solutions Architect - SFL Scientific Our Deloitte Strategy & Transactions team helps guide clients through their most critical moments and transformational initiatives. From strategy to execution, this team delivers integrated, end-to-end support and advisory services covering valuation modeling, cost optimization, restructuring, business design and transformation, infrastructure and real estate, mergers and acquisitions (M&A), and sustainability. Work alongside clients e…",https://www.adzuna.com/details/5363582644?utm_medium=api&utm_source=a6e23083,N/A,15-1251,Cloud Engineer,[]
Product Engineering Architect,Deloitte,"Pittsburgh, Allegheny County",197475.14,"Role Overview: As a Product Architect , you will actively engage in your software architecture craft, taking a hands-on approach to multiple high-visibility projects. Your expertise will be pivotal in delivering solutions that delight customers and users, while also driving tangible value for Deloitte's business investments. You will leverage your extensive engineering craftsmanship and advanced proficiency across multiple programming languages and modern frameworks, consistently demonstrating …",https://www.adzuna.com/details/5363582316?utm_medium=api&utm_source=a6e23083,N/A,15-1251,Cloud Engineer,[]
Senior Azure/Linux Engineer (Fed/ GovCloud),Deloitte,"Pittsburgh, Allegheny County",122233.2,"Are you passionate about technology and interested in joining a community of collaborative colleagues who respectfully and courageously seek to challenge the status quo? If so, read on to learn more about an exciting opportunity with Deloitte Technology. We are curious and life-long learners focused on technology and innovation. Work you will do: The Cloud Engineer is responsible for implementation, management, cloud security and automation of the Azure Government and AWS GovCloud for Deloitte …",https://www.adzuna.com/details/5363581530?utm_medium=api&utm_source=a6e23083,N/A,15-1251,Cloud Engineer,"['azure', 'aws']"
Senior Cloud Engineer (US),Blink Health,"Pittsburgh, Allegheny County",100329.81,"Company Overview: Blink Health is the fastest growing healthcare technology company that builds products to make prescriptions accessible and affordable to everybody. Our two primary products – BlinkRx and Quick Save – remove traditional roadblocks within the current prescription supply chain, resulting in better access to critical medications and improved health outcomes for patients. BlinkRx is the world’s first pharma-to-patient cloud that offers a digital concierge service for patients who …",https://www.adzuna.com/details/5312930300?utm_medium=api&utm_source=a6e23083,N/A,15-1251,Cloud Engineer,[]
Senior Security Engineer (Cloud and Infrastructure Security),Ivalua,"Pittsburgh, Allegheny County",159590.39,"Senior Security Engineer (Pittsburgh - Pennsylvania) Founded in 2000, Ivalua is a leading global provider of cloud-based procurement solutions. COMPANY OVERVIEW At Ivalua we are a global community of exceptional professionals, who believe that digital transformation revolutionizes supply chain sustainability and resiliency to unlock the power of supplier collaboration. We achieve this through our leading cloud-based spend management platform that empowers hundreds of the world's most admired br…",https://www.adzuna.com/details/5165106359?utm_medium=api&utm_source=a6e23083,N/A,15-1251,Cloud Engineer,[]
DevSecOps Engineer,Millennium Corporation,"West Mifflin, Allegheny County",129044.05,"For two decades, Millennium Corporation has been operating on the leading edge of cybersecurity. Our elite team of more than 400 experts has an unparalleled record of performance supporting Red Team Operations, Defensive Cyber Operations, Software Engineering, and Technical Engineering. With the largest contingent of contracted Red Team operators in the DoD, we provide an unmatched level of threat intelligence and battle-tested experience for customers in both the DoD and federal civilian marke…",https://www.adzuna.com/details/5159325305?utm_medium=api&utm_source=a6e23083,N/A,15-1251,Cloud Engineer,[]
Cloud DevOps and Platform Engineer,General Dynamics Mission Systems,"Carson, Allegheny County",114623.74,"Education Requirements: Requires a Bachelor’s degree in Software Engineering, or a related Science, Engineering or Mathematics field. Also requires 2 years of job-related experience or a Master's degree. Agile experience preferred. Clearance Requirements: Ability to obtain a Department of Defense TS/SCI security clearance required within a reasonable time from the point of hire. Applicants selected will be subject to a U.S. Government security investigation and must meet eligibility requirement…",https://www.adzuna.com/details/5066973051?utm_medium=api&utm_source=a6e23083,N/A,15-1251,Cloud Engineer,['agile']
"Grubhub Driver - Pittsburgh, PA - Fast Cash, Flexible Work!",Grubhub,"Allison Park, Allegheny County",59420.38,"Earn big and work on your own time and terms as a Grubhub delivery partner! Grubhub is looking for drivers and bikers like you to hit the road quick and start delivering from restaurants, liquor stores, convenience stores, and more. Looking for a flexible way to earn extra cash? Grubhub is the gig for you. Why deliver with Grubhub? • Earn competitive pay and keep 100% of your tips from completed deliveries • Create your own flexible schedule to work when you want • It's easy to get started, wit…",https://www.adzuna.com/land/ad/5437742574?se=SkfCjX2k8BGGz-i-DD1n5Q&utm_medium=api&utm_source=a6e23083&v=BA31E178E1D7EB5DA6C02E9824DD3A9E9A702E0F,N/A,15-1251,IT,[]
"Grubhub Driver - Pittsburgh, PA - Fast Cash, Flexible Work!",Grubhub,"Pittsburgh, Allegheny County",59066.98,"Earn big and work on your own time and terms as a Grubhub delivery partner! Grubhub is looking for drivers and bikers like you to hit the road quick and start delivering from restaurants, liquor stores, convenience stores, and more. Looking for a flexible way to earn extra cash? Grubhub is the gig for you. Why deliver with Grubhub? • Earn competitive pay and keep 100% of your tips from completed deliveries • Create your own flexible schedule to work when you want • It's easy to get started, wit…",https://www.adzuna.com/land/ad/5437742565?se=SkfCjX2k8BGGz-i-DD1n5Q&utm_medium=api&utm_source=a6e23083&v=D3E2F87544266DCDA149266015664DE0915BE7DF,N/A,15-1251,IT,[]
"Travel Nurse RN - CVOR - $2,475 per week",Cross Country Nurses,"Pittsburgh, Allegheny County",64350.0,"Cross Country Nurses is seeking a travel nurse RN CVOR for a travel nursing job in Pittsburgh, Pennsylvania. Job Description & Requirements Specialty: CVOR Discipline: RN Start Date: 10/27/2025 Duration: 13 weeks 40 hours per week Shift: 10 hours, days Employment Type: Travel Job Description As an operating room open heart nurse (RN OR-OH), you will manage the care of patients before, during, and after open-heart surgery. Working primarily within the operating suite, you will be responsible for…",https://www.adzuna.com/details/5437741050?utm_medium=api&utm_source=a6e23083,N/A,15-1251,IT,[]
CDL-A Team Truck Driver - $2k Weekly,Papa Johns Transportation,"Homewood, Allegheny County",50634.57,"Hiring Team Drivers or Drivers Willing to Match Semi-Local - Home Every Other Night STARTING DAY 1 - YOU'LL RECEIVE MEDICAL, DENTAL, AND VISION INSURANCE! Weekly and annual truck driver pay! CDL Driver Benefits: Top cdl drivers make $2,000 per week Annual truck driver pay up to $100,000 Multiple cdl driver routes and home times $20,000 sign-on bonus per truck driver $5,000 truck driver referral bonus Free college program through several educational partners Tuition reimbursement 401K matching c…",https://www.adzuna.com/land/ad/5437718115?se=SkfCjX2k8BGGz-i-DD1n5Q&utm_medium=api&utm_source=a6e23083&v=DFB18539BCDCB22A5E3C65CACFEBEE0AB3DA828F,N/A,15-1251,IT,[]
CDL-A Team Truck Driver - $2k Weekly,Papa Johns Transportation,"Penn Hills, Allegheny County",75120.27,"Hiring Team Drivers or Drivers Willing to Match Semi-Local - Home Every Other Night STARTING DAY 1 - YOU'LL RECEIVE MEDICAL, DENTAL, AND VISION INSURANCE! Weekly and annual truck driver pay! CDL Driver Benefits: Top cdl drivers make $2,000 per week Annual truck driver pay up to $100,000 Multiple cdl driver routes and home times $20,000 sign-on bonus per truck driver $5,000 truck driver referral bonus Free college program through several educational partners Tuition reimbursement 401K matching c…",https://www.adzuna.com/land/ad/5437717836?se=SkfCjX2k8BGGz-i-DD1n5Q&utm_medium=api&utm_source=a6e23083&v=583729D8BA136FC577CDEE70D6F6C429FD4B7BE9,N/A,15-1251,IT,[]
CDL-A Team Truck Driver - $2k Weekly,Papa Johns Transportation,"Bethel Park, Allegheny County",86901.95,"Hiring Team Drivers or Drivers Willing to Match Semi-Local - Home Every Other Night STARTING DAY 1 - YOU'LL RECEIVE MEDICAL, DENTAL, AND VISION INSURANCE! Weekly and annual truck driver pay! CDL Driver Benefits: Top cdl drivers make $2,000 per week Annual truck driver pay up to $100,000 Multiple cdl driver routes and home times $20,000 sign-on bonus per truck driver $5,000 truck driver referral bonus Free college program through several educational partners Tuition reimbursement 401K matching c…",https://www.adzuna.com/land/ad/5437717805?se=SkfCjX2k8BGGz-i-DD1n5Q&utm_medium=api&utm_source=a6e23083&v=6E6161B931C43BE4978D1818B11783406848F256,N/A,15-1251,IT,[]
CDL-A Team Truck Driver - $2k Weekly,Papa Johns Transportation,"Turtle Creek, Allegheny County",80238.9,"Hiring Team Drivers or Drivers Willing to Match Semi-Local - Home Every Other Night STARTING DAY 1 - YOU'LL RECEIVE MEDICAL, DENTAL, AND VISION INSURANCE! Weekly and annual truck driver pay! CDL Driver Benefits: Top cdl drivers make $2,000 per week Annual truck driver pay up to $100,000 Multiple cdl driver routes and home times $20,000 sign-on bonus per truck driver $5,000 truck driver referral bonus Free college program through several educational partners Tuition reimbursement 401K matching c…",https://www.adzuna.com/land/ad/5437717905?se=SkfCjX2k8BGGz-i-DD1n5Q&utm_medium=api&utm_source=a6e23083&v=9CC2680FE69946606039A4C4F336FAFFB18196A6,N/A,15-1251,IT,[]
CDL-A Team Truck Driver - $2k Weekly,Papa Johns Transportation,"Dravosburg, Allegheny County",78278.2,"Hiring Team Drivers or Drivers Willing to Match Semi-Local - Home Every Other Night STARTING DAY 1 - YOU'LL RECEIVE MEDICAL, DENTAL, AND VISION INSURANCE! Weekly and annual truck driver pay! CDL Driver Benefits: Top cdl drivers make $2,000 per week Annual truck driver pay up to $100,000 Multiple cdl driver routes and home times $20,000 sign-on bonus per truck driver $5,000 truck driver referral bonus Free college program through several educational partners Tuition reimbursement 401K matching c…",https://www.adzuna.com/land/ad/5437717910?se=SkfCjX2k8BGGz-i-DD1n5Q&utm_medium=api&utm_source=a6e23083&v=F5C27D7F0EFDBD9C96D73DD1F6100E0FFBD81EEF,N/A,15-1251,IT,[]
CDL-A Team Truck Driver - $2k Weekly,Papa Johns Transportation,"Oakmont, Allegheny County",95805.16,"Hiring Team Drivers or Drivers Willing to Match Semi-Local - Home Every Other Night STARTING DAY 1 - YOU'LL RECEIVE MEDICAL, DENTAL, AND VISION INSURANCE! Weekly and annual truck driver pay! CDL Driver Benefits: Top cdl drivers make $2,000 per week Annual truck driver pay up to $100,000 Multiple cdl driver routes and home times $20,000 sign-on bonus per truck driver $5,000 truck driver referral bonus Free college program through several educational partners Tuition reimbursement 401K matching c…",https://www.adzuna.com/land/ad/5437717919?se=SkfCjX2k8BGGz-i-DD1n5Q&utm_medium=api&utm_source=a6e23083&v=B7171411391BA785A8FD3B208321DF0484EBB395,N/A,15-1251,IT,[]
CDL-A Team Truck Driver - $2k Weekly,Papa Johns Transportation,"Duquesne, Allegheny County",75875.34,"Hiring Team Drivers or Drivers Willing to Match Semi-Local - Home Every Other Night STARTING DAY 1 - YOU'LL RECEIVE MEDICAL, DENTAL, AND VISION INSURANCE! Weekly and annual truck driver pay! CDL Driver Benefits: Top cdl drivers make $2,000 per week Annual truck driver pay up to $100,000 Multiple cdl driver routes and home times $20,000 sign-on bonus per truck driver $5,000 truck driver referral bonus Free college program through several educational partners Tuition reimbursement 401K matching c…",https://www.adzuna.com/land/ad/5437717780?se=SkfCjX2k8BGGz-i-DD1n5Q&utm_medium=api&utm_source=a6e23083&v=7E53F841A73D6144E80B5EBA1D99F5A6DEACED8C,N/A,15-1251,IT,[]
CDL-A Team Truck Driver - $2k Weekly,Papa Johns Transportation,"West Mifflin, Allegheny County",94024.54,"Hiring Team Drivers or Drivers Willing to Match Semi-Local - Home Every Other Night STARTING DAY 1 - YOU'LL RECEIVE MEDICAL, DENTAL, AND VISION INSURANCE! Weekly and annual truck driver pay! CDL Driver Benefits: Top cdl drivers make $2,000 per week Annual truck driver pay up to $100,000 Multiple cdl driver routes and home times $20,000 sign-on bonus per truck driver $5,000 truck driver referral bonus Free college program through several educational partners Tuition reimbursement 401K matching c…",https://www.adzuna.com/land/ad/5437717705?se=SkfCjX2k8BGGz-i-DD1n5Q&utm_medium=api&utm_source=a6e23083&v=8FDED0CBC9EFA876C7D62F77CDA08BB98A14F90C,N/A,15-1251,IT,[]
CDL-A Team Truck Driver - $2k Weekly,Papa Johns Transportation,"Glassport, Allegheny County",74082.91,"Hiring Team Drivers or Drivers Willing to Match Semi-Local - Home Every Other Night STARTING DAY 1 - YOU'LL RECEIVE MEDICAL, DENTAL, AND VISION INSURANCE! Weekly and annual truck driver pay! CDL Driver Benefits: Top cdl drivers make $2,000 per week Annual truck driver pay up to $100,000 Multiple cdl driver routes and home times $20,000 sign-on bonus per truck driver $5,000 truck driver referral bonus Free college program through several educational partners Tuition reimbursement 401K matching c…",https://www.adzuna.com/land/ad/5437717799?se=SkfCjX2k8BGGz-i-DD1n5Q&utm_medium=api&utm_source=a6e23083&v=EE2E77E4654FAA4C5845DEAAF88C81743DA28120,N/A,15-1251,IT,[]
CDL-A Team Truck Driver - $2k Weekly,Papa Johns Transportation,"Glenshaw, Allegheny County",104077.37,"Hiring Team Drivers or Drivers Willing to Match Semi-Local - Home Every Other Night STARTING DAY 1 - YOU'LL RECEIVE MEDICAL, DENTAL, AND VISION INSURANCE! Weekly and annual truck driver pay! CDL Driver Benefits: Top cdl drivers make $2,000 per week Annual truck driver pay up to $100,000 Multiple cdl driver routes and home times $20,000 sign-on bonus per truck driver $5,000 truck driver referral bonus Free college program through several educational partners Tuition reimbursement 401K matching c…",https://www.adzuna.com/land/ad/5437717735?se=SkfCjX2k8BGGz-i-DD1n5Q&utm_medium=api&utm_source=a6e23083&v=9846BD252A7B615C5A0FAF75770759F794E89D4A,N/A,15-1251,IT,[]
CDL-A Team Truck Driver - $2k Weekly,Papa Johns Transportation,"Collier, Allegheny County",85038.45,"Hiring Team Drivers or Drivers Willing to Match Semi-Local - Home Every Other Night STARTING DAY 1 - YOU'LL RECEIVE MEDICAL, DENTAL, AND VISION INSURANCE! Weekly and annual truck driver pay! CDL Driver Benefits: Top cdl drivers make $2,000 per week Annual truck driver pay up to $100,000 Multiple cdl driver routes and home times $20,000 sign-on bonus per truck driver $5,000 truck driver referral bonus Free college program through several educational partners Tuition reimbursement 401K matching c…",https://www.adzuna.com/land/ad/5437717716?se=SkfCjX2k8BGGz-i-DD1n5Q&utm_medium=api&utm_source=a6e23083&v=0834426BEB9C7D22ACF13AA363E045048F69F8B4,N/A,15-1251,IT,[]
CDL-A Team Truck Driver - $2k Weekly,Papa Johns Transportation,"Munhall, Allegheny County",84702.95,"Hiring Team Drivers or Drivers Willing to Match Semi-Local - Home Every Other Night STARTING DAY 1 - YOU'LL RECEIVE MEDICAL, DENTAL, AND VISION INSURANCE! Weekly and annual truck driver pay! CDL Driver Benefits: Top cdl drivers make $2,000 per week Annual truck driver pay up to $100,000 Multiple cdl driver routes and home times $20,000 sign-on bonus per truck driver $5,000 truck driver referral bonus Free college program through several educational partners Tuition reimbursement 401K matching c…",https://www.adzuna.com/land/ad/5437717706?se=SkfCjX2k8BGGz-i-DD1n5Q&utm_medium=api&utm_source=a6e23083&v=C8C830AB4B04441DAD9285A624E70BF61E47F289,N/A,15-1251,IT,[]
CDL-A Team Truck Driver - $2k Weekly,Papa Johns Transportation,"Braddock, Allegheny County",78609.16,"Hiring Team Drivers or Drivers Willing to Match Semi-Local - Home Every Other Night STARTING DAY 1 - YOU'LL RECEIVE MEDICAL, DENTAL, AND VISION INSURANCE! Weekly and annual truck driver pay! CDL Driver Benefits: Top cdl drivers make $2,000 per week Annual truck driver pay up to $100,000 Multiple cdl driver routes and home times $20,000 sign-on bonus per truck driver $5,000 truck driver referral bonus Free college program through several educational partners Tuition reimbursement 401K matching c…",https://www.adzuna.com/land/ad/5437717718?se=SkfCjX2k8BGGz-i-DD1n5Q&utm_medium=api&utm_source=a6e23083&v=654B40BDBB6137E5269DADB089EE8A4929014488,N/A,15-1251,IT,[]
CDL-A Team Truck Driver - $2k Weekly,Papa Johns Transportation,"East Pittsburgh, Allegheny County",98314.98,"Hiring Team Drivers or Drivers Willing to Match Semi-Local - Home Every Other Night STARTING DAY 1 - YOU'LL RECEIVE MEDICAL, DENTAL, AND VISION INSURANCE! Weekly and annual truck driver pay! CDL Driver Benefits: Top cdl drivers make $2,000 per week Annual truck driver pay up to $100,000 Multiple cdl driver routes and home times $20,000 sign-on bonus per truck driver $5,000 truck driver referral bonus Free college program through several educational partners Tuition reimbursement 401K matching c…",https://www.adzuna.com/land/ad/5437717792?se=SkfCjX2k8BGGz-i-DD1n5Q&utm_medium=api&utm_source=a6e23083&v=EDDD33B468398BC57D7EB4A23721D72441210F1A,N/A,15-1251,IT,[]
CDL-A Team Truck Driver - $2k Weekly,Papa Johns Transportation,"Allison Park, Allegheny County",78368.51,"Hiring Team Drivers or Drivers Willing to Match Semi-Local - Home Every Other Night STARTING DAY 1 - YOU'LL RECEIVE MEDICAL, DENTAL, AND VISION INSURANCE! Weekly and annual truck driver pay! CDL Driver Benefits: Top cdl drivers make $2,000 per week Annual truck driver pay up to $100,000 Multiple cdl driver routes and home times $20,000 sign-on bonus per truck driver $5,000 truck driver referral bonus Free college program through several educational partners Tuition reimbursement 401K matching c…",https://www.adzuna.com/land/ad/5437717702?se=SkfCjX2k8BGGz-i-DD1n5Q&utm_medium=api&utm_source=a6e23083&v=1281A6AB71D1E98DD5F2CA05417AD59AE93B6D91,N/A,15-1251,IT,[]
CDL-A Team Truck Driver - $2k Weekly,Papa Johns Transportation,"Bridgeville, Allegheny County",86033.95,"Hiring Team Drivers or Drivers Willing to Match Semi-Local - Home Every Other Night STARTING DAY 1 - YOU'LL RECEIVE MEDICAL, DENTAL, AND VISION INSURANCE! Weekly and annual truck driver pay! CDL Driver Benefits: Top cdl drivers make $2,000 per week Annual truck driver pay up to $100,000 Multiple cdl driver routes and home times $20,000 sign-on bonus per truck driver $5,000 truck driver referral bonus Free college program through several educational partners Tuition reimbursement 401K matching c…",https://www.adzuna.com/land/ad/5437717668?se=SkfCjX2k8BGGz-i-DD1n5Q&utm_medium=api&utm_source=a6e23083&v=4B32B750379B87CDAEE1736B1BFA6ACBAF7F7701,N/A,15-1251,IT,[]
Regional Truck Driver - Up to $100k Yearly,Papa Johns Transportation,"Homewood, Allegheny County",55300.64,"Hiring Team Drivers or Drivers Willing to Match Semi-Local - Home Every Other Night STARTING DAY 1 - YOU'LL RECEIVE MEDICAL, DENTAL, AND VISION INSURANCE! Weekly and annual truck driver pay! CDL Driver Benefits: Top cdl drivers make $2,000 per week Annual truck driver pay up to $100,000 Multiple cdl driver routes and home times $20,000 sign-on bonus per truck driver $5,000 truck driver referral bonus Free college program through several educational partners Tuition reimbursement 401K matching c…",https://www.adzuna.com/land/ad/5437717612?se=SkfCjX2k8BGGz-i-DD1n5Q&utm_medium=api&utm_source=a6e23083&v=2EEEB4FA17A510A6E75BF0B654EE9FC2A961F5A5,N/A,15-1251,IT,[]
Regional Truck Driver - Up to $100k Yearly,Papa Johns Transportation,"Dravosburg, Allegheny County",85491.53,"Hiring Team Drivers or Drivers Willing to Match Semi-Local - Home Every Other Night STARTING DAY 1 - YOU'LL RECEIVE MEDICAL, DENTAL, AND VISION INSURANCE! Weekly and annual truck driver pay! CDL Driver Benefits: Top cdl drivers make $2,000 per week Annual truck driver pay up to $100,000 Multiple cdl driver routes and home times $20,000 sign-on bonus per truck driver $5,000 truck driver referral bonus Free college program through several educational partners Tuition reimbursement 401K matching c…",https://www.adzuna.com/land/ad/5437717560?se=SkfCjX2k8BGGz-i-DD1n5Q&utm_medium=api&utm_source=a6e23083&v=A340FD7B5A3ECE1746FB76D5FB08362FFA5D7910,N/A,15-1251,IT,[]
Regional Truck Driver - Up to $100k Yearly,Papa Johns Transportation,"Oakmont, Allegheny County",104633.69,"Hiring Team Drivers or Drivers Willing to Match Semi-Local - Home Every Other Night STARTING DAY 1 - YOU'LL RECEIVE MEDICAL, DENTAL, AND VISION INSURANCE! Weekly and annual truck driver pay! CDL Driver Benefits: Top cdl drivers make $2,000 per week Annual truck driver pay up to $100,000 Multiple cdl driver routes and home times $20,000 sign-on bonus per truck driver $5,000 truck driver referral bonus Free college program through several educational partners Tuition reimbursement 401K matching c…",https://www.adzuna.com/land/ad/5437717406?se=SkfCjX2k8BGGz-i-DD1n5Q&utm_medium=api&utm_source=a6e23083&v=2A04CBBE8A21C416374CCA943D4759C1C9D91F63,N/A,15-1251,IT,[]
Regional Truck Driver - Up to $100k Yearly,Papa Johns Transportation,"Turtle Creek, Allegheny County",87632.98,"Hiring Team Drivers or Drivers Willing to Match Semi-Local - Home Every Other Night STARTING DAY 1 - YOU'LL RECEIVE MEDICAL, DENTAL, AND VISION INSURANCE! Weekly and annual truck driver pay! CDL Driver Benefits: Top cdl drivers make $2,000 per week Annual truck driver pay up to $100,000 Multiple cdl driver routes and home times $20,000 sign-on bonus per truck driver $5,000 truck driver referral bonus Free college program through several educational partners Tuition reimbursement 401K matching c…",https://www.adzuna.com/land/ad/5437717404?se=SkfCjX2k8BGGz-i-DD1n5Q&utm_medium=api&utm_source=a6e23083&v=2AC78AAD343F07C05D988BCC0DA94324CE4CB0AE,N/A,15-1251,IT,[]
Regional Truck Driver - Up to $100k Yearly,Papa Johns Transportation,"Allison Park, Allegheny County",85590.23,"Hiring Team Drivers or Drivers Willing to Match Semi-Local - Home Every Other Night STARTING DAY 1 - YOU'LL RECEIVE MEDICAL, DENTAL, AND VISION INSURANCE! Weekly and annual truck driver pay! CDL Driver Benefits: Top cdl drivers make $2,000 per week Annual truck driver pay up to $100,000 Multiple cdl driver routes and home times $20,000 sign-on bonus per truck driver $5,000 truck driver referral bonus Free college program through several educational partners Tuition reimbursement 401K matching c…",https://www.adzuna.com/land/ad/5437717314?se=SkfCjX2k8BGGz-i-DD1n5Q&utm_medium=api&utm_source=a6e23083&v=2D8661ACA2E1A3A17086489FD76A2A098321B1D0,N/A,15-1251,IT,[]
Regional Truck Driver - Up to $100k Yearly,Papa Johns Transportation,"Penn Hills, Allegheny County",82042.59,"Hiring Team Drivers or Drivers Willing to Match Semi-Local - Home Every Other Night STARTING DAY 1 - YOU'LL RECEIVE MEDICAL, DENTAL, AND VISION INSURANCE! Weekly and annual truck driver pay! CDL Driver Benefits: Top cdl drivers make $2,000 per week Annual truck driver pay up to $100,000 Multiple cdl driver routes and home times $20,000 sign-on bonus per truck driver $5,000 truck driver referral bonus Free college program through several educational partners Tuition reimbursement 401K matching c…",https://www.adzuna.com/land/ad/5437717330?se=SkfCjX2k8BGGz-i-DD1n5Q&utm_medium=api&utm_source=a6e23083&v=45084729F40901849D2494F5A925229876BE2804,N/A,15-1251,IT,[]
Regional Truck Driver - Up to $100k Yearly,Papa Johns Transportation,"East Pittsburgh, Allegheny County",107374.79,"Hiring Team Drivers or Drivers Willing to Match Semi-Local - Home Every Other Night STARTING DAY 1 - YOU'LL RECEIVE MEDICAL, DENTAL, AND VISION INSURANCE! Weekly and annual truck driver pay! CDL Driver Benefits: Top cdl drivers make $2,000 per week Annual truck driver pay up to $100,000 Multiple cdl driver routes and home times $20,000 sign-on bonus per truck driver $5,000 truck driver referral bonus Free college program through several educational partners Tuition reimbursement 401K matching c…",https://www.adzuna.com/land/ad/5437717335?se=SkfCjX2k8BGGz-i-DD1n5Q&utm_medium=api&utm_source=a6e23083&v=C872516F7F5FD700C76CD1E65B5CBBE5C8ABD3DD,N/A,15-1251,IT,[]
Regional Truck Driver - Up to $100k Yearly,Papa Johns Transportation,"Munhall, Allegheny County",92508.41,"Hiring Team Drivers or Drivers Willing to Match Semi-Local - Home Every Other Night STARTING DAY 1 - YOU'LL RECEIVE MEDICAL, DENTAL, AND VISION INSURANCE! Weekly and annual truck driver pay! CDL Driver Benefits: Top cdl drivers make $2,000 per week Annual truck driver pay up to $100,000 Multiple cdl driver routes and home times $20,000 sign-on bonus per truck driver $5,000 truck driver referral bonus Free college program through several educational partners Tuition reimbursement 401K matching c…",https://www.adzuna.com/land/ad/5437717324?se=SkfCjX2k8BGGz-i-DD1n5Q&utm_medium=api&utm_source=a6e23083&v=022118D8741E347EB7F7B859E0DB61E4F7E8143F,N/A,15-1251,IT,[]
Regional Truck Driver - Up to $100k Yearly,Papa Johns Transportation,"Braddock, Allegheny County",85853.06,"Hiring Team Drivers or Drivers Willing to Match Semi-Local - Home Every Other Night STARTING DAY 1 - YOU'LL RECEIVE MEDICAL, DENTAL, AND VISION INSURANCE! Weekly and annual truck driver pay! CDL Driver Benefits: Top cdl drivers make $2,000 per week Annual truck driver pay up to $100,000 Multiple cdl driver routes and home times $20,000 sign-on bonus per truck driver $5,000 truck driver referral bonus Free college program through several educational partners Tuition reimbursement 401K matching c…",https://www.adzuna.com/land/ad/5437717230?se=SkfCjX2k8BGGz-i-DD1n5Q&utm_medium=api&utm_source=a6e23083&v=BD81911C51BCD76B01562ED1FCA7B7D4C2F45626,N/A,15-1251,IT,[]
Regional Truck Driver - Up to $100k Yearly,Papa Johns Transportation,"Duquesne, Allegheny County",82867.39,"Hiring Team Drivers or Drivers Willing to Match Semi-Local - Home Every Other Night STARTING DAY 1 - YOU'LL RECEIVE MEDICAL, DENTAL, AND VISION INSURANCE! Weekly and annual truck driver pay! CDL Driver Benefits: Top cdl drivers make $2,000 per week Annual truck driver pay up to $100,000 Multiple cdl driver routes and home times $20,000 sign-on bonus per truck driver $5,000 truck driver referral bonus Free college program through several educational partners Tuition reimbursement 401K matching c…",https://www.adzuna.com/land/ad/5437717276?se=SkfCjX2k8BGGz-i-DD1n5Q&utm_medium=api&utm_source=a6e23083&v=3C99569A707B209F5F7F71A46A209E4F93639388,N/A,15-1251,IT,[]
Regional Truck Driver - Up to $100k Yearly,Papa Johns Transportation,"Collier, Allegheny County",92874.73,"Hiring Team Drivers or Drivers Willing to Match Semi-Local - Home Every Other Night STARTING DAY 1 - YOU'LL RECEIVE MEDICAL, DENTAL, AND VISION INSURANCE! Weekly and annual truck driver pay! CDL Driver Benefits: Top cdl drivers make $2,000 per week Annual truck driver pay up to $100,000 Multiple cdl driver routes and home times $20,000 sign-on bonus per truck driver $5,000 truck driver referral bonus Free college program through several educational partners Tuition reimbursement 401K matching c…",https://www.adzuna.com/land/ad/5437717327?se=SkfCjX2k8BGGz-i-DD1n5Q&utm_medium=api&utm_source=a6e23083&v=07BABAEC0F0DE7A28688E049FC7B0C1B239EBFD3,N/A,15-1251,IT,[]
Regional Truck Driver - Up to $100k Yearly,Papa Johns Transportation,"Glassport, Allegheny County",80909.8,"Hiring Team Drivers or Drivers Willing to Match Semi-Local - Home Every Other Night STARTING DAY 1 - YOU'LL RECEIVE MEDICAL, DENTAL, AND VISION INSURANCE! Weekly and annual truck driver pay! CDL Driver Benefits: Top cdl drivers make $2,000 per week Annual truck driver pay up to $100,000 Multiple cdl driver routes and home times $20,000 sign-on bonus per truck driver $5,000 truck driver referral bonus Free college program through several educational partners Tuition reimbursement 401K matching c…",https://www.adzuna.com/land/ad/5437717300?se=SkfCjX2k8BGGz-i-DD1n5Q&utm_medium=api&utm_source=a6e23083&v=2CEA14260305F51E1AAB29204B16543EB0A1BEBA,N/A,15-1251,IT,[]
Regional Truck Driver - Up to $100k Yearly,Papa Johns Transportation,"Arsenal, Allegheny County",99020.51,"Hiring Team Drivers or Drivers Willing to Match Semi-Local - Home Every Other Night STARTING DAY 1 - YOU'LL RECEIVE MEDICAL, DENTAL, AND VISION INSURANCE! Weekly and annual truck driver pay! CDL Driver Benefits: Top cdl drivers make $2,000 per week Annual truck driver pay up to $100,000 Multiple cdl driver routes and home times $20,000 sign-on bonus per truck driver $5,000 truck driver referral bonus Free college program through several educational partners Tuition reimbursement 401K matching c…",https://www.adzuna.com/land/ad/5437717170?se=SkfCjX2k8BGGz-i-DD1n5Q&utm_medium=api&utm_source=a6e23083&v=4233CBA580AE08D5BCF33FA47F452667DE7D39E7,N/A,15-1251,IT,[]
Regional Truck Driver - Up to $100k Yearly,Papa Johns Transportation,"Glenshaw, Allegheny County",113668.2,"Hiring Team Drivers or Drivers Willing to Match Semi-Local - Home Every Other Night STARTING DAY 1 - YOU'LL RECEIVE MEDICAL, DENTAL, AND VISION INSURANCE! Weekly and annual truck driver pay! CDL Driver Benefits: Top cdl drivers make $2,000 per week Annual truck driver pay up to $100,000 Multiple cdl driver routes and home times $20,000 sign-on bonus per truck driver $5,000 truck driver referral bonus Free college program through several educational partners Tuition reimbursement 401K matching c…",https://www.adzuna.com/land/ad/5437717214?se=SkfCjX2k8BGGz-i-DD1n5Q&utm_medium=api&utm_source=a6e23083&v=C402129CB0884A20EC19BF3274C3A83767390C79,N/A,15-1251,IT,[]
Regional Truck Driver - Up to $100k Yearly,Papa Johns Transportation,"McKees Rocks, Allegheny County",82263.93,"Hiring Team Drivers or Drivers Willing to Match Semi-Local - Home Every Other Night STARTING DAY 1 - YOU'LL RECEIVE MEDICAL, DENTAL, AND VISION INSURANCE! Weekly and annual truck driver pay! CDL Driver Benefits: Top cdl drivers make $2,000 per week Annual truck driver pay up to $100,000 Multiple cdl driver routes and home times $20,000 sign-on bonus per truck driver $5,000 truck driver referral bonus Free college program through several educational partners Tuition reimbursement 401K matching c…",https://www.adzuna.com/land/ad/5437717158?se=SkfCjX2k8BGGz-i-DD1n5Q&utm_medium=api&utm_source=a6e23083&v=7680C5F553913450CC0EF41B4812D746EE2BE9E1,N/A,15-1251,IT,[]
Regional Truck Driver - Up to $100k Yearly,Papa Johns Transportation,"Bridgeville, Allegheny County",93961.8,"Hiring Team Drivers or Drivers Willing to Match Semi-Local - Home Every Other Night STARTING DAY 1 - YOU'LL RECEIVE MEDICAL, DENTAL, AND VISION INSURANCE! Weekly and annual truck driver pay! CDL Driver Benefits: Top cdl drivers make $2,000 per week Annual truck driver pay up to $100,000 Multiple cdl driver routes and home times $20,000 sign-on bonus per truck driver $5,000 truck driver referral bonus Free college program through several educational partners Tuition reimbursement 401K matching c…",https://www.adzuna.com/land/ad/5437717206?se=SkfCjX2k8BGGz-i-DD1n5Q&utm_medium=api&utm_source=a6e23083&v=DC53C7DDFA87B7E002B8FD97099E666EF3A169F1,N/A,15-1251,IT,[]
CDL-A Team Truck Driver - $2k Weekly,Papa Johns Transportation,"Arsenal, Allegheny County",90665.59,"Hiring Team Drivers or Drivers Willing to Match Semi-Local - Home Every Other Night STARTING DAY 1 - YOU'LL RECEIVE MEDICAL, DENTAL, AND VISION INSURANCE! Weekly and annual truck driver pay! CDL Driver Benefits: Top cdl drivers make $2,000 per week Annual truck driver pay up to $100,000 Multiple cdl driver routes and home times $20,000 sign-on bonus per truck driver $5,000 truck driver referral bonus Free college program through several educational partners Tuition reimbursement 401K matching c…",https://www.adzuna.com/land/ad/5437717166?se=SkfCjX2k8BGGz-i-DD1n5Q&utm_medium=api&utm_source=a6e23083&v=5288E5222DD2C187EBF92AA217DB767790E65958,N/A,15-1251,IT,[]
Team Leader,Maximus,"Oakland, Allegheny County",45196.15,"Description & Requirements Be part of something great Maximus is a global organisation that specialises in providing health and employment services to millions of people every year. Here in the UK we employ around 5,000 people across the country to deliver services that have a profound impact on people's lives. From assessments and health services to employability programmes and specialist support, we do work that matters with people who care. This is a home based position. Candidates must be l…",https://www.adzuna.com/details/5437713946?utm_medium=api&utm_source=a6e23083,N/A,15-1251,IT,[]
Deliver with Gopuff,Gopuff Careers,"Bethel Park, Allegheny County",57347.71,"Do more than make ends meet. Deliver with Gopuff and get paid to deliver what your neighbors need from a Gopuff facility near you! With one centralized pickup location and smaller delivery zones, Gopuff makes earning effortless. It's simple: deliver from a facility near you straight to the customer! You’ll be delivering everyday essentials, from cleaning supplies, home needs and OTC medications to food, drinks and more. Sign up to be a Gopuff Delivery Partner today and experience the easiest wa…",https://www.adzuna.com/land/ad/5437710460?se=SkfCjX2k8BGGz-i-DD1n5Q&utm_medium=api&utm_source=a6e23083&v=EDF5328110531BD8EDE53FD6F0AEB2EA9535A6F0,N/A,15-1251,IT,[]
Drive with Gopuff - Choose when you work,Gopuff Careers,"Pittsburgh, Allegheny County",50035.88,"Do more than make ends meet. Deliver with Gopuff and get paid to deliver what your neighbors need from a Gopuff facility near you! With one centralized pickup location and smaller delivery zones, Gopuff makes earning effortless. It's simple: deliver from a facility near you straight to the customer! You’ll be delivering everyday essentials, from cleaning supplies, home needs and OTC medications to food, drinks and more. Sign up to be a Gopuff Delivery Partner today and experience the easiest wa…",https://www.adzuna.com/land/ad/5437710449?se=SkfCjX2k8BGGz-i-DD1n5Q&utm_medium=api&utm_source=a6e23083&v=218C09C9C6AD3B9A901343AF13F6C877774A0009,N/A,15-1251,IT,[]
Make Your Own Schedule - Deliver With Gopuff,Gopuff Careers,"Bethel Park, Allegheny County",56317.83,"Do more than make ends meet. Deliver with Gopuff and get paid to deliver what your neighbors need from a Gopuff facility near you! With one centralized pickup location and smaller delivery zones, Gopuff makes earning effortless. It's simple: deliver from a facility near you straight to the customer! You’ll be delivering everyday essentials, from cleaning supplies, home needs and OTC medications to food, drinks and more. Sign up to be a Gopuff Delivery Partner today and experience the easiest wa…",https://www.adzuna.com/land/ad/5437710447?se=SkfCjX2k8BGGz-i-DD1n5Q&utm_medium=api&utm_source=a6e23083&v=875FE60F86DB4F25B218062241AC5B2C352FDD1E,N/A,15-1251,IT,[]
Gopuff Delivery Driver Partner,Gopuff Careers,"Bethel Park, Allegheny County",63814.03,"Do more than make ends meet. Deliver with Gopuff and get paid to deliver what your neighbors need from a Gopuff facility near you! With one centralized pickup location and smaller delivery zones, Gopuff makes earning effortless. It's simple: deliver from a facility near you straight to the customer! You’ll be delivering everyday essentials, from cleaning supplies, home needs and OTC medications to food, drinks and more. Sign up to be a Gopuff Delivery Partner today and experience the easiest wa…",https://www.adzuna.com/land/ad/5437710429?se=SkfCjX2k8BGGz-i-DD1n5Q&utm_medium=api&utm_source=a6e23083&v=06A7F361D516B564AE0C41A213301FC69C06F5E7,N/A,15-1251,IT,[]
Gopuff Delivery Gigs,Gopuff Careers,"West Mifflin, Allegheny County",77646.67,"Do more than make ends meet. Deliver with Gopuff and get paid to deliver what your neighbors need from a Gopuff facility near you! With one centralized pickup location and smaller delivery zones, Gopuff makes earning effortless. It's simple: deliver from a facility near you straight to the customer! You’ll be delivering everyday essentials, from cleaning supplies, home needs and OTC medications to food, drinks and more. Sign up to be a Gopuff Delivery Partner today and experience the easiest wa…",https://www.adzuna.com/land/ad/5437710373?se=SkfCjX2k8BGGz-i-DD1n5Q&utm_medium=api&utm_source=a6e23083&v=6A6C9A769F1525C00DC11626B95E83388AEB3FAD,N/A,15-1251,IT,[]
Gopuff Delivery Gigs,Gopuff Careers,"Bethel Park, Allegheny County",72599.88,"Do more than make ends meet. Deliver with Gopuff and get paid to deliver what your neighbors need from a Gopuff facility near you! With one centralized pickup location and smaller delivery zones, Gopuff makes earning effortless. It's simple: deliver from a facility near you straight to the customer! You’ll be delivering everyday essentials, from cleaning supplies, home needs and OTC medications to food, drinks and more. Sign up to be a Gopuff Delivery Partner today and experience the easiest wa…",https://www.adzuna.com/land/ad/5437710350?se=SkfCjX2k8BGGz-i-DD1n5Q&utm_medium=api&utm_source=a6e23083&v=813736484D450C22A5BB0A272C40A1617F251270,N/A,15-1251,IT,[]
Earn Money Delivering With Gopuff,Gopuff Careers,"Bethel Park, Allegheny County",56896.06,"Do more than make ends meet. Deliver with Gopuff and get paid to deliver what your neighbors need from a Gopuff facility near you! With one centralized pickup location and smaller delivery zones, Gopuff makes earning effortless. It's simple: deliver from a facility near you straight to the customer! You’ll be delivering everyday essentials, from cleaning supplies, home needs and OTC medications to food, drinks and more. Sign up to be a Gopuff Delivery Partner today and experience the easiest wa…",https://www.adzuna.com/land/ad/5437710355?se=SkfCjX2k8BGGz-i-DD1n5Q&utm_medium=api&utm_source=a6e23083&v=94409413FABA5C9F9D67B55B1447BAC1926F43A5,N/A,15-1251,IT,[]
Earn Extra Cash as a Local Delivery Driver,Gopuff Careers,"Pittsburgh, Allegheny County",62305.29,"Do more than make ends meet. Deliver with Gopuff and get paid to deliver what your neighbors need from a Gopuff facility near you! With one centralized pickup location and smaller delivery zones, Gopuff makes earning effortless. It's simple: deliver from a facility near you straight to the customer! You’ll be delivering everyday essentials, from cleaning supplies, home needs and OTC medications to food, drinks and more. Sign up to be a Gopuff Delivery Partner today and experience the easiest wa…",https://www.adzuna.com/land/ad/5437709976?se=SkfCjX2k8BGGz-i-DD1n5Q&utm_medium=api&utm_source=a6e23083&v=0F5B544AF58B5C761B0C66A375D772861EC17B1B,N/A,15-1251,IT,[]
Gopuff Delivery Driver Gigs,Gopuff Careers,"Bethel Park, Allegheny County",72820.87,"Do more than make ends meet. Deliver with Gopuff and get paid to deliver what your neighbors need from a Gopuff facility near you! With one centralized pickup location and smaller delivery zones, Gopuff makes earning effortless. It's simple: deliver from a facility near you straight to the customer! You’ll be delivering everyday essentials, from cleaning supplies, home needs and OTC medications to food, drinks and more. Sign up to be a Gopuff Delivery Partner today and experience the easiest wa…",https://www.adzuna.com/land/ad/5437709982?se=SkfCjX2k8BGGz-i-DD1n5Q&utm_medium=api&utm_source=a6e23083&v=3AF7431D9A7EEA163C1184E96702E32BA88D2105,N/A,15-1251,IT,[]
Gopuff Delivery Driver Gigs,Gopuff Careers,"West Mifflin, Allegheny County",77883.1,"Do more than make ends meet. Deliver with Gopuff and get paid to deliver what your neighbors need from a Gopuff facility near you! With one centralized pickup location and smaller delivery zones, Gopuff makes earning effortless. It's simple: deliver from a facility near you straight to the customer! You’ll be delivering everyday essentials, from cleaning supplies, home needs and OTC medications to food, drinks and more. Sign up to be a Gopuff Delivery Partner today and experience the easiest wa…",https://www.adzuna.com/land/ad/5437709953?se=SkfCjX2k8BGGz-i-DD1n5Q&utm_medium=api&utm_source=a6e23083&v=7CAB90B2BED0FD17A386207614A519C86E0E306E,N/A,15-1251,IT,[]
"Gopuff Delivery Driver Partner - No Riders, No Restaurants",Gopuff Careers,"West Mifflin, Allegheny County",41791.51,"Do more than make ends meet. Deliver with Gopuff and get paid to deliver what your neighbors need from a Gopuff facility near you! With one centralized pickup location and smaller delivery zones, Gopuff makes earning effortless. It's simple: deliver from a facility near you straight to the customer! You’ll be delivering everyday essentials, from cleaning supplies, home needs and OTC medications to food, drinks and more. Sign up to be a Gopuff Delivery Partner today and experience the easiest wa…",https://www.adzuna.com/land/ad/5437709959?se=SkfCjX2k8BGGz-i-DD1n5Q&utm_medium=api&utm_source=a6e23083&v=203EF2AB013FF6CF7A6878D164B7CBC3D023ECD2,N/A,15-1251,IT,[]
Become a Gopuff Driver - Flexible Schedule,Gopuff Careers,"Pittsburgh, Allegheny County",50823.64,"Do more than make ends meet. Deliver with Gopuff and get paid to deliver what your neighbors need from a Gopuff facility near you! With one centralized pickup location and smaller delivery zones, Gopuff makes earning effortless. It's simple: deliver from a facility near you straight to the customer! You’ll be delivering everyday essentials, from cleaning supplies, home needs and OTC medications to food, drinks and more. Sign up to be a Gopuff Delivery Partner today and experience the easiest wa…",https://www.adzuna.com/land/ad/5437709691?se=SkfCjX2k8BGGz-i-DD1n5Q&utm_medium=api&utm_source=a6e23083&v=2A8B29452B3FC56D09988F5CB252CC35716FE6C7,N/A,15-1251,IT,[]
"Gopuff Delivery Driver Partner - No Riders, No Restaurants",Gopuff Careers,"Pittsburgh, Allegheny County",40750.48,"Do more than make ends meet. Deliver with Gopuff and get paid to deliver what your neighbors need from a Gopuff facility near you! With one centralized pickup location and smaller delivery zones, Gopuff makes earning effortless. It's simple: deliver from a facility near you straight to the customer! You’ll be delivering everyday essentials, from cleaning supplies, home needs and OTC medications to food, drinks and more. Sign up to be a Gopuff Delivery Partner today and experience the easiest wa…",https://www.adzuna.com/land/ad/5437709687?se=SkfCjX2k8BGGz-i-DD1n5Q&utm_medium=api&utm_source=a6e23083&v=9212C41F49D0C5899D89FB62DAD5DAC999211412,N/A,15-1251,IT,[]
Need a Gig? Deliver with Gopuff!,Gopuff Careers,"West Mifflin, Allegheny County",73979.27,"Do more than make ends meet. Deliver with Gopuff and get paid to deliver what your neighbors need from a Gopuff facility near you! With one centralized pickup location and smaller delivery zones, Gopuff makes earning effortless. It's simple: deliver from a facility near you straight to the customer! You’ll be delivering everyday essentials, from cleaning supplies, home needs and OTC medications to food, drinks and more. Sign up to be a Gopuff Delivery Partner today and experience the easiest wa…",https://www.adzuna.com/land/ad/5437709676?se=-vlij32k8BGQCJH2_VE84Q&utm_medium=api&utm_source=a6e23083&v=8045C851B2184CA5A5100451B2B9BC1B92D18F7D,N/A,15-1251,IT,[]
Gopuff Delivery Driver Gigs,Gopuff Careers,"Pittsburgh, Allegheny County",75943.09,"Do more than make ends meet. Deliver with Gopuff and get paid to deliver what your neighbors need from a Gopuff facility near you! With one centralized pickup location and smaller delivery zones, Gopuff makes earning effortless. It's simple: deliver from a facility near you straight to the customer! You’ll be delivering everyday essentials, from cleaning supplies, home needs and OTC medications to food, drinks and more. Sign up to be a Gopuff Delivery Partner today and experience the easiest wa…",https://www.adzuna.com/land/ad/5437709648?se=-vlij32k8BGQCJH2_VE84Q&utm_medium=api&utm_source=a6e23083&v=F498409B7854C915EE1505B6B979E29FC929A7C1,N/A,15-1251,IT,[]
"Deliver Food with Gopuff - No Riders, No Restaurants",Gopuff Careers,"Bethel Park, Allegheny County",38099.94,"Do more than make ends meet. Deliver with Gopuff and get paid to deliver what your neighbors need from a Gopuff facility near you! With one centralized pickup location and smaller delivery zones, Gopuff makes earning effortless. It's simple: deliver from a facility near you straight to the customer! You’ll be delivering everyday essentials, from cleaning supplies, home needs and OTC medications to food, drinks and more. Sign up to be a Gopuff Delivery Partner today and experience the easiest wa…",https://www.adzuna.com/land/ad/5437709625?se=-vlij32k8BGQCJH2_VE84Q&utm_medium=api&utm_source=a6e23083&v=DB3958E6685055C7FED01A5C47833EEF6BBD0476,N/A,15-1251,IT,[]
Deliver with Gopuff on your schedule,Gopuff Careers,"Bethel Park, Allegheny County",58899.3,"Do more than make ends meet. Deliver with Gopuff and get paid to deliver what your neighbors need from a Gopuff facility near you! With one centralized pickup location and smaller delivery zones, Gopuff makes earning effortless. It's simple: deliver from a facility near you straight to the customer! You’ll be delivering everyday essentials, from cleaning supplies, home needs and OTC medications to food, drinks and more. Sign up to be a Gopuff Delivery Partner today and experience the easiest wa…",https://www.adzuna.com/land/ad/5437709586?se=-vlij32k8BGQCJH2_VE84Q&utm_medium=api&utm_source=a6e23083&v=5E76BB7581DF81B1598C836AE8993EF209DBEA90,N/A,15-1251,IT,[]
Deliver with Gopuff,Gopuff Careers,"Pittsburgh, Allegheny County",59806.46,"Do more than make ends meet. Deliver with Gopuff and get paid to deliver what your neighbors need from a Gopuff facility near you! With one centralized pickup location and smaller delivery zones, Gopuff makes earning effortless. It's simple: deliver from a facility near you straight to the customer! You’ll be delivering everyday essentials, from cleaning supplies, home needs and OTC medications to food, drinks and more. Sign up to be a Gopuff Delivery Partner today and experience the easiest wa…",https://www.adzuna.com/land/ad/5437709526?se=-vlij32k8BGQCJH2_VE84Q&utm_medium=api&utm_source=a6e23083&v=010D25964FF1F8EB081120BCE00ACA42ABB98780,N/A,15-1251,IT,[]
Gopuff Delivery Driver Partner,Gopuff Careers,"Pittsburgh, Allegheny County",66549.83,"Do more than make ends meet. Deliver with Gopuff and get paid to deliver what your neighbors need from a Gopuff facility near you! With one centralized pickup location and smaller delivery zones, Gopuff makes earning effortless. It's simple: deliver from a facility near you straight to the customer! You’ll be delivering everyday essentials, from cleaning supplies, home needs and OTC medications to food, drinks and more. Sign up to be a Gopuff Delivery Partner today and experience the easiest wa…",https://www.adzuna.com/land/ad/5437709483?se=-vlij32k8BGQCJH2_VE84Q&utm_medium=api&utm_source=a6e23083&v=1826CA4125E38D2BC9B37B6A5158CED9DD18AFD9,N/A,15-1251,IT,[]
Drive with Gopuff - Flexible Hours,Gopuff Careers,"Bethel Park, Allegheny County",47092.48,"Do more than make ends meet. Deliver with Gopuff and get paid to deliver what your neighbors need from a Gopuff facility near you! With one centralized pickup location and smaller delivery zones, Gopuff makes earning effortless. It's simple: deliver from a facility near you straight to the customer! You’ll be delivering everyday essentials, from cleaning supplies, home needs and OTC medications to food, drinks and more. Sign up to be a Gopuff Delivery Partner today and experience the easiest wa…",https://www.adzuna.com/land/ad/5437709436?se=-vlij32k8BGQCJH2_VE84Q&utm_medium=api&utm_source=a6e23083&v=025D9F7A1E8D2B83EB8E135B22327F2EA41C936C,N/A,15-1251,IT,[]
Need a Side Hustle? Deliver with Gopuff!,Gopuff Careers,"Bethel Park, Allegheny County",61495.78,"Do more than make ends meet. Deliver with Gopuff and get paid to deliver what your neighbors need from a Gopuff facility near you! With one centralized pickup location and smaller delivery zones, Gopuff makes earning effortless. It's simple: deliver from a facility near you straight to the customer! You’ll be delivering everyday essentials, from cleaning supplies, home needs and OTC medications to food, drinks and more. Sign up to be a Gopuff Delivery Partner today and experience the easiest wa…",https://www.adzuna.com/land/ad/5437709434?se=-vlij32k8BGQCJH2_VE84Q&utm_medium=api&utm_source=a6e23083&v=FD33F70C06FDCA374EE845B87F079490D5D79284,N/A,15-1251,IT,[]
Earn Cash with Gopuff In Your Free Time,Gopuff Careers,"Pittsburgh, Allegheny County",54216.97,"Do more than make ends meet. Deliver with Gopuff and get paid to deliver what your neighbors need from a Gopuff facility near you! With one centralized pickup location and smaller delivery zones, Gopuff makes earning effortless. It's simple: deliver from a facility near you straight to the customer! You’ll be delivering everyday essentials, from cleaning supplies, home needs and OTC medications to food, drinks and more. Sign up to be a Gopuff Delivery Partner today and experience the easiest wa…",https://www.adzuna.com/land/ad/5437709435?se=-vlij32k8BGQCJH2_VE84Q&utm_medium=api&utm_source=a6e23083&v=0F4596F0695DB3B32E259450C31438CEE508C1FE,N/A,15-1251,IT,[]
Need a Side Hustle? Deliver with Gopuff!,Gopuff Careers,"Pittsburgh, Allegheny County",64132.38,"Do more than make ends meet. Deliver with Gopuff and get paid to deliver what your neighbors need from a Gopuff facility near you! With one centralized pickup location and smaller delivery zones, Gopuff makes earning effortless. It's simple: deliver from a facility near you straight to the customer! You’ll be delivering everyday essentials, from cleaning supplies, home needs and OTC medications to food, drinks and more. Sign up to be a Gopuff Delivery Partner today and experience the easiest wa…",https://www.adzuna.com/land/ad/5437709425?se=-vlij32k8BGQCJH2_VE84Q&utm_medium=api&utm_source=a6e23083&v=2BE349D43157FB153E3382D0AEC9497A04712405,N/A,15-1251,IT,[]
Drive with Gopuff - Flexible Hours,Gopuff Careers,"Pittsburgh, Allegheny County",49111.5,"Do more than make ends meet. Deliver with Gopuff and get paid to deliver what your neighbors need from a Gopuff facility near you! With one centralized pickup location and smaller delivery zones, Gopuff makes earning effortless. It's simple: deliver from a facility near you straight to the customer! You’ll be delivering everyday essentials, from cleaning supplies, home needs and OTC medications to food, drinks and more. Sign up to be a Gopuff Delivery Partner today and experience the easiest wa…",https://www.adzuna.com/land/ad/5437709404?se=-vlij32k8BGQCJH2_VE84Q&utm_medium=api&utm_source=a6e23083&v=29EA2717CDB978CA57336A73484A40EEDFB0F763,N/A,15-1251,IT,[]
Gopuff Delivery Driver,Gopuff Careers,"Pittsburgh, Allegheny County",62041.14,"Do more than make ends meet. Deliver with Gopuff and get paid to deliver what your neighbors need from a Gopuff facility near you! With one centralized pickup location and smaller delivery zones, Gopuff makes earning effortless. It's simple: deliver from a facility near you straight to the customer! You’ll be delivering everyday essentials, from cleaning supplies, home needs and OTC medications to food, drinks and more. Sign up to be a Gopuff Delivery Partner today and experience the easiest wa…",https://www.adzuna.com/land/ad/5437709371?se=-vlij32k8BGQCJH2_VE84Q&utm_medium=api&utm_source=a6e23083&v=47FD183A3AD002DFF791808BB058C385187703B5,N/A,15-1251,IT,[]
Gopuff Delivery Driver - Choose when you work,Gopuff Careers,"Pittsburgh, Allegheny County",55395.02,"Do more than make ends meet. Deliver with Gopuff and get paid to deliver what your neighbors need from a Gopuff facility near you! With one centralized pickup location and smaller delivery zones, Gopuff makes earning effortless. It's simple: deliver from a facility near you straight to the customer! You’ll be delivering everyday essentials, from cleaning supplies, home needs and OTC medications to food, drinks and more. Sign up to be a Gopuff Delivery Partner today and experience the easiest wa…",https://www.adzuna.com/land/ad/5437709311?se=-vlij32k8BGQCJH2_VE84Q&utm_medium=api&utm_source=a6e23083&v=9AC60FB1392E32A8CFB0A4E704D81489C9A023AA,N/A,15-1251,IT,[]
Drive With Gopuff,Gopuff Careers,"Pittsburgh, Allegheny County",50546.76,"Do more than make ends meet. Deliver with Gopuff and get paid to deliver what your neighbors need from a Gopuff facility near you! With one centralized pickup location and smaller delivery zones, Gopuff makes earning effortless. It's simple: deliver from a facility near you straight to the customer! You’ll be delivering everyday essentials, from cleaning supplies, home needs and OTC medications to food, drinks and more. Sign up to be a Gopuff Delivery Partner today and experience the easiest wa…",https://www.adzuna.com/land/ad/5437709287?se=-vlij32k8BGQCJH2_VE84Q&utm_medium=api&utm_source=a6e23083&v=4B267319F1CA40696295B256A64EB96383C394B0,N/A,15-1251,IT,[]
Gopuff Delivery Driver Partner,Gopuff Careers,"West Mifflin, Allegheny County",68250.01,"Do more than make ends meet. Deliver with Gopuff and get paid to deliver what your neighbors need from a Gopuff facility near you! With one centralized pickup location and smaller delivery zones, Gopuff makes earning effortless. It's simple: deliver from a facility near you straight to the customer! You’ll be delivering everyday essentials, from cleaning supplies, home needs and OTC medications to food, drinks and more. Sign up to be a Gopuff Delivery Partner today and experience the easiest wa…",https://www.adzuna.com/land/ad/5437709200?se=-vlij32k8BGQCJH2_VE84Q&utm_medium=api&utm_source=a6e23083&v=30C6F25D193BF23C0F816C4B0CC0BBF4FA205F69,N/A,15-1251,IT,[]
Become a Gopuff Driver - Sign Up Today,Gopuff Careers,"Pittsburgh, Allegheny County",45942.66,"Do more than make ends meet. Deliver with Gopuff and get paid to deliver what your neighbors need from a Gopuff facility near you! With one centralized pickup location and smaller delivery zones, Gopuff makes earning effortless. It's simple: deliver from a facility near you straight to the customer! You’ll be delivering everyday essentials, from cleaning supplies, home needs and OTC medications to food, drinks and more. Sign up to be a Gopuff Delivery Partner today and experience the easiest wa…",https://www.adzuna.com/land/ad/5437704367?se=-vlij32k8BGQCJH2_VE84Q&utm_medium=api&utm_source=a6e23083&v=787BCCCA61E919AD575F7B95158B0CD4AD56E681,N/A,15-1251,IT,[]
Gopuff Delivery Gigs,Gopuff Careers,"Pittsburgh, Allegheny County",75712.55,"Do more than make ends meet. Deliver with Gopuff and get paid to deliver what your neighbors need from a Gopuff facility near you! With one centralized pickup location and smaller delivery zones, Gopuff makes earning effortless. It's simple: deliver from a facility near you straight to the customer! You’ll be delivering everyday essentials, from cleaning supplies, home needs and OTC medications to food, drinks and more. Sign up to be a Gopuff Delivery Partner today and experience the easiest wa…",https://www.adzuna.com/land/ad/5437704226?se=-vlij32k8BGQCJH2_VE84Q&utm_medium=api&utm_source=a6e23083&v=8FF087BB1B83B794E5D61961F6C447025E2D1DEA,N/A,15-1251,IT,[]
Make Your Own Schedule - Deliver With Gopuff,Gopuff Careers,"Pittsburgh, Allegheny County",58732.31,"Do more than make ends meet. Deliver with Gopuff and get paid to deliver what your neighbors need from a Gopuff facility near you! With one centralized pickup location and smaller delivery zones, Gopuff makes earning effortless. It's simple: deliver from a facility near you straight to the customer! You’ll be delivering everyday essentials, from cleaning supplies, home needs and OTC medications to food, drinks and more. Sign up to be a Gopuff Delivery Partner today and experience the easiest wa…",https://www.adzuna.com/land/ad/5437704189?se=-vlij32k8BGQCJH2_VE84Q&utm_medium=api&utm_source=a6e23083&v=247D8D9A23A9435319B60445DA9AB12C8502D1D7,N/A,15-1251,IT,[]
Deliver with Gopuff - Earn Big & Keep 100% of Your Tips,Gopuff Careers,"Pittsburgh, Allegheny County",65757.0,"Do more than make ends meet. Deliver with Gopuff and get paid to deliver what your neighbors need from a Gopuff facility near you! With one centralized pickup location and smaller delivery zones, Gopuff makes earning effortless. It's simple: deliver from a facility near you straight to the customer! You’ll be delivering everyday essentials, from cleaning supplies, home needs and OTC medications to food, drinks and more. Sign up to be a Gopuff Delivery Partner today and experience the easiest wa…",https://www.adzuna.com/land/ad/5437704183?se=-vlij32k8BGQCJH2_VE84Q&utm_medium=api&utm_source=a6e23083&v=E0B89ACBA48C280735BF285357A4B49DFC5F3525,N/A,15-1251,IT,[]
Need a Gig? Deliver with Gopuff!,Gopuff Careers,"Pittsburgh, Allegheny County",72136.51,"Do more than make ends meet. Deliver with Gopuff and get paid to deliver what your neighbors need from a Gopuff facility near you! With one centralized pickup location and smaller delivery zones, Gopuff makes earning effortless. It's simple: deliver from a facility near you straight to the customer! You’ll be delivering everyday essentials, from cleaning supplies, home needs and OTC medications to food, drinks and more. Sign up to be a Gopuff Delivery Partner today and experience the easiest wa…",https://www.adzuna.com/land/ad/5437704182?se=-vlij32k8BGQCJH2_VE84Q&utm_medium=api&utm_source=a6e23083&v=645AEC85F590952404E3F008F687F996BD76904F,N/A,15-1251,IT,[]
Deliver with Gopuff on your schedule,Gopuff Careers,"Pittsburgh, Allegheny County",61424.51,"Do more than make ends meet. Deliver with Gopuff and get paid to deliver what your neighbors need from a Gopuff facility near you! With one centralized pickup location and smaller delivery zones, Gopuff makes earning effortless. It's simple: deliver from a facility near you straight to the customer! You’ll be delivering everyday essentials, from cleaning supplies, home needs and OTC medications to food, drinks and more. Sign up to be a Gopuff Delivery Partner today and experience the easiest wa…",https://www.adzuna.com/land/ad/5437702638?se=-vlij32k8BGQCJH2_VE84Q&utm_medium=api&utm_source=a6e23083&v=2FC45D9EED4878BE32AED0A511BCE88C3117FCEE,N/A,15-1251,IT,[]
Become a Gopuff Driver - Flexible Schedule,Gopuff Careers,"West Mifflin, Allegheny County",52122.0,"Do more than make ends meet. Deliver with Gopuff and get paid to deliver what your neighbors need from a Gopuff facility near you! With one centralized pickup location and smaller delivery zones, Gopuff makes earning effortless. It's simple: deliver from a facility near you straight to the customer! You’ll be delivering everyday essentials, from cleaning supplies, home needs and OTC medications to food, drinks and more. Sign up to be a Gopuff Delivery Partner today and experience the easiest wa…",https://www.adzuna.com/land/ad/5437702072?se=-vlij32k8BGQCJH2_VE84Q&utm_medium=api&utm_source=a6e23083&v=A27FDD07D21D07E5F8D6EEC9C798CEFDE71FFC46,N/A,15-1251,IT,[]
Deliver with Gopuff - Earn Big & Keep 100% of Your Tips,Gopuff Careers,"West Mifflin, Allegheny County",67436.86,"Do more than make ends meet. Deliver with Gopuff and get paid to deliver what your neighbors need from a Gopuff facility near you! With one centralized pickup location and smaller delivery zones, Gopuff makes earning effortless. It's simple: deliver from a facility near you straight to the customer! You’ll be delivering everyday essentials, from cleaning supplies, home needs and OTC medications to food, drinks and more. Sign up to be a Gopuff Delivery Partner today and experience the easiest wa…",https://www.adzuna.com/land/ad/5437700771?se=-vlij32k8BGQCJH2_VE84Q&utm_medium=api&utm_source=a6e23083&v=94654A3E4C76B144FEB71B158E851EAFB6FE8033,N/A,15-1251,IT,[]
Deliver with Gopuff,Gopuff Careers,"West Mifflin, Allegheny County",61334.31,"Do more than make ends meet. Deliver with Gopuff and get paid to deliver what your neighbors need from a Gopuff facility near you! With one centralized pickup location and smaller delivery zones, Gopuff makes earning effortless. It's simple: deliver from a facility near you straight to the customer! You’ll be delivering everyday essentials, from cleaning supplies, home needs and OTC medications to food, drinks and more. Sign up to be a Gopuff Delivery Partner today and experience the easiest wa…",https://www.adzuna.com/land/ad/5437700760?se=-vlij32k8BGQCJH2_VE84Q&utm_medium=api&utm_source=a6e23083&v=D7EB826F791A77847F39554BA50881180458236D,N/A,15-1251,IT,[]
Earn Money Delivering With Gopuff,Gopuff Careers,"Pittsburgh, Allegheny County",59335.38,"Do more than make ends meet. Deliver with Gopuff and get paid to deliver what your neighbors need from a Gopuff facility near you! With one centralized pickup location and smaller delivery zones, Gopuff makes earning effortless. It's simple: deliver from a facility near you straight to the customer! You’ll be delivering everyday essentials, from cleaning supplies, home needs and OTC medications to food, drinks and more. Sign up to be a Gopuff Delivery Partner today and experience the easiest wa…",https://www.adzuna.com/land/ad/5437697374?se=-vlij32k8BGQCJH2_VE84Q&utm_medium=api&utm_source=a6e23083&v=E01B3EE0D8D310F86320471A8DE9E10FA849F153,N/A,15-1251,IT,[]
Need a Side Hustle? Deliver with Gopuff!,Gopuff Careers,"West Mifflin, Allegheny County",65770.67,"Do more than make ends meet. Deliver with Gopuff and get paid to deliver what your neighbors need from a Gopuff facility near you! With one centralized pickup location and smaller delivery zones, Gopuff makes earning effortless. It's simple: deliver from a facility near you straight to the customer! You’ll be delivering everyday essentials, from cleaning supplies, home needs and OTC medications to food, drinks and more. Sign up to be a Gopuff Delivery Partner today and experience the easiest wa…",https://www.adzuna.com/land/ad/5437697332?se=-vlij32k8BGQCJH2_VE84Q&utm_medium=api&utm_source=a6e23083&v=6BE77B6C8FED7BD96F0C3854099AD5E948E495C3,N/A,15-1251,IT,[]
"Deliver Food with Gopuff - No Riders, No Restaurants",Gopuff Careers,"Pittsburgh, Allegheny County",39733.38,"Do more than make ends meet. Deliver with Gopuff and get paid to deliver what your neighbors need from a Gopuff facility near you! With one centralized pickup location and smaller delivery zones, Gopuff makes earning effortless. It's simple: deliver from a facility near you straight to the customer! You’ll be delivering everyday essentials, from cleaning supplies, home needs and OTC medications to food, drinks and more. Sign up to be a Gopuff Delivery Partner today and experience the easiest wa…",https://www.adzuna.com/land/ad/5437697311?se=-vlij32k8BGQCJH2_VE84Q&utm_medium=api&utm_source=a6e23083&v=0E3182D4D28B83033A76828253159D45DCC2A844,N/A,15-1251,IT,[]
"Deliver Food with Gopuff - No Riders, No Restaurants",Gopuff Careers,"West Mifflin, Allegheny County",40748.46,"Do more than make ends meet. Deliver with Gopuff and get paid to deliver what your neighbors need from a Gopuff facility near you! With one centralized pickup location and smaller delivery zones, Gopuff makes earning effortless. It's simple: deliver from a facility near you straight to the customer! You’ll be delivering everyday essentials, from cleaning supplies, home needs and OTC medications to food, drinks and more. Sign up to be a Gopuff Delivery Partner today and experience the easiest wa…",https://www.adzuna.com/land/ad/5437689456?se=-vlij32k8BGQCJH2_VE84Q&utm_medium=api&utm_source=a6e23083&v=880D893141054956C4BFB6C9ADB22B0D21CD061D,N/A,15-1251,IT,[]
(USA) Member Team Lead,Walmart,"Pittsburgh, Allegheny County",49318.48,Position Summary What you'll do Assists management with the supervision of associates in assigned area of responsibility by assigning duties to associates communicating goals and feedback training associates on processes and procedures providing direction and guidance to associates on member service approaches and techniques to ensure member complaints and issues are resolved according to company guidelines ensuring compliance with company policies and procedures supporting the Open Door Policy…,https://www.adzuna.com/details/5437687184?utm_medium=api&utm_source=a6e23083,N/A,15-1251,IT,[]
"(USA) Exterior Services Technician, DOT Operator - DS",Walmart,"Pittsburgh, Allegheny County",71334.86,"Position Summary What you'll do Are you searching for an exciting career opportunity within a dynamic team? Look no further! Walmart is expanding its workforce across local retail stores and is actively recruiting Landscape Operators. If you have experience in this field, we want you to bring your skills to our fast-paced and welcoming environment As a Exterior Services Technician - DOT Operator at Walmart, you'll play a crucial role in overseeing landscape projects and collaborating within a d…",https://www.adzuna.com/details/5437687175?utm_medium=api&utm_source=a6e23083,N/A,15-1251,IT,[]
Stocking Team Associate,Walmart,"Bethel Park, Allegheny County",47912.43,"Hourly Wage: $15 - $28 per/hour *The actual hourly rate will equal or exceed the required minimum wage applicable to the job location. Additional compensation includes annual or quarterly performance incentives. Additional compensation in the form of premiums may be paid in amounts ranging from $0.35 per hour to $3.00 per hour in specific circumstances. Premiums may be based on schedule, facility, season, or specific work performed. Multiple premiums may apply if applicable criteria are met. Em…",https://www.adzuna.com/details/5437687129?utm_medium=api&utm_source=a6e23083,N/A,15-1251,IT,[]
Systems Analyst - Senior (Epic OpTime/Anesthesia),UPMC,"Pittsburgh, Allegheny County",99407.88,"UPMC is looking for a Systems Analyst Senior to join their team. This will be a Hybrid role Typically from home, but does require travel at least monthly onsite to either Pittsburgh or Central, PA. Travel will be required for all go live activities. Seeking candidates with Epic OpTime and/or Anesthesia certified. Also knowledge of perioperative workflow is beneficial. Please be sure to list and provide any insight to this experience in your resume and application. Description Under the general …",https://www.adzuna.com/details/5437687047?utm_medium=api&utm_source=a6e23083,N/A,15-1251,IT,['go']
Medical Laboratory Scientist/ Medical Lab Technician (Hematology/Oncology) - Day Shift,UPMC,"Pittsburgh, Allegheny County",103491.73,"Make a Difference Every Day at UPMC Hillman Cancer Center Are you ready to bring your skills to a team that's changing lives? UPMC Hillman Cancer Center is hiring a regular full-time Medical Lab Scientist (Medical Technologist) or Medical Lab Technician to support our oncology office at UPMC Passavant McCandless. In this patient-facing role, you'll combine your phlebotomy expertise and laboratory skills to directly impact the care and comfort of cancer patients. You'll be part of a compassionat…",https://www.adzuna.com/details/5437687027?utm_medium=api&utm_source=a6e23083,N/A,15-1251,IT,[]
Systems Analyst-Technical Lead (EPIC OnBase),UPMC,"Pittsburgh, Allegheny County",130619.35,"UPMC Corporate IT is hiring a Systems Analyst-Technical Lead to join their ISD Revenue Cycle Services team. If you have experience with EPIC OnBase Application and are looking to for a role that offers and opportunity for additional training and career advancement within the department, APPLY NOW! additional opportunity for additional training, opportunity fo Fully Remote Opportunity Must be able to work eastern standard time. advancement within the department Purpose: Under the general directi…",https://www.adzuna.com/details/5437687034?utm_medium=api&utm_source=a6e23083,N/A,15-1251,IT,[]
Systems Analyst - Intermediate (Hybrid),UPMC,"Pittsburgh, Allegheny County",88775.21,"UPMC Community Care Behavioral Health is hiring a full-time Systems Analyst, Intermediate. The team is based out of downtown Pittsburgh's US Steel Tower. This role will work in a hybrid structure with a few days per week in the office. Some travel may be required. Under the general direction of the management team and senior staff, the Systems Analyst - Intermediate provides experienced analytical services, defining requirements, developing and/or maintaining computer applications/systems, and …",https://www.adzuna.com/details/5437686985?utm_medium=api&utm_source=a6e23083,N/A,15-1251,IT,[]
"Senior AI Architect, IT",UPMC,"Pittsburgh, Allegheny County",134985.1,"Purpose: The Senior AI Architect position requires a high degree of technical expertise in at least 2 relevant domains such as AI solution development, data science, security, cloud, integrations, Healthcare IT or similar. As a Senior AI Architect, you will be challenged with aligning the AI strategy with the business strategy of multiple projects and/or department initiatives. You will lead the creation of best practices, policies, procedures, and other applicable AI documentation. You will co…",https://www.adzuna.com/details/5437686963?utm_medium=api&utm_source=a6e23083,N/A,15-1251,IT,['data science']
"Cloud Engineer, Senior",UPMC,"Pittsburgh, Allegheny County",128941.45,"UPMC is looking for a Cloud Engineer to join their team. This position will be primarily remote but will require ON-SITE work when needed. Purpose: UPMC is looking to hire a Senior Cloud Engineer to work within the Corporate Technology Services Team. This position will be working on a team that has three major goals: Innovation, Collaboration, and Continuous Improvement, on a 360 platform, responsible for Cloud Strategy including, but not limited to Infrastructure, Security, Architecture, and G…",https://www.adzuna.com/details/5437686974?utm_medium=api&utm_source=a6e23083,N/A,15-1251,IT,[]
"Senior Director, Communications",ThermoFisher Scientific,"Pittsburgh, Allegheny County",148087.78,"Work Schedule Standard (Mon-Fri) Environmental Conditions Office Job Description Thermo Fisher Scientific seeks a Senior Director, Communications to amplify our storytelling and mission impact. Drive financial and functional communications excellence, working closely with senior leaders across various departments. You will be responsible for leading a top-performing team and providing valuable counsel on the company's most crucial matters. How will you make an impact?  Define and elevate commun…",https://www.adzuna.com/details/5437686626?utm_medium=api&utm_source=a6e23083,N/A,15-1251,IT,[]
Implementation Analyst,ThermoFisher Scientific,"Pittsburgh, Allegheny County",109932.43,"Work Schedule Standard (Mon-Fri) Environmental Conditions Office Job Description Join Thermo Fisher Scientific as an Implementation Analyst and be part of an exceptionally experienced team dedicated to making a global impact. This is your opportunity to work with a world-class company that values innovation, collaboration, and excellence! Strategic: Trusted advisor to our customers, global account managers, services leaders, product managers, and delivery teams.  Sustain and bear responsibility…",https://www.adzuna.com/details/5437686612?utm_medium=api&utm_source=a6e23083,N/A,15-1251,IT,[]
Lead ServiceNow Engineer,TEKsystems,"Pittsburgh, Allegheny County",139787.33,"Hybrid in either Cleveland, Philly, Dallas, Phoenix, Birmingham, Pittsburg No C2C We are launching a strategic initiative to modernize, automate, and manage IT services, operations, and other critical business functions by transitioning to a new, out-of-the-box ServiceNow instance. This effort aligns with industry standards to enhance regulatory compliance, operational efficiency, and overall effectiveness. As part of this transformation, we are building agile teams to support the ServiceNow pl…",https://www.adzuna.com/details/5437686545?utm_medium=api&utm_source=a6e23083,N/A,15-1251,IT,['agile']
Starbucks Barista (T2385),Target,"Pittsburgh, Allegheny County",56446.88,"Starting Hourly Rate / Salario por Hora Inicial: $15.50 USD per hour ALL ABOUT TARGET As a Fortune 50 company with more than 400,000 team members worldwide, Target is an iconic brand and one of America's leading retailers. Working at Target means the opportunity to help all families discover the joy of everyday life. Caring for our communities is woven into who we are, and we invest in the places we collectively live, work and play. We prioritize relationships, fuel and develop talent by creati…",https://www.adzuna.com/details/5437686479?utm_medium=api&utm_source=a6e23083,N/A,15-1251,IT,[]
Java Lead,System One,"Pittsburgh, Allegheny County",95310.13,"Position Title: Software Java Lead Provide locations/flexible work by preference: 1. Most preferred - Pittsburgh PA - Two . Second preferred - Cleveland OH - Strongsville Technology Center or Birmingham AL - Birmingham - Brock 3. Third preferred - North Texas Market TX - Dallas Innovation Center - Luna Rd 4. Fourth preferred - Phoenix - Biltmore Ability to work remote: Hybrid - 3 days in office, 2 remote, flexible Travel: Some if not located in Pittsburgh for planning meetings Intended length o…",https://www.adzuna.com/details/5437686447?utm_medium=api&utm_source=a6e23083,N/A,15-1251,IT,['java']
Quality Assurance Specialist,System One,"Pittsburgh, Allegheny County",78323.75,"Position Title: IT - Quality Assurance Spec - Contractor Pittsburgh PA - Two PNC Plaza 620 Liberty Ave Pittsburgh, PA 15222 Cleveland OH - Strongsville Technology Center 8100 Mohawk Dr. Strongsville, OH 44136 Birmingham AL - Birmingham - Brock 701 32nd St. South Birmingham, AL 35233 North Texas Market TX - Dallas Innovation Center - Luna Rd 11511 Luna Rd Farmers Branch, TX 75234 Phoenix - Biltmore 2850 E Camelback Rd Phoenix AZ 85016 Ability to work remote: HYRBID > 3 days office / 2 days remot…",https://www.adzuna.com/details/5437686452?utm_medium=api&utm_source=a6e23083,N/A,15-1251,IT,[]
Senior ETL Developer,System One,"Pittsburgh, Allegheny County",107476.73,"Position Title: IT - Senior ETL Developer PREFERRED - Cleveland OH - Strongsville Technology Center 8100 Mohawk Dr. Strongsville, OH 44136 Pittsburgh PA - Two PNC Plaza 620 Liberty Ave Pittsburgh, PA 15222 Birmingham AL - Birmingham - Brock 701 32nd St. South Birmingham, AL 35233 North Texas Market TX - Dallas Innovation Center - Luna Rd 11511 Luna Rd Farmers Branch, TX 75234 Phoenix - Biltmore 2850 E Camelback Rd Phoenix AZ 85016 Ability to work remote: Hybrid, 3 days in office, 2 remote Accep…",https://www.adzuna.com/details/5437686446?utm_medium=api&utm_source=a6e23083,N/A,15-1251,IT,[]
Enterprise Account Executive - Manufacturing,"ServiceNow, Inc.","Pittsburgh, Allegheny County",115644.33,"It all started in sunny San Diego, California in 2004 when a visionary engineer, Fred Luddy, saw the potential to transform how we work. Fast forward to today - ServiceNow stands as a global market leader, bringing innovative AI-enhanced technology to over 8,100 customers, including 85% of the Fortune 500®. Our intelligent cloud-based platform seamlessly connects people, systems, and processes to empower organizations to find smarter, faster, and better ways to work. But this is just the beginn…",https://www.adzuna.com/details/5437686228?utm_medium=api&utm_source=a6e23083,N/A,15-1251,IT,[]
Executive Assistant,Robert Half,"Pittsburgh, Allegheny County",50172.44,"Description Our client in East Pittsburgh is seeking an contract Executive Assistant role to report to the CEO & Board Secretary to represent and support duties and responsibilities. You will support 3 different boards as well. The role will contribute to the efficiency of our client's Business Office and Administration by establishing, organizing, and coordinating office procedures and processes. Pay ranges $23-$26 hourly. It is a hybrid role, hours are 7am-1pm and dependent on experience. A b…",https://www.adzuna.com/details/5437686118?utm_medium=api&utm_source=a6e23083,N/A,15-1251,IT,[]
"Java Developer - Local to Pittsburgh, Cleveland, or Dallas","CGI Technologies and Solutions, Inc.","Pittsburgh, Allegheny County",116694.26,"Java Developer - Local to Pittsburgh, Cleveland, or Dallas Category: Software Development/ Engineering Main location: United States, Pennsylvania, Pittsburgh Alternate Location(s): United States, Texas, Dallas United States, Ohio, Cleveland Position ID: J1025-0536 Employment Type: Full Time Position Description: This position is located in our Pittsburgh, PA, Strongsville, OH or Dallas, TX office with work performed at our client site in Pittsburgh or Strongsville or Dallas; however, a hybrid w…",https://www.adzuna.com/details/5437685843?utm_medium=api&utm_source=a6e23083,N/A,15-1251,IT,['java']
Data Management & Strategy - Oil & Gas - Manager- Consulting - Location OPEN,EY,"Pittsburgh, Allegheny County",211366.88,"Location: Anywhere in Country At EY, we're all in to shape your future with confidence. We'll help you succeed in a globally connected powerhouse of diverse teams and take your career wherever you want it to go. Join EY and help to build a better working world. Data Management and Strategy - Manager - Oil & Gas Sector Company Overview EY delivers unparalleled service in big data, business intelligence, and digital analytics built on a blend of custom-developed methods related to customer analyt…",https://www.adzuna.com/details/5437685748?utm_medium=api&utm_source=a6e23083,N/A,15-1251,IT,"['go', 'big data']"
Technology Consulting - Managed Services - Information Technology Outsourcing (ITO) - Senior Manager,EY,"Pittsburgh, Allegheny County",201897.25,"Location: Anywhere in Country At EY, we're all in to shape your future with confidence. We'll help you succeed in a globally connected powerhouse of diverse teams and take your career wherever you want it to go. Join EY and help to build a better working world. Technology Consulting - Managed Services - Information Technology Outsourcing (ITO) - Senior Manager Job Summary: As a Senior Manager in EY's Managed Services practice, you will lead the delivery and transformation of large-scale Informa…",https://www.adzuna.com/details/5437685743?utm_medium=api&utm_source=a6e23083,N/A,15-1251,IT,['go']
Data Expert,PNC,"Pittsburgh, Allegheny County",79672.73,"Position Overview At PNC, our people are our greatest differentiator and competitive advantage in the markets we serve. We are all united in delivering the best experience for our customers. We work together each day to foster an inclusive workplace culture where all of our employees feel respected, valued and have an opportunity to contribute to the company's success. As a Data Expert within PNC's Business Operations Technology organization, you will be based in Pittsburgh, PA, Strongsville, O…",https://www.adzuna.com/details/5437684900?utm_medium=api&utm_source=a6e23083,N/A,15-1251,IT,[]
"Software Engineer Sr. - CI/CD Experience, GitHub Actions",PNC,"Pittsburgh, Allegheny County",84048.44,"Position Overview At PNC, our people are our greatest differentiator and competitive advantage in the markets we serve. We are all united in delivering the best experience for our customers. We work together each day to foster an inclusive workplace culture where all of our employees feel respected, valued and have an opportunity to contribute to the company's success. This position is primarily based in a location within PNC's footprint. As a Software Engineer Sr., within PNC's CI/CD Pipeline …",https://www.adzuna.com/details/5437684910?utm_medium=api&utm_source=a6e23083,N/A,15-1251,IT,[]
Software Engineer Principal Senior,PNC,"Pittsburgh, Allegheny County",103365.66,"Position Overview At PNC, our people are our greatest differentiator and competitive advantage in the markets we serve. We are all united in delivering the best experience for our customers. We work together each day to foster an inclusive workplace culture where all our employees feel respected, valued and have an opportunity to contribute to the company's success. As a Software Engineer Principal Senior within PNC's Technology organization, you will be based in Pittsburgh, PA. The position is…",https://www.adzuna.com/details/5437684893?utm_medium=api&utm_source=a6e23083,N/A,15-1251,IT,[]
Software Engineer Principal Sr,PNC,"Pittsburgh, Allegheny County",104481.73,"Position Overview At PNC, our people are our greatest differentiator and competitive advantage in the markets we serve. We are all united in delivering the best experience for our customers. We work together each day to foster an inclusive workplace culture where all of our employees feel respected, valued and have an opportunity to contribute to the company's success. As a Software Engineer Principal Sr within PNC's numo organization, you will be based in Pittsburgh, PA. PNC will not provide s…",https://www.adzuna.com/details/5437684908?utm_medium=api&utm_source=a6e23083,N/A,15-1251,IT,[]
Retail Team Member,Pan American Group,"Pittsburgh, Allegheny County",34939.4,"Flynn Group entered the Panera system in 2015 with the acquisition of 47 cafes. Since then, we have more than tripled in size to become the 2nd largest Panera franchisee in the world and continue to grow by building new stores and acquiring other franchise operators. Flynn Panera is a franchisee of Panera Bread. Flynn Panera is built on a decentralized business model, which means that each geographic area is led by a Market Leader. Reporting to the ML are Area Directors, who are multiple unit o…",https://www.adzuna.com/details/5437684644?utm_medium=api&utm_source=a6e23083,N/A,15-1251,IT,[]
Catering Lead Assistant,Pan American Group,"Pittsburgh, Allegheny County",35407.6,"Flynn Group entered the Panera system in 2015 with the acquisition of 47 cafes. Since then, we have more than tripled in size to become the 2nd largest Panera franchisee in the world and continue to grow by building new stores and acquiring other franchise operators. Flynn Panera is a franchisee of Panera Bread. Flynn Panera is built on a decentralized business model, which means that each geographic area is led by a Market Leader. Reporting to the ML are Area Directors, who are multiple unit o…",https://www.adzuna.com/details/5437684643?utm_medium=api&utm_source=a6e23083,N/A,15-1251,IT,[]
Assistant Manager,Pan American Group,"Pittsburgh, Allegheny County",44024.31,"Flynn Group entered the Panera system in 2015 with the acquisition of 47 cafes. Since then, we have more than tripled in size to become the 2nd largest Panera franchisee in the world and continue to grow by building new stores and acquiring other franchise operators. Flynn Panera is a franchisee of Panera Bread. Flynn Panera is built on a decentralized business model, which means that each geographic area is led by a Market Leader. Reporting to the ML are Area Directors, who are multiple unit o…",https://www.adzuna.com/details/5437684646?utm_medium=api&utm_source=a6e23083,N/A,15-1251,IT,[]
Baker,Pan American Group,"Pittsburgh, Allegheny County",40295.47,"Flynn Group entered the Panera system in 2015 with the acquisition of 47 cafes. Since then, we have more than tripled in size to become the 2nd largest Panera franchisee in the world and continue to grow by building new stores and acquiring other franchise operators. Flynn Panera is a franchisee of Panera Bread. Flynn Panera is built on a decentralized business model, which means that each geographic area is led by a Market Leader. Reporting to the ML are Area Directors, who are multiple unit o…",https://www.adzuna.com/details/5437684651?utm_medium=api&utm_source=a6e23083,N/A,15-1251,IT,[]
Aircraft Maintenance Technician Apprentice,Republic Airways,"Pittsburgh, Allegheny County",34682.48,"Job Category: Mx Mechanic POSITION PURPOSE Under guidance of a Licensed A&P Mechanic, performs preventive maintenance, repair, modifications and other maintenance of aircraft, components and related equipment in accordance with standards and regulations. ESSENTIAL DUTIES _To perform this job successfully, an individual must be able to perform each essential duty satisfactorily. Reasonable accommodation may be made to enable individuals with disabilities to perform the essential functions._  Rep…",https://www.adzuna.com/details/5437682945?utm_medium=api&utm_source=a6e23083,N/A,15-1251,IT,[]
Virtual Patient Monitor,Highmark Health,"Pittsburgh, Allegheny County",49248.68,"Company : Allegheny Health Network Job Description : GENERAL OVERVIEW: This position will provide continuous observation and surveillance of multiple patients across the AHN network requiring close observation via a central command center. This position will work cooperatively with nursing and hospital teams across the network to maintain a safe environment and ensure optimal patient safety and comfort. ESSENTIAL RESPONSIBILITIES  Maintains visual observation at all times, monitoring patient be…",https://www.adzuna.com/details/5437682714?utm_medium=api&utm_source=a6e23083,N/A,15-1251,IT,[]
Summer 2026 Risk & Compliance Management Undergraduate Intern,Highmark Health,"Pittsburgh, Allegheny County",50756.11,"Company : Highmark Health Job Description : Applicants must be authorized to work in the U.S. independently. At this time, we do not offer visa sponsorship for this role. SUMMARY OF JOB RESPONSIBILITIES This job has the goal of providing the opportunity to acquire practical experience through direct exposure to the related business line(s) and to develop the next generation of diverse business professionals. To that end, the program will provide hands-on training and experience in the business …",https://www.adzuna.com/details/5437682718?utm_medium=api&utm_source=a6e23083,N/A,15-1251,IT,[]
Summer 2026 Associate Software Engineer Undergraduate Intern,Highmark Health,"Pittsburgh, Allegheny County",47225.29,"Company : enGen Job Description : Applicants must be authorized to work in the U.S. independently. At this time, we do not offer visa sponsorship for this role. SUMMARY OF JOB RESPONSIBILITIES This job has the goal of providing the opportunity to acquire practical experience through direct exposure to the related business line(s) and to develop the next generation of diverse business professionals. To that end, the program will provide hands-on training and experience in the business line, expo…",https://www.adzuna.com/details/5437682700?utm_medium=api&utm_source=a6e23083,N/A,15-1251,IT,[]
Endoscopy Technician (Casual) I West Penn Hospital,Highmark Health,"Pittsburgh, Allegheny County",30998.38,Company : Allegheny Health Network Job Description : GENERAL OVERVIEW: Acts under the direction of the endoscopist and/or Registered Nurse during endoscopic procedures. May assist the RN in technical aspects of circulating duties. ESSENTIAL RESPONSIBILITIES:  Participates in the maintenance of Procedure room supplies and endoscopic equipment. Assures the integrity/condition and availability of adequate equipment. (40%)  Functions as an integral member of the team throughout the performance of G…,https://www.adzuna.com/details/5437682709?utm_medium=api&utm_source=a6e23083,N/A,15-1251,IT,[]
Director Real Estate Operations,Highmark Health,"Pittsburgh, Allegheny County",116726.54,"Company : Highmark Health Job Description : JOB SUMMARY This job is responsible for leading Real Estate Operations for Corporate Real Estate Services as it relates to the enterprise real estate portfolio. Responsibilities include develop and implement a comprehensive facilities management strategy, establish and maintain industry best practices, oversee all aspects of facilities operations. Additional responsibilities include, develop and implement policies and procedures, develop and manage bu…",https://www.adzuna.com/details/5437682713?utm_medium=api&utm_source=a6e23083,N/A,15-1251,IT,[]
Summer 2026 Treasury Undergraduate Intern,Highmark Health,"Pittsburgh, Allegheny County",54012.65,"Company : Highmark Health Job Description : Applicants must be authorized to work in the U.S. independently. At this time, we do not offer visa sponsorship for this role. SUMMARY OF JOB RESPONSIBILITIES This job has the goal of providing the opportunity to acquire practical experience through direct exposure to the related business line(s) and to develop the next generation of diverse business professionals. To that end, the program will provide hands-on training and experience in the business …",https://www.adzuna.com/details/5437682697?utm_medium=api&utm_source=a6e23083,N/A,15-1251,IT,[]
Senior Client Manager - PA,Highmark Health,"Pittsburgh, Allegheny County",66530.09,"Company : Highmark Inc. Job Description : JOB SUMMARY This job is responsible for managing a book of business and the business relationship as a strategic consultant for existing accounts directly or through intermediaries. The incumbent is responsible for renewing accounts and selling new products and services to existing accounts to ensure retention and growth of profitable business. ESSENTIAL RESPONSIBILITIES  Review new products, services, capabilities, and technologies with the client in o…",https://www.adzuna.com/details/5437682698?utm_medium=api&utm_source=a6e23083,N/A,15-1251,IT,[]
"Performance Improvement Specialist, Allegheny General",Highmark Health,"Pittsburgh, Allegheny County",55566.72,"Company : Allegheny Health Network Job Description : Date Posted: 10/7/2025 Location: Allegheny General Hospital Department: Quality Status: Full Time Shift: 80 hours every two weeks Monday - Friday, Daylight Union: No THE UNIT: Allegheny General's Quality Department is responsible for supporting physicians and staff with achieving various quality metrics. ALLEGHENY GENERAL HOSPITAL:  AGH is a Level I Shock Trauma Center  5 state of the art ICU's  State of the art Cancer Center  550 Beds ALLEGH…",https://www.adzuna.com/details/5437682702?utm_medium=api&utm_source=a6e23083,N/A,15-1251,IT,[]
Summer 2026 Enterprise Finance Undergraduate Intern,Highmark Health,"Pittsburgh, Allegheny County",49688.18,"Company : Highmark Health Job Description : Applicants must be authorized to work in the U.S. independently. At this time, we do not offer visa sponsorship for this role. SUMMARY OF JOB RESPONSIBILITIES This job has the goal of providing the opportunity to acquire practical experience through direct exposure to the related business line(s) and to develop the next generation of diverse business professionals. To that end, the program will provide hands-on training and experience in the business …",https://www.adzuna.com/details/5437682720?utm_medium=api&utm_source=a6e23083,N/A,15-1251,IT,[]
Summer 2026 Regulatory Management Office Undergraduate Intern,Highmark Health,"Pittsburgh, Allegheny County",51140.2,"Company : Highmark Health Job Description : Applicants must be authorized to work in the U.S. independently. At this time, we do not offer visa sponsorship for this role. SUMMARY OF JOB RESPONSIBILITIES This job has the goal of providing the opportunity to acquire practical experience through direct exposure to the related business line(s) and to develop the next generation of diverse business professionals. To that end, the program will provide hands-on training and experience in the business …",https://www.adzuna.com/details/5437682688?utm_medium=api&utm_source=a6e23083,N/A,15-1251,IT,[]
Community Health Worker,Highmark Health,"Pittsburgh, Allegheny County",40382.8,"Company : Allegheny Health Network Job Description : GENERAL OVERVIEW: This job will be responsible for helping patients to navigate and access medical care, community services/resources and develop healthy behaviors. The incumbent will act as a caring neighbor to help patients address the social, medical, and community problems that lead to poor health (social determinants of health). Will collaborate with medical providers to help patients deal with the 'real life' issues that keep them from …",https://www.adzuna.com/details/5437682690?utm_medium=api&utm_source=a6e23083,N/A,15-1251,IT,[]
"RN Critical Care Transport, AHN",Highmark Health,"Aspinwall, Allegheny County",56505.37,"Company : Allegheny Health Network Job Description : Date Posted: 9/22/2025 Department: Critical Care Transport Location: Sharpsburg, PA Status: Full Time Shift: Rotational, 36 hours weekly, primarily 10am-10pm with occasional overnight shift as needed, weekends and holidays required CRITICAL CARE TRANSPORT: The Critical Care Transport Team completes approximately 1300 critical care ground transports annually between AHN facilities. Based out of Sharpsburg, PA, our coverage area spans from Sout…",https://www.adzuna.com/details/5437682684?utm_medium=api&utm_source=a6e23083,N/A,15-1251,IT,[]
VP Quality & Safety - AHN,Highmark Health,"Pittsburgh, Allegheny County",123960.16,"Company : Allegheny Health Network Job Description : GENERAL OVERVIEW: This position is responsible for developing strategic plans that focus on quality improvement initiatives in collaboration with AHN's Chief Quality Officer, the VP, Quality Informatics and Reporting, and administrative and clinical leaders for each entity within Allegheny Health Network's (AHN) enterprise. This position reports directly to AHN's Chief Quality Officer and will work collaboratively with this leader to achieve …",https://www.adzuna.com/details/5437682685?utm_medium=api&utm_source=a6e23083,N/A,15-1251,IT,[]
Manager Patient Safety - AGH - Full Time,Highmark Health,"Pittsburgh, Allegheny County",45642.29,"Company : Allegheny Health Network Job Description : GENERAL OVERVIEW: Identifies, analyzes, manages, and monitors patient safety and risk issues for the organization. Responsible for implementing systematic approaches to achieve expected outcomes. Works with senior leaders, physicians, entity chief medical officers and chief quality officers and entity directors to coordinate a consistent strategy of comprehensive patient-centered care. ESSENTIAL RESPONSIBILITIES:  Responsible for the implemen…",https://www.adzuna.com/details/5437682502?utm_medium=api&utm_source=a6e23083,N/A,15-1251,IT,[]
Patient Care Technician I - Rapid Transfer Unit - West Penn Hospital - Part Time,Highmark Health,"Pittsburgh, Allegheny County",54908.66,"Company : Allegheny Health Network Job Description : Rapid Transfer Unit The Rapid Transfer Unit (RTU) is a specialized area of variable acuity designed to quickly evaluate and triage patients with acute medical conditions. The primary goal of the RTU is to expedite patient assessment, diagnosis, and treatment decisions, leading to more efficient patient flow and improved outcomes. Nurses will be required to have ACLS and NIHSS certifications before coming off of orientation. Nurses will be cro…",https://www.adzuna.com/details/5437682492?utm_medium=api&utm_source=a6e23083,N/A,15-1251,IT,[]
Emergency Medical Technician Basic (EMT-B) AHN Critical Care Transport,Highmark Health,"Aspinwall, Allegheny County",55508.46,Company : Allegheny Health Network Job Description : GENERAL OVERVIEW: Assumes and maintains emergency and critical care of patients within the transport environment. ESSENTIAL RESPONSIBILITIES:  Collaborates within a multidisciplinary team to establish an appropriate plan of care to safely transport critically ill or injured patients.  Provides critical care life support and medical care for the population served according to established standards and protocols and PA DOH regulations.  Serves …,https://www.adzuna.com/details/5437682366?utm_medium=api&utm_source=a6e23083,N/A,15-1251,IT,[]
Gopuff Delivery Driver - Choose when you work,Gopuff,"Bethel Park, Allegheny County",66404.08,"Do more than make ends meet. Deliver with Gopuff and get paid to deliver what your neighbors need from a Gopuff facility near you! With one centralized pickup location and smaller delivery zones, Gopuff makes earning effortless. It's simple: deliver from a facility near you straight to the customer! You’ll be delivering everyday essentials, from cleaning supplies, home needs and OTC medications to food, drinks and more. Sign up to be a Gopuff Delivery Partner today and experience the easiest wa…",https://www.adzuna.com/land/ad/5437681731?se=npsbkX2k8BGGz-i-DD1n5Q&utm_medium=api&utm_source=a6e23083&v=7AA7CBE4C35AEAD63EA6065949EAD3963A944BCF,N/A,15-1251,IT,[]
"Estee Lauder - Freelancer - Pittsburgh, PA",The Estee Lauder Companies,"Pittsburgh, Allegheny County",57974.26,"The Estée Lauder Companies Inc. is one of the world's leading manufacturers, marketers, and sellers of quality skin care, makeup, fragrance, and hair care products, and is a steward of luxury and prestige brands globally. The company's products are sold in approximately 150 countries and territories under brand names including: Estée Lauder, Aramis, Clinique, Lab Series, Origins, M·A·C, La Mer, Bobbi Brown Cosmetics, Aveda, Jo Malone London, Bumble and bumble, Darphin Paris, TOM FORD, Smashbox,…",https://www.adzuna.com/details/5437681452?utm_medium=api&utm_source=a6e23083,N/A,15-1251,IT,[]
Application Operations Sales & Delivery Lead - Senior Manager/Specialist Leader,Deloitte,"Pittsburgh, Allegheny County",175908.08,"Position Summary Application Operations Sales & Delivery Lead/Senior Manager/Specialist Leader-AI & Engineering Join our AI & Engineering team in transforming technology platforms, driving innovation, and helping make a significant impact on our clients' success. You'll work alongside talented professionals reimagining and re-engineering operations and processes that are critical to businesses. Your contributions can help clients improve financial performance, accelerate new digital ventures, a…",https://www.adzuna.com/details/5437681155?utm_medium=api&utm_source=a6e23083,N/A,15-1251,IT,[]
"Vendor Inventory Management, Senior Consultant",Deloitte,"Pittsburgh, Allegheny County",72532.75,"Senior Consultant -SAP Vendor Invoice Management (VIM) by OpenText About Deloitte Our Deloitte AI & Engineering team to transform technology platforms, drive innovation, and help make a significant impact on our clients' success. You'll work alongside talented professionals reimagining and reengineering operations and processes that are critical to businesses. Your contributions can help clients improve financial performance, accelerate new digital ventures, and fuel growth through innovation. …",https://www.adzuna.com/details/5437681132?utm_medium=api&utm_source=a6e23083,N/A,15-1251,IT,[]
Sr. Data Conversion Business Consultant,Deloitte,"Pittsburgh, Allegheny County",199797.0,"Are you an experienced, passionate pioneer in technology who wants to work in a collaborative environment? As an experienced Sr. Data Conversion Business Consultant, you will have the ability to share new ideas and collaborate on projects as a consultant without the extensive demands of travel. If so, consider an opportunity with Deloitte under our Project Delivery Talent Model. Project Delivery Model (PDM) is a talent model that is tailored specifically for long-term, onsite client service del…",https://www.adzuna.com/details/5437681131?utm_medium=api&utm_source=a6e23083,N/A,15-1251,IT,[]
Sr. Data Conversion Business Consultant,Deloitte,"Pittsburgh, Allegheny County",164365.45,"Are you an experienced, passionate pioneer in technology who wants to work in a collaborative environment? As an experienced Sr. Data Conversion Business Consultant, you will have the ability to share new ideas and collaborate on projects as a consultant without the extensive demands of travel. If so, consider an opportunity with Deloitte under our Project Delivery Talent Model. Project Delivery Model (PDM) is a talent model that is tailored specifically for long-term, onsite client service del…",https://www.adzuna.com/details/5437681116?utm_medium=api&utm_source=a6e23083,N/A,15-1251,IT,[]
Flexible Consumption Revenue Recognition Implementation Manager,Deloitte,"Pittsburgh, Allegheny County",171865.94,"Flexible Consumption Revenue Recognition Implementation Manager Our Deloitte Customer team empowers organizations to build deeper relationships with customers through innovative strategies, advanced analytics, Generative AI, transformative technologies, and creative design. We can enhance customer experiences and drive sustained growth and customer value creation and capture, through customer and commercial strategies, digital products and innovation, marketing, commerce, sales, and service. We…",https://www.adzuna.com/details/5437681073?utm_medium=api&utm_source=a6e23083,N/A,15-1251,IT,[]
Package Solution Management Manager,Deloitte,"Pittsburgh, Allegheny County",140188.78,"Our Deloitte Customer team empowers organizations to build deeper relationships with customers through innovative strategies, advanced analytics, Generative AI, transformative technologies, and creative design. We can enhance customer experiences and drive sustained growth and customer value creation and capture, through customer and commercial strategies, digital products and innovation, marketing, commerce, sales, and service. We are a team of strategists, data scientists, operators, creative…",https://www.adzuna.com/details/5437681075?utm_medium=api&utm_source=a6e23083,N/A,15-1251,IT,[]
GenAI Engineer,Deloitte,"Pittsburgh, Allegheny County",162106.36,"Role Overview: As a GenAI Engineer , you will actively engage in your engineering craft, taking a hands-on approach to multiple high-visibility projects. Your expertise will be pivotal in delivering solutions that delight customers and users, while also driving tangible value for Deloitte's business investments. You will leverage your GenAI & engineering craftmanship across multiple programming languages and modern frameworks, consistently demonstrating your strong track record in delivering hi…",https://www.adzuna.com/details/5437681053?utm_medium=api&utm_source=a6e23083,N/A,15-1251,IT,[]
Post Doctoral Fellow,Carnegie Mellon University,"Pittsburgh, Allegheny County",109589.52,"Description The Human-Computer Interaction Institute (HCII) at Carnegie Mellon University is seeking a postdoctoral researcher to conduct design research on technology and service innovations in the hospitality industry. The postdoc will lead research-through-design activities-such as field studies, prototyping, and speculative design-to explore how digital tools and interactive systems can enhance guest experiences, support workers, and reimagine hospitality services. The role includes collabo…",https://www.adzuna.com/details/5437680391?utm_medium=api&utm_source=a6e23083,N/A,15-1251,IT,[]
Service Leader,Chipotle Mexican Grill,"Pittsburgh, Allegheny County",41907.65,"CULTIVATE A BETTER WORLD Food served fast does not have to be a typical fast-food experience. Chipotle has always done things differently, both in and out of our restaurants. We are changing the face of fast food, starting conversations, and directly supporting efforts to shift the future of farming and food. We hope you will join us as we continue to learn, evolve, and shape what comes next on our mission to make better food accessible to everyone. THE OPPORTUNITY The Service Leader is respons…",https://www.adzuna.com/details/5437680358?utm_medium=api&utm_source=a6e23083,N/A,15-1251,IT,[]
Crew Member,Chipotle Mexican Grill,"Pittsburgh, Allegheny County",35131.82,"CULTIVATE A BETTER WORLD Food served fast does not have to be a typical fast-food experience. Chipotle has always done things differently, both in and out of our restaurants. We are changing the face of fast food, starting conversations, and directly supporting efforts to shift the future of farming and food. We hope you will join us as we continue to learn, evolve, and shape what comes next on our mission to make better food accessible to everyone. THE OPPORTUNITY At Chipotle, we've created a …",https://www.adzuna.com/details/5437680363?utm_medium=api&utm_source=a6e23083,N/A,15-1251,IT,[]
Crew Member/Prep-Morning Shift,Chipotle Mexican Grill,"Pittsburgh, Allegheny County",35671.29,"CULTIVATE A BETTER WORLD Food served fast does not have to be a typical fast-food experience. Chipotle has always done things differently, both in and out of our restaurants. We are changing the face of fast food, starting conversations, and directly supporting efforts to shift the future of farming and food. We hope you will join us as we continue to learn, evolve, and shape what comes next on our mission to make better food accessible to everyone. THE OPPORTUNITY At Chipotle, we've created a …",https://www.adzuna.com/details/5437680357?utm_medium=api&utm_source=a6e23083,N/A,15-1251,IT,[]
Senior Human Resources Business Partner (Hybrid Work Options),CDM Smith,"Pittsburgh, Allegheny County",92798.94,"42850BR Requisition ID: 42850BR Business Unit: TSU Job Description: CDM Smith is currently seeking a Senior Human Resources Business Partner to join our Technical Services Unit (TSU), providing HR support to the Program Services Group. Reporting to and working in partnership with the Director, Human Resources Business Partners, this role will provide strategic HR leadership, driving initiatives that align with corporate objectives. The Senior HR Business Partner will play a key role in mitigati…",https://www.adzuna.com/details/5437680341?utm_medium=api&utm_source=a6e23083,N/A,15-1251,IT,[]
Building Maintenance Technician,"Adecco US, Inc.","Pittsburgh, Allegheny County",87971.2,"Adecco is assisting a local client recruiting for a Building Maintenance Technician role in Pittsburgh , PA . This is an excellent opportunity to join a winning culture and get your foot in the door with a company that develops and manufactures life-saving therapies, providing pharmaceutical services _._ If a Building Maintenance Technician sounds like something you would be interested in, and you meet the qualifications listed below, apply now! Responsibilities for a Building Maintenance Techn…",https://www.adzuna.com/details/5437679288?utm_medium=api&utm_source=a6e23083,N/A,15-1251,IT,[]
Global Supply Chain/Manhattan Manager,Accenture,"Pittsburgh, Allegheny County",476644.3,"We are: We are a global collective of innovators applying the New every day to improve the way the world works and lives. New doesn't mean being ahead of the curve; new is pushing forward the curve, riding the edge where the impossible meets the transformation and making it reality where it matters. Help us show the world what's possible as you partner with clients to unlock hidden value and deliver innovative solutions. Empowered with innovative tools, continuous learning and a global communit…",https://www.adzuna.com/details/5437679129?utm_medium=api&utm_source=a6e23083,N/A,15-1251,IT,[]
Supply Chain & Operations Consulting - Supply Chain Planning - Manager/Sr. Manager,Accenture,"Pittsburgh, Allegheny County",249684.81,"We are: Accenture Supply Chain & Operations consulting practice who specializes at the intersection of functional consulting, data, & technology. Our Fortune 500 clients all the way through private equity backed portfolio companies need big-picture change, so we come at their challenges from all sides with functional insights, data power, digital leadership, and extensive industry know-how. It's our job to show clients how to take major leaps forward in planning, procurement, manufacturing, ful…",https://www.adzuna.com/details/5437679131?utm_medium=api&utm_source=a6e23083,N/A,15-1251,IT,[]
Lawson/Infor Technology Architect,Accenture,"Pittsburgh, Allegheny County",206687.67,"We Are: Navisite, now a part of Accenture, has evolved to become a trusted digital transformation partner for growing and established global brands. We provide global capabilities, customer-centric solutions, and flexible approaches that are specifically rightsized for the needs of mid-market and small enterprise customers. This team specializes in digital transformation and managed services with deep expertise in cloud, infrastructure and application services dedicated to assisting clients in …",https://www.adzuna.com/details/5437679143?utm_medium=api&utm_source=a6e23083,N/A,15-1251,IT,[]
"Travel Radiation Therapist - $2,646 per week",Care Career,"Bloomfield, Allegheny County",68796.0,"Care Career is seeking a travel Radiation Therapist for a travel job in Pittsburgh, Pennsylvania. Job Description & Requirements Specialty: Radiation Therapist Discipline: Allied Health Professional Start Date: 10/27/2025 Duration: 13 weeks 40 hours per week Shift: 8 hours, days Employment Type: Travel Protect the patients and themselves from improper exposure to radiation. Determine the location of tumors to ensure correct positioning of patients for administering each treatment. Calibrate and…",https://www.adzuna.com/land/ad/5437653927?se=npsbkX2k8BGGz-i-DD1n5Q&utm_medium=api&utm_source=a6e23083&v=A459432FC5D716E4917B1C9691A0509409119048,N/A,15-1251,IT,[]
SAFETY ANALYST,ALCOSAN,"Pittsburgh, Allegheny County",65017.19,"ALCOSAN is committed to providing wastewater treatment services 24 hours a day, seven days a week. From our Board of Directors to our Executive Director, leadership and staff; we work to enhance the community’s quality of life and safety by protecting our rivers and streams. After 60 years of continued design, construction and operations of the sewer system and treatment plant, we now have 400 plus employees serving residential, commercial and industrial customers in 83 communities throughout A…",https://www.adzuna.com/details/5437628594?utm_medium=api&utm_source=a6e23083,N/A,15-1251,IT,[]
PROJECT ENGINEER I,ALCOSAN,"Pittsburgh, Allegheny County",85404.66,"ALCOSAN is committed to providing wastewater treatment services 24 hours a day, seven days a week. From our Board of Directors to our Executive Director, leadership and staff; we work to enhance the community’s quality of life and safety by protecting our rivers and streams. After 60 years of continued design, construction and operations of the sewer system and treatment plant, we now have 400 plus employees serving residential, commercial and industrial customers in 83 communities throughout A…",https://www.adzuna.com/details/5437628333?utm_medium=api&utm_source=a6e23083,N/A,15-1251,IT,[]
"Travel Radiation Therapist - $2,320 per week",Cross Country Allied,"Bloomfield, Allegheny County",60320.0,"Cross Country Allied is seeking a travel Radiation Therapist for a travel job in Pittsburgh, Pennsylvania. Job Description & Requirements Specialty: Radiation Therapist Discipline: Allied Health Professional Start Date: 10/27/2025 Duration: 13 weeks 40 hours per week Shift: 8 hours, days Employment Type: Travel Job Description As a radiation therapist, you'll help treat patients with cancer using radiation. Working closely with radiation oncologists and the cancer care team at a hospital, radia…",https://www.adzuna.com/land/ad/5437627232?se=npsbkX2k8BGGz-i-DD1n5Q&utm_medium=api&utm_source=a6e23083&v=9F2DD847FF544B7D367AD9F1A7C9353B52E56F57,N/A,15-1251,IT,[]
Audit Senior,CyberCoders,"Pittsburgh, Allegheny County",87500.0,"Audit Senior *Title: *Auditor or Audit Senior *Location: *FLEXIBLE - within 1-2 hours of Pittsburgh area, Philadelphia area, Wheeling, WV area, Harrisburg, PA, Allentown, PA - *HEAVILY Hybrid available* *Compensation: *$75,000 - $100,000 base Top Reasons to Work with Us Supportive team and establish firm Great growth potential Competitive compensation and Great benefits What You Will Be Doing Small to mid sized public accounting firm with locations just outside of Philadelphia and just outside …",https://www.adzuna.com/details/5437603950?utm_medium=api&utm_source=a6e23083,N/A,15-1251,IT,[]
Healthcare Project Architect,CyberCoders,"Pittsburgh, Allegheny County",150000.0,"Healthcare Project Architect *Healthcare Project Architect* *Position Overview* The Healthcare Project Architect is responsible for leading the design and implementation of healthcare facilities, ensuring that projects meet healthcare regulations, architectural standards, and the needs of stakeholders. This role combines expertise in architecture with project management and a deep understanding of health IT to deliver innovative solutions that enhance patient care and operational efficiency. *K…",https://www.adzuna.com/details/5437603419?utm_medium=api&utm_source=a6e23083,N/A,15-1251,IT,[]
"CNC Machinist - 2nd Shift - $8,800 Bonus",CyberCoders,"Pittsburgh, Allegheny County",62400.0,"CNC Machinist - 2nd Shift - $8,800 Bonus *Title:* CNC Machinist - 2nd Shift - $8,800 Bonus *Location:* Irwin, PA 15642 (east Pittsburgh) *Hourly: $28 - $34  OT  $8,800 Annual Bonus* *Working Hours: Mon-Thurs 3pm-1am (every other Friday 1pm-9pm)* Overtime is available as requested by employee Founded in the early 1900s we are a 100 employee designer & manufacturer of high performance ball & specialty valves for sanitary & industrial applications. We service most of the main industries in the US …",https://www.adzuna.com/details/5437598716?utm_medium=api&utm_source=a6e23083,N/A,15-1251,IT,[]
"Senior Business Account Executive, SMB Direct Sales",Comcast,"Pittsburgh, Allegheny County",87480.77,"Comcast brings together the best in media and technology. We drive innovation to create the world's best entertainment and online experiences. As a Fortune 50 leader, we set the pace in a variety of innovative and fascinating businesses and create career opportunities across a wide range of locations and disciplines. We are at the forefront of change and move at an amazing pace, thanks to our remarkable people, who bring cutting-edge products and services to life for millions of customers every…",https://www.adzuna.com/details/5437583309?utm_medium=api&utm_source=a6e23083,N/A,15-1251,IT,[]
Selling Sales Manager,New Home Star,"Pittsburgh, Allegheny County",78920.89,"Step Up Your Leadership in New Home Sales with New Home Star! Are you an experienced new home sales professional ready to take the next step in your career? At New Home Star, we provide a platform for driven leaders like you to excel in an innovative, growth-oriented environment. As a New Home Selling Sales Manager, you'll leverage your expertise to inspire your team, deliver exceptional results, and grow in your career. Who We Are New Home Star is the largest privately-owned seller of new home…",https://www.adzuna.com/details/5437579331?utm_medium=api&utm_source=a6e23083,N/A,15-1251,IT,['excel']
"Senior Analyst, Commercial Finance",NEP Group Inc.,"Pittsburgh, Allegheny County",94051.98,"Job Description Job Description Purpose NEP Group is seeking a Senior Financial Analyst to be a strong business partner to our Media Services team across the Americas. The Senior Financial Analyst will be responsible for analyzing financial data, building & maintaining complex financial models, producing executive-level reporting, and collaborating with cross-functional teams to drive support key business initiatives. The ideal candidate will have experience in financial reporting & modeling, p…",https://www.adzuna.com/details/5437578136?utm_medium=api&utm_source=a6e23083,N/A,15-1251,IT,[]
Oracle ERP Project Manager,e4health,"Pittsburgh, Allegheny County",101220.81,"Job Description Job Description Description: ABOUT US At e4health, we Empower Better Health. The e4health Team is on a relentless mission to care for those teams who care for others. We bring our passion, ingenuity, and expertise to every engagement. In joining our Team, we want your help to provide our customers with powerful solutions in the pursuit of quality, integrity, clinical and financial value across healthcare. Our People make the difference. Serving more than 400 hospitals and health…",https://www.adzuna.com/details/5437575778?utm_medium=api&utm_source=a6e23083,N/A,15-1251,IT,[]
Project Engineer (Civil/Roadway),Toole Design Group LLC,"Pittsburgh, Allegheny County",85934.73,"Job Description Job Description Description: Toole Design Group in Pittsburgh, PA is looking to hire an experienced and talented full-time Project Engineer (Civil / Roadway). Are you fascinated by the built environment? Are you passionate about constructability and safety and the opportunity to work on challenging multimodal projects that make communities more livable? Do you have a strong background in civil engineering with roadway/corridor design or site development experience? Are you passi…",https://www.adzuna.com/details/5437575246?utm_medium=api&utm_source=a6e23083,N/A,15-1251,IT,[]
Healthcare Enrollment Specialist - Medicare / Medicaid,"One Senior Care, LLC.","Pittsburgh, Allegheny County",68635.24,"Job Description Job Description Bring Your Leadership—Shape Program Integrity for Older Adults Leverage your healthcare education and hands-on leadership from dynamic health systems to support the Program of All-Inclusive Care for the Elderly (PACE). In this pivotal role, you’ll manage critical Medicare and Medicaid enrollment and revenue operations—directly impacting access to whole-person care for frail older adults. What You’ll Do: Lead the coordination and oversight of PACE participant enro…",https://www.adzuna.com/details/5437575140?utm_medium=api&utm_source=a6e23083,N/A,15-1251,IT,[]
Epic Willow Project Manager,e4health,"Pittsburgh, Allegheny County",114342.61,"Job Description Job Description Description: ABOUT US At e4health, we Empower Better Health. The e4health Team is on a relentless mission to care for those teams who care for others. We bring our passion, ingenuity, and expertise to every engagement. In joining our Team, we want your help to provide our customers with powerful solutions in the pursuit of quality, integrity, clinical and financial value across healthcare. Our People make the difference. Serving more than 400 hospitals and health…",https://www.adzuna.com/details/5437573484?utm_medium=api&utm_source=a6e23083,N/A,15-1251,IT,[]
Gastroenterologist,Placements USA LLC,"Pittsburgh, Allegheny County",61097.46,"Job Description Job Description Gastroenterologist – Pittsburgh, PA Our client is seeking a Board Certified/Eligible Gastroenterologist. They hope to continue to grow their practice with the same success as they have for decades. Job Description: Our client is seeking a gastroenterologist to join six physicians and five physician assistants. The team offers a broad array of services in gastroenterology and hepatology. Successful candidates must possess strong consultative and endoscopic skills …",https://www.adzuna.com/details/5437571615?utm_medium=api&utm_source=a6e23083,N/A,15-1251,IT,[]
Armed Security Guard,BERING STRAITS PROFESSIONAL SERVICES LLC,"Pittsburgh, Allegheny County",48716.02,"Job Description Job Description:\n\nSUMMARY Bering Straits Professional Services, LLC (BSPS), is currently seeking a qualified Armed Security Guard for the Centers for Disease Control and Prevention in Pittsburgh PA. Armed Security Guard enforces regulations designed to prevent breaches of security; exercises judgment and uses discretion in dealing with whether first response should be to intervene directly (asking for assistance when deemed necessary and time allows), provide access and egress…",https://www.adzuna.com/details/5437567489?utm_medium=api&utm_source=a6e23083,N/A,15-1251,IT,[]
Nurse Practitioner - Full Time Regional Traveler,Matrix Medical Network,"Pittsburgh, Allegheny County",75115.33,"Job Description Job Description Overview $7,500 Sign-On Bonus About Us Matrix Medical Network pioneered the first national in-home clinical network, and today we’re an independent provider of comprehensive health assessments serving people across the nation. We deliver exceptional, personalized care that improves health, lowers costs, and empowers people to live their best lives. With deep roots in clinical assessment and care management services, our national network of clinicians breaks throu…",https://www.adzuna.com/details/5437563182?utm_medium=api&utm_source=a6e23083,N/A,15-1251,IT,[]
Intake Specialist,Chaffin Luhana LLP,"Pittsburgh, Allegheny County",55250.72,"Job Description Job Description Intake Specialist To be considered for this role, please call 866-996-6549 and follow the step-by-step instructions outlined by our Co-Founder and Managing Partner. In addition, please complete your application here. You will be evaluated and vetted based on your ability to follow instructions. We look forward to hearing from you! About: The Intake Specialist serves as the initial point of contact for individuals seeking legal representation. This role involves h…",https://www.adzuna.com/details/5437557628?utm_medium=api&utm_source=a6e23083,N/A,15-1251,IT,[]
MSFT Azure Architect,CEI,"Pittsburgh, Allegheny County",139910.56,"Job Description Job Description Job Title: Microsoft Azure Solutions Architect Location: Remote – EST Time Zones Preferred Compensation: Competitive Work Authorization: U.S. Citizen or Green Card About the Role We are seeking a Microsoft Azure Solutions Architect with a strong software development/programming background to design and deliver enterprise-grade Azure solutions. Unlike infrastructure-focused roles, this position requires someone who has evolved from application development into arc…",https://www.adzuna.com/details/5437556740?utm_medium=api&utm_source=a6e23083,N/A,15-1251,IT,['azure']
Data Center / Infrastructure Manager,CEI,"Pittsburgh, Allegheny County",89963.29,Job Description Job Description Data Center/Infrastructure Manager W2 Contract Hybrid (3 days on site 2 days remote) Pittsburgh/Cleveland/Dallas/Phoenix/Birmingham Roles and Responsibilities - Experience Level: 3-5 years (Level 2) Review technology issues Review projects from modernization efforts Collaborate to determine functional and non-functional requirements for new software/applications Knowledgeable of database management systems Use tools and methodologies to create representations for…,https://www.adzuna.com/details/5437556084?utm_medium=api&utm_source=a6e23083,N/A,15-1251,IT,[]
Adobe Workfront Fusion Developer,CEI,"Pittsburgh, Allegheny County",90556.8,"Job Description Job Description CEIs has been partnering with Fortune 500 Clients to Deliver best in class IT Solutions and Talent for over 3 decades, and our longtime client in Pittsburgh is hiring an Adobe Workfront Fusion Developer to their team. Must be currently local to Pittsburgh, PA or Strongsville, OH 6 month contract position with potential for extension and permanent conversion $60.00 / HR  Benefits (medical, dental, vision, and 401k). Responsibilities: Create and optimize Workfront …",https://www.adzuna.com/details/5437555763?utm_medium=api&utm_source=a6e23083,N/A,15-1251,IT,[]
DELIVERY DRIVER,Fayette Parts Service Inc,"Pittsburgh, Allegheny County",19456.19,"Job Description Job Description This is a delivery driver opportunity with full time impact on our NAPA business! Does being out on the open road (not in the office/store all day) get you excited? While it takes some great people to serve our customers from the inside, our Driver jobs are for those who want to be outside serving our customers! A NAPA Delivery Driver is a great opportunity whether you are looking to spend your career with us as a Driver, want to get your foot in the door with us…",https://www.adzuna.com/details/5437553141?utm_medium=api&utm_source=a6e23083,N/A,15-1251,IT,[]
Retail Store Manager,Petsmart,"Pittsburgh, Allegheny County",59689.88,"PetSmart does Anything for Pets and Everything for You JOIN OUR TEAM! Retail Store Manager About Life at PetSmart At PetSmart, were more than just a company obsessed with pets ; were obsessed with our people too . Our values are rooted in unconditional love a lesson we learn from our petsand staying united together .We believe when our associates are happy and healthy, they can provide the best possible care for our furry, scaled, and feathery friends while enjoying a work experience that celeb…",https://www.adzuna.com/details/5437530178?utm_medium=api&utm_source=a6e23083,N/A,15-1251,IT,[]
Contract to Hire Worker's Compensation Attorney,LHH,"Pittsburgh, Allegheny County",115100.91,"Job Description Job Description LHH Recruitment Solutions is seeking a motivated and detail-oriented Junior Workers Compensation Attorney for a full-time, contract-to-hire opportunity with a confidential client. This role is ideal for an attorney looking to grow their experience in workers compensation law while contributing to a collaborative legal team. The position involves handling a variety of tasks including drafting legal documents, conducting legal research, managing case files, and com…",https://www.adzuna.com/land/ad/5437529426?se=gPC6kn2k8BGQCJH2_VE84Q&utm_medium=api&utm_source=a6e23083&v=B521294C801612532081FD1D454A7163A110475D,N/A,15-1251,IT,[]
"Grubhub Driver - Pittsburgh, PA - Fast Cash, Flexible Work!",Grubhub,"Pittsburgh, Allegheny County",57529.41,"Earn big and work on your own time and terms as a Grubhub delivery partner! Grubhub is looking for drivers and bikers like you to hit the road quick and start delivering from restaurants, liquor stores, convenience stores, and more.Looking for a flexible way to earn extra cash? Grubhub is the gig for you. Why deliver with Grubhub? Earn competitive pay and keep 100% of your tips from completed deliveries Create your own flexible schedule to work when you want It's easy to get started, with no re…",https://www.adzuna.com/details/5437527961?utm_medium=api&utm_source=a6e23083,N/A,15-1251,IT,[]
TERRITORY SALES MANAGER,Controls Center Inc,"Pittsburgh, Allegheny County",73910.8,"Job Description Job Description The Territory Sales Manager is responsible for our customers and will demonstrate executive-level administrative, marketing, and influencing skills. As a field/outside residential salesperson, customer relationships will be developed through face-to-face interactions and over the phone. They will provide excellent service and knowledge on products appropriate to enhance sales growth and relationships. This position supports distributors, dealers, and contractors …",https://www.adzuna.com/details/5437526431?utm_medium=api&utm_source=a6e23083,N/A,15-1251,IT,[]
Direct Support Professional (DSP) Second Shift,"ReMed, A Collage Rehabilitation Partner","Pittsburgh, Allegheny County",28979.43,"Job Description Job Description Join the excitement of a dynamic company committed to providing exceptional neurological rehabilitation to adults with brain injury! ReMed, a Collage Rehabilitation Partner is a growing organization dedicated to excellence, honesty and ethics in the treatment of our clients and each other. For more than 35 years, we’ve developed programs to meet the diverse needs of clients with moderate to severe traumatic and acquired brain injuries. We provide treatment for po…",https://www.adzuna.com/details/5437525738?utm_medium=api&utm_source=a6e23083,N/A,15-1251,IT,[]
Accounts Receivable Specialist,LHH,"Pittsburgh, Allegheny County",60766.23,"Job Description Job Description A reputable organization in downtown Pittsburgh is seeking an experienced Accounts Receivable Specialist for a contract-to-hire position. This role offers the opportunity to join a collaborative team and contribute to a variety of accounting and clerical functions in a professional office environment. Responsibilities: Administer accounts receivable processes, respond to customer inquiries regarding invoices, and maintain accurate billing records. Process incomin…",https://www.adzuna.com/details/5437524998?utm_medium=api&utm_source=a6e23083,N/A,15-1251,IT,[]
Direct Support Professional (DSP) Weekends,"ReMed, A Collage Rehabilitation Partner","Pittsburgh, Allegheny County",30385.36,"Job Description Job Description Join the excitement of a dynamic company committed to providing exceptional neurological rehabilitation to adults with brain injury! ReMed, a Collage Rehabilitation Partner is a growing organization dedicated to excellence, honesty and ethics in the treatment of our clients and each other. For more than 35 years, we’ve developed programs to meet the diverse needs of clients with moderate to severe traumatic and acquired brain injuries. We provide treatment for po…",https://www.adzuna.com/details/5437524405?utm_medium=api&utm_source=a6e23083,N/A,15-1251,IT,[]
Direct Support Professional (DSP) Weekend Overnight,"ReMed, A Collage Rehabilitation Partner","Pittsburgh, Allegheny County",31923.31,"Job Description Job Description Join the excitement of a dynamic company committed to providing exceptional neurological rehabilitation to adults with brain injury! ReMed, a Collage Rehabilitation Partner is a growing organization dedicated to excellence, honesty and ethics in the treatment of our clients and each other. For more than 35 years, we’ve developed programs to meet the diverse needs of clients with moderate to severe traumatic and acquired brain injuries. We provide treatment for po…",https://www.adzuna.com/details/5437522651?utm_medium=api&utm_source=a6e23083,N/A,15-1251,IT,[]
Activity Aide,Vincentian,"Pittsburgh, Allegheny County",24588.0,"Job Description Job Description Starting at $15/hr with wages based on experience, looking for Full Time or Part Time availability! Summary: The Community Life Team Member (Activity Aide) is instrumental in the success of Vincentian’s Community Life Department. They will assist with the coordination of daily operations of the department by implementing quality programs, one-to-one visits and sensory/environmental stimulation, engaging intergenerational programs and spaces (intentional and organ…",https://www.adzuna.com/details/5437521376?utm_medium=api&utm_source=a6e23083,N/A,15-1251,IT,[]
Cost Estimator,Forms+Surfaces Inc,"Glenshaw, Allegheny County",93744.21,"Job Description Job Description At FormsSurfaces , we bring together innovative and skilled craftspeople to create breakthrough design solutions that enhance the way people live and work around the world. As the Cost Estimator and part of our Pittsburgh team, your career will put you on the front line of our activities. You'll find the products we make indoors, outdoors, and everywhere in between: from office buildings and airports, and restaurants and hotels, to universities, healthcare facili…",https://www.adzuna.com/details/5437521165?utm_medium=api&utm_source=a6e23083,N/A,15-1251,IT,[]
Sales Consultant Part-Time,Victra - Verizon Wireless Premium Retailer,"Pittsburgh, Allegheny County",43570.71,"Job Description Job Description Sales Consultant Part Time When you join Victra Victra is Verizon's largest premium retailer in the United States. We are seeking Sales Consultants who deliver world-class service to Every Guest. Every Time. From executing Victra's sales process to sharing your product knowledge, you will connect our guests to what matters most. You will be the face of Victra! We offer uncapped earning potential and endless opportunities for advancement. Our values of performance…",https://www.adzuna.com/details/5437518662?utm_medium=api&utm_source=a6e23083,N/A,15-1251,IT,[]
Business Development Representative,DSQ Technology,"Observatory, Allegheny County",63750.0,"Do you get a rush from chasing down new opportunities and turning a “maybe” into a “yes”? At DSQ, we’re looking for a Business Development Representative (BDR) who thrives on the hunt. You’ll be the front line of our sales team—sparking conversations, uncovering opportunities, and filling the pipeline that fuels our growth. This isn’t a role where you sit back and wait for leads . Y ou’ll be out there making it happen with calls, emails, social media outreach, and competitive prospecting. Along…",https://www.adzuna.com/details/5437505864?utm_medium=api&utm_source=a6e23083,N/A,15-1251,IT,[]
Freight Broker,Beemac Logistics,"Observatory, Allegheny County",110736.33,"Beemac Logistics is looking to build our Salesforce! We need dynamic, competitive, and entrepreneurial minded individuals who are motivated by unlimited earning potential. This is a unique inside sales position with the ability to make a SIX-FIGURE income in as little as 18 months! It is an opportunity to grow a book of business and build meaningful relationships in the transportation logistics industry. In this role you can earn cash bonuses, become a Vice President, and work from home days po…",https://www.adzuna.com/details/5437499738?utm_medium=api&utm_source=a6e23083,N/A,15-1251,IT,[]
Data Entry Clerk - Part Time Remote Work From Home - Entry Level - START THIS WEEK,Happy Payday,"Pittsburgh, Allegheny County",45585.87,"Data Entry Clerk Needed  Work from Home Remote / Part Time Entry Level – Start Today – This Week OneGoodGig is an always-free job aid that instantly and simply connects job seekers to legitimate, current part-time remote work from home jobs that can pay you pay daily, weekly or monthly depending on the project. Visit our website for more details. This is not a “ghost job listing” … This job exists, so if you see this job posting up, we are actively looking for people who can type and do data en…",https://www.adzuna.com/land/ad/5437496146?se=gPC6kn2k8BGQCJH2_VE84Q&utm_medium=api&utm_source=a6e23083&v=C967352D01BB433C7FCF1C1E0877EE0F93920A32,N/A,15-1251,IT,[]
"Travel Mammography Technologist - $2,340 per week",Epic Travel Staffing Allied,"Bloomfield, Allegheny County",60840.0,"Epic Travel Staffing Allied is seeking a travel Mammography Technologist for a travel job in Pittsburgh, Pennsylvania. Job Description & Requirements Specialty: Mammography Technologist Discipline: Allied Health Professional Start Date: 10/20/2025 Duration: 13 weeks 40 hours per week Shift: 8 hours, days Employment Type: Travel Job Opportunities Travel Radiology Tech - Mammography Epic Travel Staffing is hiring a Travel Radiology Tech - Mammography. We`ll be your ticket to the travel Rad Tech -…",https://www.adzuna.com/land/ad/5437490597?se=gPC6kn2k8BGQCJH2_VE84Q&utm_medium=api&utm_source=a6e23083&v=61256E15B6EFC13ED10DF647831BF55C60B15414,N/A,15-1251,IT,[]
Radiologic Technologist - Per Diem,GoHealth Urgent Care - UCSF Health,"Pittsburgh, Allegheny County",63632.69,"It's fun to work in a company where people truly BELIEVE in what they are doing! We're committed to bringing passion and customer focus to the business. UPMC , the largest non-profit healthcare system in Pennsylvania, is widely recognized as one of the leading academic medical institutions in the world. GoHealth Urgent Care is the largest operator of urgent cares in the country. Together we operate urgent care centers across Pennsylvania and West Virginia. And we are in growth mode! At UPMC-GoH…",https://www.adzuna.com/details/5437489950?utm_medium=api&utm_source=a6e23083,N/A,15-1251,IT,[]
"Travel MRI Technologist - $2,778 per week",Epic Travel Staffing Allied,"Bloomfield, Allegheny County",72228.0,"Epic Travel Staffing Allied is seeking a travel MRI Technologist for a travel job in Pittsburgh, Pennsylvania. Job Description & Requirements Specialty: MRI Technologist Discipline: Allied Health Professional Start Date: 10/27/2025 Duration: 13 weeks 39 hours per week Shift: 13 hours Employment Type: Travel Job Opportunities Travel Imaging Tech - MRI Epic Travel Staffing is hiring a Travel Imaging Tech - MRI. We`ll be your ticket to the travel Medical Imaging Technician - Magnetic Resonance Ima…",https://www.adzuna.com/land/ad/5437478459?se=gPC6kn2k8BGQCJH2_VE84Q&utm_medium=api&utm_source=a6e23083&v=90AB35597CD2619E28D36F4D940909BF6F999465,N/A,15-1251,IT,[]
Sr.Java Developer,CGI,"Pittsburgh, Allegheny County",93950.0,"Position Description: This position requires someone to be in a hybrid office work setting in Pittsburgh, PA, Cleveland, OH, Dallas, TX. We're looking for someone with a strong background in Java, Spring Boot, and cloud-based architectures, who enjoys building innovative backend solutions and thrives in a collaborative, problem-solving environment. Your future duties and responsibilities: . Design, maintain and implementation of API, microservices and backend components . Work with API develope…",https://www.adzuna.com/details/5437468542?utm_medium=api&utm_source=a6e23083,N/A,15-1251,IT,"['spring', 'java']"
"Travel Neuro Interventional Radiology Technologist - $3,106 per week",Epic Travel Staffing Allied,"Bloomfield, Allegheny County",80756.0,"Epic Travel Staffing Allied is seeking a travel Interventional Radiology Technologist for a travel job in Pittsburgh, Pennsylvania. Job Description & Requirements Specialty: Interventional Radiology Technologist Discipline: Allied Health Professional Start Date: 10/27/2025 Duration: 13 weeks 40 hours per week Shift: 10 hours, nights Employment Type: Travel Job Opportunities Travel Radiology Tech - Interventional Radiology Epic Travel Staffing is hiring a Travel Radiology Tech - Interventional R…",https://www.adzuna.com/land/ad/5437467421?se=gPC6kn2k8BGQCJH2_VE84Q&utm_medium=api&utm_source=a6e23083&v=192F4254543989288C5E31C9BB1DB9FFBC362F06,N/A,15-1251,IT,['r']
"Top 50% of OTR CDL A drivers avg. $92,254/Year",Crete Carrier Corporation,"Pittsburgh, Allegheny County",92254.0,"TRUCK DRIVING JOBS: WE ARE HIRING DRIVERS! * We're a Certified Top Pay Carrier and the top 50 percent of our drivers average* *$92,254* * per year. * * STRONGER TOGETHER * It s part of the American fabric. Good people getting a job done. Customers facing deadlines. Drivers delivering safely and on time. And the team behind the scenes connecting the dots. *We do it every day. Together.* *➤* *Call a recruiter today to learn more.* *(855) 335-2857* * TOP REASONS TO JOIN US * * Miles are up! * We p…",https://www.adzuna.com/details/5437459806?utm_medium=api&utm_source=a6e23083,N/A,15-1251,IT,[]
"Travel CT Technologist - $2,760 per week",Epic Travel Staffing Allied,"Bloomfield, Allegheny County",71760.0,"Epic Travel Staffing Allied is seeking a travel CT Technologist for a travel job in Pittsburgh, Pennsylvania. Job Description & Requirements Specialty: CT Technologist Discipline: Allied Health Professional Start Date: 10/27/2025 Duration: 13 weeks 36 hours per week Shift: 12 hours Employment Type: Travel Job Opportunities Travel Imaging Tech - CT Epic Travel Staffing is hiring a Travel Imaging Tech - CT. We`ll be your ticket to the travel Medical Imaging Technician - Computed Tomography job yo…",https://www.adzuna.com/land/ad/5437456725?se=gPC6kn2k8BGQCJH2_VE84Q&utm_medium=api&utm_source=a6e23083&v=03E2D423FF11C7989A7577DBAD4C86379CF3B98F,N/A,15-1251,IT,[]
"Deliver with Gopuff - No Shopping, No Riders, No Restaurant",Gopuff Careers,"Penn Hills, Allegheny County",46014.84,"Do more than make ends meet. Deliver with Gopuff and get paid to deliver what your neighbors need from a Gopuff facility near you! With one centralized pickup location and smaller delivery zones, Gopuff makes earning effortless. It's simple: deliver from a facility near you straight to the customer! You’ll be delivering everyday essentials, from cleaning supplies, home needs and OTC medications to food, drinks and more. Sign up to be a Gopuff Delivery Partner today and experience the easiest wa…",https://www.adzuna.com/land/ad/5437453256?se=gPC6kn2k8BGQCJH2_VE84Q&utm_medium=api&utm_source=a6e23083&v=F6A3123F6AB70080E0F39CE6C8DF1261707F44EA,N/A,15-1251,IT,[]
Earn Cash with Gopuff In Your Free Time,Gopuff Careers,"Oakmont, Allegheny County",53787.2,"Do more than make ends meet. Deliver with Gopuff and get paid to deliver what your neighbors need from a Gopuff facility near you! With one centralized pickup location and smaller delivery zones, Gopuff makes earning effortless. It's simple: deliver from a facility near you straight to the customer! You’ll be delivering everyday essentials, from cleaning supplies, home needs and OTC medications to food, drinks and more. Sign up to be a Gopuff Delivery Partner today and experience the easiest wa…",https://www.adzuna.com/land/ad/5437453248?se=gPC6kn2k8BGQCJH2_VE84Q&utm_medium=api&utm_source=a6e23083&v=1186BEACEFA8CD15C01B9E482D11D9C174CAE763,N/A,15-1251,IT,[]
Drive With Gopuff,Gopuff Careers,"Penn Hills, Allegheny County",50858.93,"Do more than make ends meet. Deliver with Gopuff and get paid to deliver what your neighbors need from a Gopuff facility near you! With one centralized pickup location and smaller delivery zones, Gopuff makes earning effortless. It's simple: deliver from a facility near you straight to the customer! You’ll be delivering everyday essentials, from cleaning supplies, home needs and OTC medications to food, drinks and more. Sign up to be a Gopuff Delivery Partner today and experience the easiest wa…",https://www.adzuna.com/land/ad/5437453267?se=gPC6kn2k8BGQCJH2_VE84Q&utm_medium=api&utm_source=a6e23083&v=00510DAE95B65FC74D39374502FE2600AE2A495C,N/A,15-1251,IT,[]
Make Your Own Schedule - Deliver With Gopuff,Gopuff Careers,"Oakmont, Allegheny County",58266.81,"Do more than make ends meet. Deliver with Gopuff and get paid to deliver what your neighbors need from a Gopuff facility near you! With one centralized pickup location and smaller delivery zones, Gopuff makes earning effortless. It's simple: deliver from a facility near you straight to the customer! You’ll be delivering everyday essentials, from cleaning supplies, home needs and OTC medications to food, drinks and more. Sign up to be a Gopuff Delivery Partner today and experience the easiest wa…",https://www.adzuna.com/land/ad/5437453168?se=gPC6kn2k8BGQCJH2_VE84Q&utm_medium=api&utm_source=a6e23083&v=985B5C23B57D7E2F1DE1556BE91A1C827F118579,N/A,15-1251,IT,[]
Gopuff Delivery Driver Partner - Keep 100% of your tips,Gopuff Careers,"Oakmont, Allegheny County",65084.69,"Do more than make ends meet. Deliver with Gopuff and get paid to deliver what your neighbors need from a Gopuff facility near you! With one centralized pickup location and smaller delivery zones, Gopuff makes earning effortless. It's simple: deliver from a facility near you straight to the customer! You’ll be delivering everyday essentials, from cleaning supplies, home needs and OTC medications to food, drinks and more. Sign up to be a Gopuff Delivery Partner today and experience the easiest wa…",https://www.adzuna.com/land/ad/5437453039?se=gPC6kn2k8BGQCJH2_VE84Q&utm_medium=api&utm_source=a6e23083&v=183B811C0B5FD0B47ECC7EFAE04A21322C639C89,N/A,15-1251,IT,[]
Need a Gig? Deliver with Gopuff!,Gopuff Careers,"Oakmont, Allegheny County",71564.7,"Do more than make ends meet. Deliver with Gopuff and get paid to deliver what your neighbors need from a Gopuff facility near you! With one centralized pickup location and smaller delivery zones, Gopuff makes earning effortless. It's simple: deliver from a facility near you straight to the customer! You’ll be delivering everyday essentials, from cleaning supplies, home needs and OTC medications to food, drinks and more. Sign up to be a Gopuff Delivery Partner today and experience the easiest wa…",https://www.adzuna.com/land/ad/5437453054?se=gPC6kn2k8BGQCJH2_VE84Q&utm_medium=api&utm_source=a6e23083&v=11EED3A9D6E4A6844DF9AFECAB0F7EC75F06D1FC,N/A,15-1251,IT,[]
"Gopuff Delivery Driver Partner - No Riders, No Restaurants",Gopuff Careers,"Oakmont, Allegheny County",40427.5,"Do more than make ends meet. Deliver with Gopuff and get paid to deliver what your neighbors need from a Gopuff facility near you! With one centralized pickup location and smaller delivery zones, Gopuff makes earning effortless. It's simple: deliver from a facility near you straight to the customer! You’ll be delivering everyday essentials, from cleaning supplies, home needs and OTC medications to food, drinks and more. Sign up to be a Gopuff Delivery Partner today and experience the easiest wa…",https://www.adzuna.com/land/ad/5437453040?se=gPC6kn2k8BGQCJH2_VE84Q&utm_medium=api&utm_source=a6e23083&v=CF96ED37DEC5C0DF2A31A72FF613D91616FC0A87,N/A,15-1251,IT,[]
Need a Side Hustle? Deliver with Gopuff!,Gopuff Careers,"Oakmont, Allegheny County",63624.01,"Do more than make ends meet. Deliver with Gopuff and get paid to deliver what your neighbors need from a Gopuff facility near you! With one centralized pickup location and smaller delivery zones, Gopuff makes earning effortless. It's simple: deliver from a facility near you straight to the customer! You’ll be delivering everyday essentials, from cleaning supplies, home needs and OTC medications to food, drinks and more. Sign up to be a Gopuff Delivery Partner today and experience the easiest wa…",https://www.adzuna.com/land/ad/5437453003?se=gPC6kn2k8BGQCJH2_VE84Q&utm_medium=api&utm_source=a6e23083&v=712C76EED0544ABD53E7B52F5352754AB099EB57,N/A,15-1251,IT,[]
Gopuff Delivery Driver Partner,Gopuff Careers,"Penn Hills, Allegheny County",66960.84,"Do more than make ends meet. Deliver with Gopuff and get paid to deliver what your neighbors need from a Gopuff facility near you! With one centralized pickup location and smaller delivery zones, Gopuff makes earning effortless. It's simple: deliver from a facility near you straight to the customer! You’ll be delivering everyday essentials, from cleaning supplies, home needs and OTC medications to food, drinks and more. Sign up to be a Gopuff Delivery Partner today and experience the easiest wa…",https://www.adzuna.com/land/ad/5437452890?se=gPC6kn2k8BGQCJH2_VE84Q&utm_medium=api&utm_source=a6e23083&v=2AC7FD05B76A201F31213D19DCF7D0CA897DC84D,N/A,15-1251,IT,[]
Drive with Gopuff - Flexible Hours,Gopuff Careers,"Oakmont, Allegheny County",48722.24,"Do more than make ends meet. Deliver with Gopuff and get paid to deliver what your neighbors need from a Gopuff facility near you! With one centralized pickup location and smaller delivery zones, Gopuff makes earning effortless. It's simple: deliver from a facility near you straight to the customer! You’ll be delivering everyday essentials, from cleaning supplies, home needs and OTC medications to food, drinks and more. Sign up to be a Gopuff Delivery Partner today and experience the easiest wa…",https://www.adzuna.com/land/ad/5437452880?se=gPC6kn2k8BGQCJH2_VE84Q&utm_medium=api&utm_source=a6e23083&v=85DB29A3637FAFB5A3D2D668E7DD9B85F16008F8,N/A,15-1251,IT,[]
Gopuff Delivery Gigs,Gopuff Careers,"Penn Hills, Allegheny County",76180.0,"Do more than make ends meet. Deliver with Gopuff and get paid to deliver what your neighbors need from a Gopuff facility near you! With one centralized pickup location and smaller delivery zones, Gopuff makes earning effortless. It's simple: deliver from a facility near you straight to the customer! You’ll be delivering everyday essentials, from cleaning supplies, home needs and OTC medications to food, drinks and more. Sign up to be a Gopuff Delivery Partner today and experience the easiest wa…",https://www.adzuna.com/land/ad/5437452883?se=gPC6kn2k8BGQCJH2_VE84Q&utm_medium=api&utm_source=a6e23083&v=0870AE2DD532638733683D169A4A396E9E14B4C2,N/A,15-1251,IT,[]
"Deliver Food with Gopuff - No Riders, No Restaurants",Gopuff Careers,"Oakmont, Allegheny County",39418.45,"Do more than make ends meet. Deliver with Gopuff and get paid to deliver what your neighbors need from a Gopuff facility near you! With one centralized pickup location and smaller delivery zones, Gopuff makes earning effortless. It's simple: deliver from a facility near you straight to the customer! You’ll be delivering everyday essentials, from cleaning supplies, home needs and OTC medications to food, drinks and more. Sign up to be a Gopuff Delivery Partner today and experience the easiest wa…",https://www.adzuna.com/land/ad/5437452236?se=gPC6kn2k8BGQCJH2_VE84Q&utm_medium=api&utm_source=a6e23083&v=DBD0C6D6A9988A47A110F31C3A9C6654E742FA3C,N/A,15-1251,IT,[]
"Gopuff Delivery Driver Partner - No Riders, No Restaurants",Gopuff Careers,"Penn Hills, Allegheny County",41002.11,"Do more than make ends meet. Deliver with Gopuff and get paid to deliver what your neighbors need from a Gopuff facility near you! With one centralized pickup location and smaller delivery zones, Gopuff makes earning effortless. It's simple: deliver from a facility near you straight to the customer! You’ll be delivering everyday essentials, from cleaning supplies, home needs and OTC medications to food, drinks and more. Sign up to be a Gopuff Delivery Partner today and experience the easiest wa…",https://www.adzuna.com/land/ad/5437452253?se=gPC6kn2k8BGQCJH2_VE84Q&utm_medium=api&utm_source=a6e23083&v=BFE05380B91157101206A825C3E0F990931FADF3,N/A,15-1251,IT,[]
Earn Cash with Gopuff In Your Free Time,Gopuff Careers,"Penn Hills, Allegheny County",54551.75,"Do more than make ends meet. Deliver with Gopuff and get paid to deliver what your neighbors need from a Gopuff facility near you! With one centralized pickup location and smaller delivery zones, Gopuff makes earning effortless. It's simple: deliver from a facility near you straight to the customer! You’ll be delivering everyday essentials, from cleaning supplies, home needs and OTC medications to food, drinks and more. Sign up to be a Gopuff Delivery Partner today and experience the easiest wa…",https://www.adzuna.com/land/ad/5437452131?se=gPC6kn2k8BGQCJH2_VE84Q&utm_medium=api&utm_source=a6e23083&v=50EEBAEB27071CBC9A4D72F77D94CEAA822E027F,N/A,15-1251,IT,[]
Deliver with Gopuff,Gopuff Careers,"Oakmont, Allegheny County",59332.44,"Do more than make ends meet. Deliver with Gopuff and get paid to deliver what your neighbors need from a Gopuff facility near you! With one centralized pickup location and smaller delivery zones, Gopuff makes earning effortless. It's simple: deliver from a facility near you straight to the customer! You’ll be delivering everyday essentials, from cleaning supplies, home needs and OTC medications to food, drinks and more. Sign up to be a Gopuff Delivery Partner today and experience the easiest wa…",https://www.adzuna.com/land/ad/5437452039?se=gPC6kn2k8BGQCJH2_VE84Q&utm_medium=api&utm_source=a6e23083&v=CBB78FC1B461AF5A05CD0DA65D21D52089D4176A,N/A,15-1251,IT,[]
Become a Gopuff Driver - Flexible Schedule,Gopuff Careers,"Penn Hills, Allegheny County",51137.42,"Do more than make ends meet. Deliver with Gopuff and get paid to deliver what your neighbors need from a Gopuff facility near you! With one centralized pickup location and smaller delivery zones, Gopuff makes earning effortless. It's simple: deliver from a facility near you straight to the customer! You’ll be delivering everyday essentials, from cleaning supplies, home needs and OTC medications to food, drinks and more. Sign up to be a Gopuff Delivery Partner today and experience the easiest wa…",https://www.adzuna.com/land/ad/5437452086?se=rvx-lH2k8BGQCJH2_VE84Q&utm_medium=api&utm_source=a6e23083&v=F40388034A3559785F763CD11EF0412B3EA20D9C,N/A,15-1251,IT,[]
Gopuff Delivery Driver - Choose when you work,Gopuff Careers,"Penn Hills, Allegheny County",55737.09,"Do more than make ends meet. Deliver with Gopuff and get paid to deliver what your neighbors need from a Gopuff facility near you! With one centralized pickup location and smaller delivery zones, Gopuff makes earning effortless. It's simple: deliver from a facility near you straight to the customer! You’ll be delivering everyday essentials, from cleaning supplies, home needs and OTC medications to food, drinks and more. Sign up to be a Gopuff Delivery Partner today and experience the easiest wa…",https://www.adzuna.com/land/ad/5437451987?se=rvx-lH2k8BGQCJH2_VE84Q&utm_medium=api&utm_source=a6e23083&v=6961F8F3EEDDF5B3DC6057D98511536E97B558B4,N/A,15-1251,IT,[]
"Sales Associate- Pittsburgh, PA",KARL STORZ Endoscopy - America Careers,"Pittsburgh, Allegheny County",57568.76,"Reports to: Region Sales Associate Manager (dotted line to local Sales team) KARL STORZ Endoscopy-America, Inc. is seeking a motivated Sales Support Associate to join our dynamic team in the Pittburgh, PA area. This entry-level position is a feeder role to our Sales Executive path and involves providing essential support to the sales efforts in the Pittsburgh market. You will assist in the promotion, marketing, and sales of KARL STORZ products across multiple business units. Key Responsibilitie…",https://www.adzuna.com/land/ad/5437451951?se=rvx-lH2k8BGQCJH2_VE84Q&utm_medium=api&utm_source=a6e23083&v=1612A3DC41BF01CB3481C24426853FDA9C2097F2,N/A,15-1251,IT,[]
Drive with Gopuff - Flexible Hours,Gopuff Careers,"Penn Hills, Allegheny County",49414.76,"Do more than make ends meet. Deliver with Gopuff and get paid to deliver what your neighbors need from a Gopuff facility near you! With one centralized pickup location and smaller delivery zones, Gopuff makes earning effortless. It's simple: deliver from a facility near you straight to the customer! You’ll be delivering everyday essentials, from cleaning supplies, home needs and OTC medications to food, drinks and more. Sign up to be a Gopuff Delivery Partner today and experience the easiest wa…",https://www.adzuna.com/land/ad/5437451826?se=rvx-lH2k8BGQCJH2_VE84Q&utm_medium=api&utm_source=a6e23083&v=8D2AE0A8DBA6F99F040B31F59F105CFD389987F3,N/A,15-1251,IT,[]
Drive with Gopuff - Choose when you work,Gopuff Careers,"Penn Hills, Allegheny County",50344.85,"Do more than make ends meet. Deliver with Gopuff and get paid to deliver what your neighbors need from a Gopuff facility near you! With one centralized pickup location and smaller delivery zones, Gopuff makes earning effortless. It's simple: deliver from a facility near you straight to the customer! You’ll be delivering everyday essentials, from cleaning supplies, home needs and OTC medications to food, drinks and more. Sign up to be a Gopuff Delivery Partner today and experience the easiest wa…",https://www.adzuna.com/land/ad/5437451764?se=rvx-lH2k8BGQCJH2_VE84Q&utm_medium=api&utm_source=a6e23083&v=0D9C3D350C47DDA8E3D4B1179A95C229A665F231,N/A,15-1251,IT,[]
"Gopuff Food Delivery Driver - No Stores, Riders or Restaurants",Gopuff Careers,"Penn Hills, Allegheny County",39989.97,"Do more than make ends meet. Deliver with Gopuff and get paid to deliver what your neighbors need from a Gopuff facility near you! With one centralized pickup location and smaller delivery zones, Gopuff makes earning effortless. It's simple: deliver from a facility near you straight to the customer! You’ll be delivering everyday essentials, from cleaning supplies, home needs and OTC medications to food, drinks and more. Sign up to be a Gopuff Delivery Partner today and experience the easiest wa…",https://www.adzuna.com/land/ad/5437451728?se=rvx-lH2k8BGQCJH2_VE84Q&utm_medium=api&utm_source=a6e23083&v=59F18AE1AD9E418BD55DD8D6AC0F6A85A545B075,N/A,15-1251,IT,[]
Deliver with Gopuff on your schedule,Gopuff Careers,"Oakmont, Allegheny County",60937.55,"Do more than make ends meet. Deliver with Gopuff and get paid to deliver what your neighbors need from a Gopuff facility near you! With one centralized pickup location and smaller delivery zones, Gopuff makes earning effortless. It's simple: deliver from a facility near you straight to the customer! You’ll be delivering everyday essentials, from cleaning supplies, home needs and OTC medications to food, drinks and more. Sign up to be a Gopuff Delivery Partner today and experience the easiest wa…",https://www.adzuna.com/land/ad/5437451604?se=rvx-lH2k8BGQCJH2_VE84Q&utm_medium=api&utm_source=a6e23083&v=82F209C6300D478030FA8AAFC532B289AFC78B8C,N/A,15-1251,IT,[]
"Deliver with Gopuff - No Shopping, No Riders, No Restaurant",Gopuff Careers,"Bethel Park, Allegheny County",43852.3,"Do more than make ends meet. Deliver with Gopuff and get paid to deliver what your neighbors need from a Gopuff facility near you! With one centralized pickup location and smaller delivery zones, Gopuff makes earning effortless. It's simple: deliver from a facility near you straight to the customer! You’ll be delivering everyday essentials, from cleaning supplies, home needs and OTC medications to food, drinks and more. Sign up to be a Gopuff Delivery Partner today and experience the easiest wa…",https://www.adzuna.com/land/ad/5437451430?se=rvx-lH2k8BGQCJH2_VE84Q&utm_medium=api&utm_source=a6e23083&v=88915FED710570CCC27556E48E02EE4C0B53485D,N/A,15-1251,IT,[]
Gopuff Delivery Gigs,Gopuff Careers,"Oakmont, Allegheny County",75112.39,"Do more than make ends meet. Deliver with Gopuff and get paid to deliver what your neighbors need from a Gopuff facility near you! With one centralized pickup location and smaller delivery zones, Gopuff makes earning effortless. It's simple: deliver from a facility near you straight to the customer! You’ll be delivering everyday essentials, from cleaning supplies, home needs and OTC medications to food, drinks and more. Sign up to be a Gopuff Delivery Partner today and experience the easiest wa…",https://www.adzuna.com/land/ad/5437451345?se=rvx-lH2k8BGQCJH2_VE84Q&utm_medium=api&utm_source=a6e23083&v=D383B350EE1CEAB2503CB0B5FDD455A2B5068EAE,N/A,15-1251,IT,[]
Deliver with Gopuff - Pickup & Drop Off - No Fulfillment,Gopuff Careers,"Bethel Park, Allegheny County",47389.51,"Do more than make ends meet. Deliver with Gopuff and get paid to deliver what your neighbors need from a Gopuff facility near you! With one centralized pickup location and smaller delivery zones, Gopuff makes earning effortless. It's simple: deliver from a facility near you straight to the customer! You’ll be delivering everyday essentials, from cleaning supplies, home needs and OTC medications to food, drinks and more. Sign up to be a Gopuff Delivery Partner today and experience the easiest wa…",https://www.adzuna.com/land/ad/5437451265?se=rvx-lH2k8BGQCJH2_VE84Q&utm_medium=api&utm_source=a6e23083&v=8BCFB146593ADE8109099DBDA19408093B8E8B27,N/A,15-1251,IT,[]
Deliver with Gopuff,Gopuff Careers,"Penn Hills, Allegheny County",60175.7,"Do more than make ends meet. Deliver with Gopuff and get paid to deliver what your neighbors need from a Gopuff facility near you! With one centralized pickup location and smaller delivery zones, Gopuff makes earning effortless. It's simple: deliver from a facility near you straight to the customer! You’ll be delivering everyday essentials, from cleaning supplies, home needs and OTC medications to food, drinks and more. Sign up to be a Gopuff Delivery Partner today and experience the easiest wa…",https://www.adzuna.com/land/ad/5437451261?se=rvx-lH2k8BGQCJH2_VE84Q&utm_medium=api&utm_source=a6e23083&v=102FA790FEB58535E517E5B5BF13D3602C89F101,N/A,15-1251,IT,[]
Drive with Gopuff - Choose when you work,Gopuff Careers,"Carnegie, Allegheny County",50334.29,"Do more than make ends meet. Deliver with Gopuff and get paid to deliver what your neighbors need from a Gopuff facility near you! With one centralized pickup location and smaller delivery zones, Gopuff makes earning effortless. It's simple: deliver from a facility near you straight to the customer! You’ll be delivering everyday essentials, from cleaning supplies, home needs and OTC medications to food, drinks and more. Sign up to be a Gopuff Delivery Partner today and experience the easiest wa…",https://www.adzuna.com/land/ad/5437451192?se=rvx-lH2k8BGQCJH2_VE84Q&utm_medium=api&utm_source=a6e23083&v=957613B1A8528A4F6AC368370A527599EB01C98F,N/A,15-1251,IT,[]
Gopuff Delivery Driver Gigs,Gopuff Careers,"Turtle Creek, Allegheny County",78597.91,"Do more than make ends meet. Deliver with Gopuff and get paid to deliver what your neighbors need from a Gopuff facility near you! With one centralized pickup location and smaller delivery zones, Gopuff makes earning effortless. It's simple: deliver from a facility near you straight to the customer! You’ll be delivering everyday essentials, from cleaning supplies, home needs and OTC medications to food, drinks and more. Sign up to be a Gopuff Delivery Partner today and experience the easiest wa…",https://www.adzuna.com/land/ad/5437451153?se=rvx-lH2k8BGQCJH2_VE84Q&utm_medium=api&utm_source=a6e23083&v=2A77CB97E9350323202A31F389AD096D28424392,N/A,15-1251,IT,[]
Deliver with Gopuff - Earn Big & Keep 100% of Your Tips,Gopuff Careers,"East Pittsburgh, Allegheny County",65696.57,"Do more than make ends meet. Deliver with Gopuff and get paid to deliver what your neighbors need from a Gopuff facility near you! With one centralized pickup location and smaller delivery zones, Gopuff makes earning effortless. It's simple: deliver from a facility near you straight to the customer! You’ll be delivering everyday essentials, from cleaning supplies, home needs and OTC medications to food, drinks and more. Sign up to be a Gopuff Delivery Partner today and experience the easiest wa…",https://www.adzuna.com/land/ad/5437451172?se=rvx-lH2k8BGQCJH2_VE84Q&utm_medium=api&utm_source=a6e23083&v=A3BCD70905820488F6FC70E4A8D1A8CE70F0B419,N/A,15-1251,IT,[]
Deliver with Gopuff on your schedule,Gopuff Careers,"Braddock, Allegheny County",62280.69,"Do more than make ends meet. Deliver with Gopuff and get paid to deliver what your neighbors need from a Gopuff facility near you! With one centralized pickup location and smaller delivery zones, Gopuff makes earning effortless. It's simple: deliver from a facility near you straight to the customer! You’ll be delivering everyday essentials, from cleaning supplies, home needs and OTC medications to food, drinks and more. Sign up to be a Gopuff Delivery Partner today and experience the easiest wa…",https://www.adzuna.com/land/ad/5437451139?se=rvx-lH2k8BGQCJH2_VE84Q&utm_medium=api&utm_source=a6e23083&v=C21EC1800A1E71D991D57E955892D7DFD0E75707,N/A,15-1251,IT,[]
Drive With Gopuff,Gopuff Careers,"Braddock, Allegheny County",51251.32,"Do more than make ends meet. Deliver with Gopuff and get paid to deliver what your neighbors need from a Gopuff facility near you! With one centralized pickup location and smaller delivery zones, Gopuff makes earning effortless. It's simple: deliver from a facility near you straight to the customer! You’ll be delivering everyday essentials, from cleaning supplies, home needs and OTC medications to food, drinks and more. Sign up to be a Gopuff Delivery Partner today and experience the easiest wa…",https://www.adzuna.com/land/ad/5437451177?se=rvx-lH2k8BGQCJH2_VE84Q&utm_medium=api&utm_source=a6e23083&v=27D1309D80C62851C718C0E50CD25589EB07FDA3,N/A,15-1251,IT,[]
Gopuff Delivery Driver Partner,Gopuff Careers,"Glassport, Allegheny County",63592.29,"Do more than make ends meet. Deliver with Gopuff and get paid to deliver what your neighbors need from a Gopuff facility near you! With one centralized pickup location and smaller delivery zones, Gopuff makes earning effortless. It's simple: deliver from a facility near you straight to the customer! You’ll be delivering everyday essentials, from cleaning supplies, home needs and OTC medications to food, drinks and more. Sign up to be a Gopuff Delivery Partner today and experience the easiest wa…",https://www.adzuna.com/land/ad/5437451107?se=rvx-lH2k8BGQCJH2_VE84Q&utm_medium=api&utm_source=a6e23083&v=4C3482D2C07FC4ACF9644BBEE73E2DA0A7590BB2,N/A,15-1251,IT,[]
Gopuff Delivery Driver - Choose when you work,Gopuff Careers,"Dravosburg, Allegheny County",55930.75,"Do more than make ends meet. Deliver with Gopuff and get paid to deliver what your neighbors need from a Gopuff facility near you! With one centralized pickup location and smaller delivery zones, Gopuff makes earning effortless. It's simple: deliver from a facility near you straight to the customer! You’ll be delivering everyday essentials, from cleaning supplies, home needs and OTC medications to food, drinks and more. Sign up to be a Gopuff Delivery Partner today and experience the easiest wa…",https://www.adzuna.com/land/ad/5437451077?se=rvx-lH2k8BGQCJH2_VE84Q&utm_medium=api&utm_source=a6e23083&v=DBED2387BCBA5B051A32D6579D715994977459F9,N/A,15-1251,IT,[]
Gopuff Delivery Driver - Choose when you work,Gopuff Careers,"Carnegie, Allegheny County",55725.34,"Do more than make ends meet. Deliver with Gopuff and get paid to deliver what your neighbors need from a Gopuff facility near you! With one centralized pickup location and smaller delivery zones, Gopuff makes earning effortless. It's simple: deliver from a facility near you straight to the customer! You’ll be delivering everyday essentials, from cleaning supplies, home needs and OTC medications to food, drinks and more. Sign up to be a Gopuff Delivery Partner today and experience the easiest wa…",https://www.adzuna.com/land/ad/5437451065?se=rvx-lH2k8BGQCJH2_VE84Q&utm_medium=api&utm_source=a6e23083&v=9BB2A1E3E23E60C9141FCEC7754C368496507429,N/A,15-1251,IT,[]
Become a Gopuff Driver - Sign Up Today,Gopuff Careers,"Duquesne, Allegheny County",44963.01,"Do more than make ends meet. Deliver with Gopuff and get paid to deliver what your neighbors need from a Gopuff facility near you! With one centralized pickup location and smaller delivery zones, Gopuff makes earning effortless. It's simple: deliver from a facility near you straight to the customer! You’ll be delivering everyday essentials, from cleaning supplies, home needs and OTC medications to food, drinks and more. Sign up to be a Gopuff Delivery Partner today and experience the easiest wa…",https://www.adzuna.com/land/ad/5437450916?se=rvx-lH2k8BGQCJH2_VE84Q&utm_medium=api&utm_source=a6e23083&v=D6B6F1F6C085C7D09F0A54BE6BBAFA435826DF64,N/A,15-1251,IT,[]
"Deliver Food with Gopuff - No Riders, No Restaurants",Gopuff Careers,"Duquesne, Allegheny County",38886.16,"Do more than make ends meet. Deliver with Gopuff and get paid to deliver what your neighbors need from a Gopuff facility near you! With one centralized pickup location and smaller delivery zones, Gopuff makes earning effortless. It's simple: deliver from a facility near you straight to the customer! You’ll be delivering everyday essentials, from cleaning supplies, home needs and OTC medications to food, drinks and more. Sign up to be a Gopuff Delivery Partner today and experience the easiest wa…",https://www.adzuna.com/land/ad/5437450915?se=rvx-lH2k8BGQCJH2_VE84Q&utm_medium=api&utm_source=a6e23083&v=1C5CE783F4B7BB2EDB8CD4AB7BFED4B97D17C446,N/A,15-1251,IT,[]
"Deliver Food with Gopuff - No Riders, No Restaurants",Gopuff Careers,"Homestead, Allegheny County",40839.61,"Do more than make ends meet. Deliver with Gopuff and get paid to deliver what your neighbors need from a Gopuff facility near you! With one centralized pickup location and smaller delivery zones, Gopuff makes earning effortless. It's simple: deliver from a facility near you straight to the customer! You’ll be delivering everyday essentials, from cleaning supplies, home needs and OTC medications to food, drinks and more. Sign up to be a Gopuff Delivery Partner today and experience the easiest wa…",https://www.adzuna.com/land/ad/5437450981?se=rvx-lH2k8BGQCJH2_VE84Q&utm_medium=api&utm_source=a6e23083&v=655966532E76AD749DCE9A8BF8CAD30B8D568C51,N/A,15-1251,IT,[]
Gopuff Delivery Driver - Choose when you work,Gopuff Careers,"Braddock, Allegheny County",56167.27,"Do more than make ends meet. Deliver with Gopuff and get paid to deliver what your neighbors need from a Gopuff facility near you! With one centralized pickup location and smaller delivery zones, Gopuff makes earning effortless. It's simple: deliver from a facility near you straight to the customer! You’ll be delivering everyday essentials, from cleaning supplies, home needs and OTC medications to food, drinks and more. Sign up to be a Gopuff Delivery Partner today and experience the easiest wa…",https://www.adzuna.com/land/ad/5437450937?se=rvx-lH2k8BGQCJH2_VE84Q&utm_medium=api&utm_source=a6e23083&v=F76FCF60268350C44D966CD95A06F3BB84FEAA8D,N/A,15-1251,IT,[]
Need a Gig? Deliver with Gopuff!,Gopuff Careers,"East Pittsburgh, Allegheny County",72070.22,"Do more than make ends meet. Deliver with Gopuff and get paid to deliver what your neighbors need from a Gopuff facility near you! With one centralized pickup location and smaller delivery zones, Gopuff makes earning effortless. It's simple: deliver from a facility near you straight to the customer! You’ll be delivering everyday essentials, from cleaning supplies, home needs and OTC medications to food, drinks and more. Sign up to be a Gopuff Delivery Partner today and experience the easiest wa…",https://www.adzuna.com/land/ad/5437450802?se=rvx-lH2k8BGQCJH2_VE84Q&utm_medium=api&utm_source=a6e23083&v=D7EC409E8914F71AFEC3D0F04E44BB47B1F4634C,N/A,15-1251,IT,[]
Make Your Own Schedule - Deliver With Gopuff,Gopuff Careers,"Homestead, Allegheny County",60367.51,"Do more than make ends meet. Deliver with Gopuff and get paid to deliver what your neighbors need from a Gopuff facility near you! With one centralized pickup location and smaller delivery zones, Gopuff makes earning effortless. It's simple: deliver from a facility near you straight to the customer! You’ll be delivering everyday essentials, from cleaning supplies, home needs and OTC medications to food, drinks and more. Sign up to be a Gopuff Delivery Partner today and experience the easiest wa…",https://www.adzuna.com/land/ad/5437450838?se=rvx-lH2k8BGQCJH2_VE84Q&utm_medium=api&utm_source=a6e23083&v=68D27CD63A6C7AAE491905D8BC021F43A9326399,N/A,15-1251,IT,[]
Become a Gopuff Driver - Flexible Schedule,Gopuff Careers,"East Pittsburgh, Allegheny County",50776.93,"Do more than make ends meet. Deliver with Gopuff and get paid to deliver what your neighbors need from a Gopuff facility near you! With one centralized pickup location and smaller delivery zones, Gopuff makes earning effortless. It's simple: deliver from a facility near you straight to the customer! You’ll be delivering everyday essentials, from cleaning supplies, home needs and OTC medications to food, drinks and more. Sign up to be a Gopuff Delivery Partner today and experience the easiest wa…",https://www.adzuna.com/land/ad/5437450888?se=rvx-lH2k8BGQCJH2_VE84Q&utm_medium=api&utm_source=a6e23083&v=CF2521A056626346227FE685259B54FB8136D766,N/A,15-1251,IT,[]
Drive With Gopuff,Gopuff Careers,"Carnegie, Allegheny County",50848.21,"Do more than make ends meet. Deliver with Gopuff and get paid to deliver what your neighbors need from a Gopuff facility near you! With one centralized pickup location and smaller delivery zones, Gopuff makes earning effortless. It's simple: deliver from a facility near you straight to the customer! You’ll be delivering everyday essentials, from cleaning supplies, home needs and OTC medications to food, drinks and more. Sign up to be a Gopuff Delivery Partner today and experience the easiest wa…",https://www.adzuna.com/land/ad/5437450712?se=rvx-lH2k8BGQCJH2_VE84Q&utm_medium=api&utm_source=a6e23083&v=A2CEE2F6E255B9013DAAD83C63A8DB8A77BFD8E7,N/A,15-1251,IT,[]
Drive With Gopuff,Gopuff Careers,"Oakmont, Allegheny County",50146.13,"Do more than make ends meet. Deliver with Gopuff and get paid to deliver what your neighbors need from a Gopuff facility near you! With one centralized pickup location and smaller delivery zones, Gopuff makes earning effortless. It's simple: deliver from a facility near you straight to the customer! You’ll be delivering everyday essentials, from cleaning supplies, home needs and OTC medications to food, drinks and more. Sign up to be a Gopuff Delivery Partner today and experience the easiest wa…",https://www.adzuna.com/land/ad/5437450689?se=rvx-lH2k8BGQCJH2_VE84Q&utm_medium=api&utm_source=a6e23083&v=764C020E56D563E97BA524BE92E11D82927E5BA6,N/A,15-1251,IT,[]
Need a Gig? Deliver with Gopuff!,Gopuff Careers,"Braddock, Allegheny County",73142.08,"Do more than make ends meet. Deliver with Gopuff and get paid to deliver what your neighbors need from a Gopuff facility near you! With one centralized pickup location and smaller delivery zones, Gopuff makes earning effortless. It's simple: deliver from a facility near you straight to the customer! You’ll be delivering everyday essentials, from cleaning supplies, home needs and OTC medications to food, drinks and more. Sign up to be a Gopuff Delivery Partner today and experience the easiest wa…",https://www.adzuna.com/land/ad/5437450690?se=rvx-lH2k8BGQCJH2_VE84Q&utm_medium=api&utm_source=a6e23083&v=E15DDDD4E16751A118661E747EB166AB9918805A,N/A,15-1251,IT,[]
Become a Gopuff Driver - Sign Up Today,Gopuff Careers,"Homestead, Allegheny County",47221.82,"Do more than make ends meet. Deliver with Gopuff and get paid to deliver what your neighbors need from a Gopuff facility near you! With one centralized pickup location and smaller delivery zones, Gopuff makes earning effortless. It's simple: deliver from a facility near you straight to the customer! You’ll be delivering everyday essentials, from cleaning supplies, home needs and OTC medications to food, drinks and more. Sign up to be a Gopuff Delivery Partner today and experience the easiest wa…",https://www.adzuna.com/land/ad/5437450732?se=rvx-lH2k8BGQCJH2_VE84Q&utm_medium=api&utm_source=a6e23083&v=A682E4456167708FBFD626A4F14155E1B280A493,N/A,15-1251,IT,[]
Need a Side Hustle? Deliver with Gopuff!,Gopuff Careers,"Homestead, Allegheny County",65917.98,"Do more than make ends meet. Deliver with Gopuff and get paid to deliver what your neighbors need from a Gopuff facility near you! With one centralized pickup location and smaller delivery zones, Gopuff makes earning effortless. It's simple: deliver from a facility near you straight to the customer! You’ll be delivering everyday essentials, from cleaning supplies, home needs and OTC medications to food, drinks and more. Sign up to be a Gopuff Delivery Partner today and experience the easiest wa…",https://www.adzuna.com/land/ad/5437450553?se=rvx-lH2k8BGQCJH2_VE84Q&utm_medium=api&utm_source=a6e23083&v=AD7786A2992831D9C0D2EF81A56091074F16D8EB,N/A,15-1251,IT,[]
Need a Side Hustle? Deliver with Gopuff!,Gopuff Careers,"Dravosburg, Allegheny County",64752.47,"Do more than make ends meet. Deliver with Gopuff and get paid to deliver what your neighbors need from a Gopuff facility near you! With one centralized pickup location and smaller delivery zones, Gopuff makes earning effortless. It's simple: deliver from a facility near you straight to the customer! You’ll be delivering everyday essentials, from cleaning supplies, home needs and OTC medications to food, drinks and more. Sign up to be a Gopuff Delivery Partner today and experience the easiest wa…",https://www.adzuna.com/land/ad/5437450554?se=rvx-lH2k8BGQCJH2_VE84Q&utm_medium=api&utm_source=a6e23083&v=3C3AB6DD6BC9CE34760CE2B3661DB856D8FC5236,N/A,15-1251,IT,[]
Deliver with Gopuff,Gopuff Careers,"Turtle Creek, Allegheny County",61897.29,"Do more than make ends meet. Deliver with Gopuff and get paid to deliver what your neighbors need from a Gopuff facility near you! With one centralized pickup location and smaller delivery zones, Gopuff makes earning effortless. It's simple: deliver from a facility near you straight to the customer! You’ll be delivering everyday essentials, from cleaning supplies, home needs and OTC medications to food, drinks and more. Sign up to be a Gopuff Delivery Partner today and experience the easiest wa…",https://www.adzuna.com/land/ad/5437450588?se=rvx-lH2k8BGQCJH2_VE84Q&utm_medium=api&utm_source=a6e23083&v=540962603E693C382EFC4F56082F61C846B6D35E,N/A,15-1251,IT,[]
Become a Gopuff Driver - Flexible Schedule,Gopuff Careers,"Homestead, Allegheny County",52238.64,"Do more than make ends meet. Deliver with Gopuff and get paid to deliver what your neighbors need from a Gopuff facility near you! With one centralized pickup location and smaller delivery zones, Gopuff makes earning effortless. It's simple: deliver from a facility near you straight to the customer! You’ll be delivering everyday essentials, from cleaning supplies, home needs and OTC medications to food, drinks and more. Sign up to be a Gopuff Delivery Partner today and experience the easiest wa…",https://www.adzuna.com/land/ad/5437450565?se=rvx-lH2k8BGQCJH2_VE84Q&utm_medium=api&utm_source=a6e23083&v=59A6D2B2D58B4B871CB3C7B420489F7DFCCFDD15,N/A,15-1251,IT,[]
Make Your Own Schedule - Deliver With Gopuff,Gopuff Careers,"Dravosburg, Allegheny County",59300.31,"Do more than make ends meet. Deliver with Gopuff and get paid to deliver what your neighbors need from a Gopuff facility near you! With one centralized pickup location and smaller delivery zones, Gopuff makes earning effortless. It's simple: deliver from a facility near you straight to the customer! You’ll be delivering everyday essentials, from cleaning supplies, home needs and OTC medications to food, drinks and more. Sign up to be a Gopuff Delivery Partner today and experience the easiest wa…",https://www.adzuna.com/land/ad/5437450531?se=rvx-lH2k8BGQCJH2_VE84Q&utm_medium=api&utm_source=a6e23083&v=3ABEBD7D78D2DB5F6148D9DCD1CFD302DFB8623C,N/A,15-1251,IT,[]
Need a Gig? Deliver with Gopuff!,Gopuff Careers,"Penn Hills, Allegheny County",72581.88,"Do more than make ends meet. Deliver with Gopuff and get paid to deliver what your neighbors need from a Gopuff facility near you! With one centralized pickup location and smaller delivery zones, Gopuff makes earning effortless. It's simple: deliver from a facility near you straight to the customer! You’ll be delivering everyday essentials, from cleaning supplies, home needs and OTC medications to food, drinks and more. Sign up to be a Gopuff Delivery Partner today and experience the easiest wa…",https://www.adzuna.com/land/ad/5437450644?se=rvx-lH2k8BGQCJH2_VE84Q&utm_medium=api&utm_source=a6e23083&v=E4B5E350B19F84341B2EDFC06EAB1B5D090B5874,N/A,15-1251,IT,[]
Deliver with Gopuff on your schedule,Gopuff Careers,"Turtle Creek, Allegheny County",63571.91,"Do more than make ends meet. Deliver with Gopuff and get paid to deliver what your neighbors need from a Gopuff facility near you! With one centralized pickup location and smaller delivery zones, Gopuff makes earning effortless. It's simple: deliver from a facility near you straight to the customer! You’ll be delivering everyday essentials, from cleaning supplies, home needs and OTC medications to food, drinks and more. Sign up to be a Gopuff Delivery Partner today and experience the easiest wa…",https://www.adzuna.com/land/ad/5437450506?se=rvx-lH2k8BGQCJH2_VE84Q&utm_medium=api&utm_source=a6e23083&v=72281705E01C1A3011E509B4EE75E5077A148E59,N/A,15-1251,IT,[]
Gopuff Delivery Driver Gigs,Gopuff Careers,"East Pittsburgh, Allegheny County",75873.23,"Do more than make ends meet. Deliver with Gopuff and get paid to deliver what your neighbors need from a Gopuff facility near you! With one centralized pickup location and smaller delivery zones, Gopuff makes earning effortless. It's simple: deliver from a facility near you straight to the customer! You’ll be delivering everyday essentials, from cleaning supplies, home needs and OTC medications to food, drinks and more. Sign up to be a Gopuff Delivery Partner today and experience the easiest wa…",https://www.adzuna.com/land/ad/5437450454?se=rvx-lH2k8BGQCJH2_VE84Q&utm_medium=api&utm_source=a6e23083&v=5C2F300557B87C70BFB2BBAF691BAE76DC2EB9E9,N/A,15-1251,IT,[]
Need a Side Hustle? Deliver with Gopuff!,Gopuff Careers,"Bridgeville, Allegheny County",62074.64,"Do more than make ends meet. Deliver with Gopuff and get paid to deliver what your neighbors need from a Gopuff facility near you! With one centralized pickup location and smaller delivery zones, Gopuff makes earning effortless. It's simple: deliver from a facility near you straight to the customer! You’ll be delivering everyday essentials, from cleaning supplies, home needs and OTC medications to food, drinks and more. Sign up to be a Gopuff Delivery Partner today and experience the easiest wa…",https://www.adzuna.com/land/ad/5437450467?se=rvx-lH2k8BGQCJH2_VE84Q&utm_medium=api&utm_source=a6e23083&v=E6170B88AA97347D9DF3B35795D60001E731ABA1,N/A,15-1251,IT,[]
Become a Gopuff Driver - Flexible Schedule,Gopuff Careers,"Carnegie, Allegheny County",51126.64,"Do more than make ends meet. Deliver with Gopuff and get paid to deliver what your neighbors need from a Gopuff facility near you! With one centralized pickup location and smaller delivery zones, Gopuff makes earning effortless. It's simple: deliver from a facility near you straight to the customer! You’ll be delivering everyday essentials, from cleaning supplies, home needs and OTC medications to food, drinks and more. Sign up to be a Gopuff Delivery Partner today and experience the easiest wa…",https://www.adzuna.com/land/ad/5437450459?se=rvx-lH2k8BGQCJH2_VE84Q&utm_medium=api&utm_source=a6e23083&v=ADF452A5E27E3958EDBCC5F7B4CED8D804D447EF,N/A,15-1251,IT,[]
Drive With Gopuff,Gopuff Careers,"Turtle Creek, Allegheny County",52313.88,"Do more than make ends meet. Deliver with Gopuff and get paid to deliver what your neighbors need from a Gopuff facility near you! With one centralized pickup location and smaller delivery zones, Gopuff makes earning effortless. It's simple: deliver from a facility near you straight to the customer! You’ll be delivering everyday essentials, from cleaning supplies, home needs and OTC medications to food, drinks and more. Sign up to be a Gopuff Delivery Partner today and experience the easiest wa…",https://www.adzuna.com/land/ad/5437448041?se=rvx-lH2k8BGQCJH2_VE84Q&utm_medium=api&utm_source=a6e23083&v=63EF2F75D17AC922E9AA00623F9CA7F2874E1A7B,N/A,15-1251,IT,[]
Drive with Gopuff - Flexible Hours,Gopuff Careers,"Turtle Creek, Allegheny County",50828.48,"Do more than make ends meet. Deliver with Gopuff and get paid to deliver what your neighbors need from a Gopuff facility near you! With one centralized pickup location and smaller delivery zones, Gopuff makes earning effortless. It's simple: deliver from a facility near you straight to the customer! You’ll be delivering everyday essentials, from cleaning supplies, home needs and OTC medications to food, drinks and more. Sign up to be a Gopuff Delivery Partner today and experience the easiest wa…",https://www.adzuna.com/land/ad/5437447983?se=rvx-lH2k8BGQCJH2_VE84Q&utm_medium=api&utm_source=a6e23083&v=9D1EEDCC7684F107FBE28C0971A8D381B39F1F1F,N/A,15-1251,IT,[]
Drive With Gopuff,Gopuff Careers,"East Pittsburgh, Allegheny County",50500.31,"Do more than make ends meet. Deliver with Gopuff and get paid to deliver what your neighbors need from a Gopuff facility near you! With one centralized pickup location and smaller delivery zones, Gopuff makes earning effortless. It's simple: deliver from a facility near you straight to the customer! You’ll be delivering everyday essentials, from cleaning supplies, home needs and OTC medications to food, drinks and more. Sign up to be a Gopuff Delivery Partner today and experience the easiest wa…",https://www.adzuna.com/land/ad/5437447955?se=rvx-lH2k8BGQCJH2_VE84Q&utm_medium=api&utm_source=a6e23083&v=704172B311F7722F3EDC2677D95485463CB87114,N/A,15-1251,IT,[]
Drive With Gopuff,Gopuff Careers,"Glassport, Allegheny County",48300.36,"Do more than make ends meet. Deliver with Gopuff and get paid to deliver what your neighbors need from a Gopuff facility near you! With one centralized pickup location and smaller delivery zones, Gopuff makes earning effortless. It's simple: deliver from a facility near you straight to the customer! You’ll be delivering everyday essentials, from cleaning supplies, home needs and OTC medications to food, drinks and more. Sign up to be a Gopuff Delivery Partner today and experience the easiest wa…",https://www.adzuna.com/land/ad/5437447963?se=rvx-lH2k8BGQCJH2_VE84Q&utm_medium=api&utm_source=a6e23083&v=ED37EAEE149A53474F52C56B05DC1AF7162A0933,N/A,15-1251,IT,[]
Gopuff Delivery Driver Gigs,Gopuff Careers,"Dravosburg, Allegheny County",76677.39,"Do more than make ends meet. Deliver with Gopuff and get paid to deliver what your neighbors need from a Gopuff facility near you! With one centralized pickup location and smaller delivery zones, Gopuff makes earning effortless. It's simple: deliver from a facility near you straight to the customer! You’ll be delivering everyday essentials, from cleaning supplies, home needs and OTC medications to food, drinks and more. Sign up to be a Gopuff Delivery Partner today and experience the easiest wa…",https://www.adzuna.com/land/ad/5437447884?se=rvx-lH2k8BGQCJH2_VE84Q&utm_medium=api&utm_source=a6e23083&v=9F37C83103D6561A542F24A6C05CB4A5F997A47A,N/A,15-1251,IT,[]
Drive With Gopuff,Gopuff Careers,"Dravosburg, Allegheny County",51035.55,"Do more than make ends meet. Deliver with Gopuff and get paid to deliver what your neighbors need from a Gopuff facility near you! With one centralized pickup location and smaller delivery zones, Gopuff makes earning effortless. It's simple: deliver from a facility near you straight to the customer! You’ll be delivering everyday essentials, from cleaning supplies, home needs and OTC medications to food, drinks and more. Sign up to be a Gopuff Delivery Partner today and experience the easiest wa…",https://www.adzuna.com/land/ad/5437447915?se=rvx-lH2k8BGQCJH2_VE84Q&utm_medium=api&utm_source=a6e23083&v=77E14129A8D45F64840FC609B2537B374429F9BE,N/A,15-1251,IT,[]
Gopuff Delivery Gigs,Gopuff Careers,"Homestead, Allegheny County",77820.59,"Do more than make ends meet. Deliver with Gopuff and get paid to deliver what your neighbors need from a Gopuff facility near you! With one centralized pickup location and smaller delivery zones, Gopuff makes earning effortless. It's simple: deliver from a facility near you straight to the customer! You’ll be delivering everyday essentials, from cleaning supplies, home needs and OTC medications to food, drinks and more. Sign up to be a Gopuff Delivery Partner today and experience the easiest wa…",https://www.adzuna.com/land/ad/5437447943?se=rvx-lH2k8BGQCJH2_VE84Q&utm_medium=api&utm_source=a6e23083&v=E5C042A3411CFF65AE925752B3BBC9D50C9E3026,N/A,15-1251,IT,[]
Earn Cash with Gopuff In Your Free Time,Gopuff Careers,"Dravosburg, Allegheny County",54741.3,"Do more than make ends meet. Deliver with Gopuff and get paid to deliver what your neighbors need from a Gopuff facility near you! With one centralized pickup location and smaller delivery zones, Gopuff makes earning effortless. It's simple: deliver from a facility near you straight to the customer! You’ll be delivering everyday essentials, from cleaning supplies, home needs and OTC medications to food, drinks and more. Sign up to be a Gopuff Delivery Partner today and experience the easiest wa…",https://www.adzuna.com/land/ad/5437447839?se=rvx-lH2k8BGQCJH2_VE84Q&utm_medium=api&utm_source=a6e23083&v=9AE12379FB6D649D400C9A720BC4EA80AEE19E79,N/A,15-1251,IT,[]
Need a Side Hustle? Deliver with Gopuff!,Gopuff Careers,"Glassport, Allegheny County",61282.09,"Do more than make ends meet. Deliver with Gopuff and get paid to deliver what your neighbors need from a Gopuff facility near you! With one centralized pickup location and smaller delivery zones, Gopuff makes earning effortless. It's simple: deliver from a facility near you straight to the customer! You’ll be delivering everyday essentials, from cleaning supplies, home needs and OTC medications to food, drinks and more. Sign up to be a Gopuff Delivery Partner today and experience the easiest wa…",https://www.adzuna.com/land/ad/5437447838?se=rvx-lH2k8BGQCJH2_VE84Q&utm_medium=api&utm_source=a6e23083&v=43CBB51870DD6AB252C814F20F1AB6D37DB9530A,N/A,15-1251,IT,[]
Need a Gig? Deliver with Gopuff!,Gopuff Careers,"Dravosburg, Allegheny County",72834.0,"Do more than make ends meet. Deliver with Gopuff and get paid to deliver what your neighbors need from a Gopuff facility near you! With one centralized pickup location and smaller delivery zones, Gopuff makes earning effortless. It's simple: deliver from a facility near you straight to the customer! You’ll be delivering everyday essentials, from cleaning supplies, home needs and OTC medications to food, drinks and more. Sign up to be a Gopuff Delivery Partner today and experience the easiest wa…",https://www.adzuna.com/land/ad/5437447361?se=rvx-lH2k8BGQCJH2_VE84Q&utm_medium=api&utm_source=a6e23083&v=C68370C48C3E18E79FFFABC852EAF0C3F2215E57,N/A,15-1251,IT,[]
Earn Extra Cash as a Local Delivery Driver,Gopuff Careers,"Homestead, Allegheny County",64039.97,"Do more than make ends meet. Deliver with Gopuff and get paid to deliver what your neighbors need from a Gopuff facility near you! With one centralized pickup location and smaller delivery zones, Gopuff makes earning effortless. It's simple: deliver from a facility near you straight to the customer! You’ll be delivering everyday essentials, from cleaning supplies, home needs and OTC medications to food, drinks and more. Sign up to be a Gopuff Delivery Partner today and experience the easiest wa…",https://www.adzuna.com/land/ad/5437447298?se=bFolln2k8BGQCJH2_VE84Q&utm_medium=api&utm_source=a6e23083&v=F86456B6D2529D22DE91B242F43115EF1BAD0EC5,N/A,15-1251,IT,[]
Earn Money Delivering With Gopuff,Gopuff Careers,"Glassport, Allegheny County",56698.4,"Do more than make ends meet. Deliver with Gopuff and get paid to deliver what your neighbors need from a Gopuff facility near you! With one centralized pickup location and smaller delivery zones, Gopuff makes earning effortless. It's simple: deliver from a facility near you straight to the customer! You’ll be delivering everyday essentials, from cleaning supplies, home needs and OTC medications to food, drinks and more. Sign up to be a Gopuff Delivery Partner today and experience the easiest wa…",https://www.adzuna.com/land/ad/5437447279?se=bFolln2k8BGQCJH2_VE84Q&utm_medium=api&utm_source=a6e23083&v=43E1E55AB0F45726A4AD92522C28A2C224A40EEF,N/A,15-1251,IT,[]
Earn Extra Cash as a Local Delivery Driver,Gopuff Careers,"East Pittsburgh, Allegheny County",62248.04,"Do more than make ends meet. Deliver with Gopuff and get paid to deliver what your neighbors need from a Gopuff facility near you! With one centralized pickup location and smaller delivery zones, Gopuff makes earning effortless. It's simple: deliver from a facility near you straight to the customer! You’ll be delivering everyday essentials, from cleaning supplies, home needs and OTC medications to food, drinks and more. Sign up to be a Gopuff Delivery Partner today and experience the easiest wa…",https://www.adzuna.com/land/ad/5437447201?se=bFolln2k8BGQCJH2_VE84Q&utm_medium=api&utm_source=a6e23083&v=CDDC82948E69E78E4C42A1D28B09624C5C0816A6,N/A,15-1251,IT,[]
"Gopuff Delivery Driver Partner - No Riders, No Restaurants",Gopuff Careers,"Carnegie, Allegheny County",40993.51,"Do more than make ends meet. Deliver with Gopuff and get paid to deliver what your neighbors need from a Gopuff facility near you! With one centralized pickup location and smaller delivery zones, Gopuff makes earning effortless. It's simple: deliver from a facility near you straight to the customer! You’ll be delivering everyday essentials, from cleaning supplies, home needs and OTC medications to food, drinks and more. Sign up to be a Gopuff Delivery Partner today and experience the easiest wa…",https://www.adzuna.com/land/ad/5437447199?se=bFolln2k8BGQCJH2_VE84Q&utm_medium=api&utm_source=a6e23083&v=C65644E06CE5DC0DBE125B133B4DA3F6FA5B76C7,N/A,15-1251,IT,[]
Gopuff Delivery Driver - Choose when you work,Gopuff Careers,"Glassport, Allegheny County",52933.16,"Do more than make ends meet. Deliver with Gopuff and get paid to deliver what your neighbors need from a Gopuff facility near you! With one centralized pickup location and smaller delivery zones, Gopuff makes earning effortless. It's simple: deliver from a facility near you straight to the customer! You’ll be delivering everyday essentials, from cleaning supplies, home needs and OTC medications to food, drinks and more. Sign up to be a Gopuff Delivery Partner today and experience the easiest wa…",https://www.adzuna.com/land/ad/5437447227?se=bFolln2k8BGQCJH2_VE84Q&utm_medium=api&utm_source=a6e23083&v=6B8EDD8BDFCB088836ECA8435B758899C2F13358,N/A,15-1251,IT,[]
Gopuff Delivery Driver Gigs,Gopuff Careers,"Carnegie, Allegheny County",76395.94,"Do more than make ends meet. Deliver with Gopuff and get paid to deliver what your neighbors need from a Gopuff facility near you! With one centralized pickup location and smaller delivery zones, Gopuff makes earning effortless. It's simple: deliver from a facility near you straight to the customer! You’ll be delivering everyday essentials, from cleaning supplies, home needs and OTC medications to food, drinks and more. Sign up to be a Gopuff Delivery Partner today and experience the easiest wa…",https://www.adzuna.com/land/ad/5437447250?se=bFolln2k8BGQCJH2_VE84Q&utm_medium=api&utm_source=a6e23083&v=247D765EB9DF918A103DA1944DDB4D897EBE4FB6,N/A,15-1251,IT,[]
Earn Cash with Gopuff In Your Free Time,Gopuff Careers,"Carnegie, Allegheny County",54540.26,"Do more than make ends meet. Deliver with Gopuff and get paid to deliver what your neighbors need from a Gopuff facility near you! With one centralized pickup location and smaller delivery zones, Gopuff makes earning effortless. It's simple: deliver from a facility near you straight to the customer! You’ll be delivering everyday essentials, from cleaning supplies, home needs and OTC medications to food, drinks and more. Sign up to be a Gopuff Delivery Partner today and experience the easiest wa…",https://www.adzuna.com/land/ad/5437447173?se=bFolln2k8BGQCJH2_VE84Q&utm_medium=api&utm_source=a6e23083&v=3FFC042FE0925E8D8DF07EA32E1D817458A92D1A,N/A,15-1251,IT,[]
Become a Gopuff Driver - Sign Up Today,Gopuff Careers,"Glassport, Allegheny County",43900.88,"Do more than make ends meet. Deliver with Gopuff and get paid to deliver what your neighbors need from a Gopuff facility near you! With one centralized pickup location and smaller delivery zones, Gopuff makes earning effortless. It's simple: deliver from a facility near you straight to the customer! You’ll be delivering everyday essentials, from cleaning supplies, home needs and OTC medications to food, drinks and more. Sign up to be a Gopuff Delivery Partner today and experience the easiest wa…",https://www.adzuna.com/land/ad/5437447149?se=bFolln2k8BGQCJH2_VE84Q&utm_medium=api&utm_source=a6e23083&v=149D41483691AEDF09CF8E4980A3B4FBBB3E4744,N/A,15-1251,IT,[]
Need a Gig? Deliver with Gopuff!,Gopuff Careers,"Homestead, Allegheny County",74144.9,"Do more than make ends meet. Deliver with Gopuff and get paid to deliver what your neighbors need from a Gopuff facility near you! With one centralized pickup location and smaller delivery zones, Gopuff makes earning effortless. It's simple: deliver from a facility near you straight to the customer! You’ll be delivering everyday essentials, from cleaning supplies, home needs and OTC medications to food, drinks and more. Sign up to be a Gopuff Delivery Partner today and experience the easiest wa…",https://www.adzuna.com/land/ad/5437447145?se=bFolln2k8BGQCJH2_VE84Q&utm_medium=api&utm_source=a6e23083&v=EF58F0831FB831DDD26ABDC8C5CC350A0521C186,N/A,15-1251,IT,[]
Gopuff Delivery Driver Partner,Gopuff Careers,"East Pittsburgh, Allegheny County",66488.73,"Do more than make ends meet. Deliver with Gopuff and get paid to deliver what your neighbors need from a Gopuff facility near you! With one centralized pickup location and smaller delivery zones, Gopuff makes earning effortless. It's simple: deliver from a facility near you straight to the customer! You’ll be delivering everyday essentials, from cleaning supplies, home needs and OTC medications to food, drinks and more. Sign up to be a Gopuff Delivery Partner today and experience the easiest wa…",https://www.adzuna.com/land/ad/5437447096?se=bFolln2k8BGQCJH2_VE84Q&utm_medium=api&utm_source=a6e23083&v=C192A4461406F1B1E6FCB35D1F64C565E67A1929,N/A,15-1251,IT,[]
Deliver with Gopuff,Gopuff Careers,"Braddock, Allegheny County",60640.15,"Do more than make ends meet. Deliver with Gopuff and get paid to deliver what your neighbors need from a Gopuff facility near you! With one centralized pickup location and smaller delivery zones, Gopuff makes earning effortless. It's simple: deliver from a facility near you straight to the customer! You’ll be delivering everyday essentials, from cleaning supplies, home needs and OTC medications to food, drinks and more. Sign up to be a Gopuff Delivery Partner today and experience the easiest wa…",https://www.adzuna.com/land/ad/5437446911?se=bFolln2k8BGQCJH2_VE84Q&utm_medium=api&utm_source=a6e23083&v=94332E81A0B8B9627C9F17AC4EBA4541171B2C2E,N/A,15-1251,IT,[]
Drive with Gopuff - Flexible Hours,Gopuff Careers,"Dravosburg, Allegheny County",49586.4,"Do more than make ends meet. Deliver with Gopuff and get paid to deliver what your neighbors need from a Gopuff facility near you! With one centralized pickup location and smaller delivery zones, Gopuff makes earning effortless. It's simple: deliver from a facility near you straight to the customer! You’ll be delivering everyday essentials, from cleaning supplies, home needs and OTC medications to food, drinks and more. Sign up to be a Gopuff Delivery Partner today and experience the easiest wa…",https://www.adzuna.com/land/ad/5437446926?se=bFolln2k8BGQCJH2_VE84Q&utm_medium=api&utm_source=a6e23083&v=66EA63D0CBCF06402CCAE53F2CFF7FA9B97B0E9C,N/A,15-1251,IT,[]
Gopuff Delivery Driver Partner,Gopuff Careers,"Dravosburg, Allegheny County",67193.49,"Do more than make ends meet. Deliver with Gopuff and get paid to deliver what your neighbors need from a Gopuff facility near you! With one centralized pickup location and smaller delivery zones, Gopuff makes earning effortless. It's simple: deliver from a facility near you straight to the customer! You’ll be delivering everyday essentials, from cleaning supplies, home needs and OTC medications to food, drinks and more. Sign up to be a Gopuff Delivery Partner today and experience the easiest wa…",https://www.adzuna.com/land/ad/5437446940?se=bFolln2k8BGQCJH2_VE84Q&utm_medium=api&utm_source=a6e23083&v=38DBB9116C3074981DB320A5C9A1AECCC280D3F1,N/A,15-1251,IT,[]
Gopuff Delivery Driver Partner,Gopuff Careers,"Bridgeville, Allegheny County",64414.71,"Do more than make ends meet. Deliver with Gopuff and get paid to deliver what your neighbors need from a Gopuff facility near you! With one centralized pickup location and smaller delivery zones, Gopuff makes earning effortless. It's simple: deliver from a facility near you straight to the customer! You’ll be delivering everyday essentials, from cleaning supplies, home needs and OTC medications to food, drinks and more. Sign up to be a Gopuff Delivery Partner today and experience the easiest wa…",https://www.adzuna.com/land/ad/5437446918?se=bFolln2k8BGQCJH2_VE84Q&utm_medium=api&utm_source=a6e23083&v=E2862A5E49E0CD85E5E879949F5441BBE385060F,N/A,15-1251,IT,[]
Deliver with Gopuff on your schedule,Gopuff Careers,"Glassport, Allegheny County",58694.68,"Do more than make ends meet. Deliver with Gopuff and get paid to deliver what your neighbors need from a Gopuff facility near you! With one centralized pickup location and smaller delivery zones, Gopuff makes earning effortless. It's simple: deliver from a facility near you straight to the customer! You’ll be delivering everyday essentials, from cleaning supplies, home needs and OTC medications to food, drinks and more. Sign up to be a Gopuff Delivery Partner today and experience the easiest wa…",https://www.adzuna.com/land/ad/5437446917?se=bFolln2k8BGQCJH2_VE84Q&utm_medium=api&utm_source=a6e23083&v=70EAF312A794D86E5B9E55C4EA76DB0F48C604EF,N/A,15-1251,IT,[]
Need a Side Hustle? Deliver with Gopuff!,Gopuff Careers,"Duquesne, Allegheny County",62764.92,"Do more than make ends meet. Deliver with Gopuff and get paid to deliver what your neighbors need from a Gopuff facility near you! With one centralized pickup location and smaller delivery zones, Gopuff makes earning effortless. It's simple: deliver from a facility near you straight to the customer! You’ll be delivering everyday essentials, from cleaning supplies, home needs and OTC medications to food, drinks and more. Sign up to be a Gopuff Delivery Partner today and experience the easiest wa…",https://www.adzuna.com/land/ad/5437446854?se=bFolln2k8BGQCJH2_VE84Q&utm_medium=api&utm_source=a6e23083&v=42A536D344353C5A26C0D5F558B312B48497B8FD,N/A,15-1251,IT,[]
Gopuff Delivery Driver - Choose when you work,Gopuff Careers,"East Pittsburgh, Allegheny County",55344.17,"Do more than make ends meet. Deliver with Gopuff and get paid to deliver what your neighbors need from a Gopuff facility near you! With one centralized pickup location and smaller delivery zones, Gopuff makes earning effortless. It's simple: deliver from a facility near you straight to the customer! You’ll be delivering everyday essentials, from cleaning supplies, home needs and OTC medications to food, drinks and more. Sign up to be a Gopuff Delivery Partner today and experience the easiest wa…",https://www.adzuna.com/land/ad/5437446858?se=bFolln2k8BGQCJH2_VE84Q&utm_medium=api&utm_source=a6e23083&v=12C1F8A3C3C3707E965016A4F8B6ECC354CC0A47,N/A,15-1251,IT,[]
Gopuff Delivery Driver Partner,Gopuff Careers,"Carnegie, Allegheny County",66946.78,"Do more than make ends meet. Deliver with Gopuff and get paid to deliver what your neighbors need from a Gopuff facility near you! With one centralized pickup location and smaller delivery zones, Gopuff makes earning effortless. It's simple: deliver from a facility near you straight to the customer! You’ll be delivering everyday essentials, from cleaning supplies, home needs and OTC medications to food, drinks and more. Sign up to be a Gopuff Delivery Partner today and experience the easiest wa…",https://www.adzuna.com/land/ad/5437446846?se=bFolln2k8BGQCJH2_VE84Q&utm_medium=api&utm_source=a6e23083&v=3B924BF8982EBACF22E1792531BE0DA84B88E92B,N/A,15-1251,IT,[]
Become a Gopuff Driver - Flexible Schedule,Gopuff Careers,"Duquesne, Allegheny County",49739.91,"Do more than make ends meet. Deliver with Gopuff and get paid to deliver what your neighbors need from a Gopuff facility near you! With one centralized pickup location and smaller delivery zones, Gopuff makes earning effortless. It's simple: deliver from a facility near you straight to the customer! You’ll be delivering everyday essentials, from cleaning supplies, home needs and OTC medications to food, drinks and more. Sign up to be a Gopuff Delivery Partner today and experience the easiest wa…",https://www.adzuna.com/land/ad/5437446760?se=bFolln2k8BGQCJH2_VE84Q&utm_medium=api&utm_source=a6e23083&v=395C309D3F0D50A0FD728FA4EE7081517045C047,N/A,15-1251,IT,[]
Need a Side Hustle? Deliver with Gopuff!,Gopuff Careers,"Carnegie, Allegheny County",64514.73,"Do more than make ends meet. Deliver with Gopuff and get paid to deliver what your neighbors need from a Gopuff facility near you! With one centralized pickup location and smaller delivery zones, Gopuff makes earning effortless. It's simple: deliver from a facility near you straight to the customer! You’ll be delivering everyday essentials, from cleaning supplies, home needs and OTC medications to food, drinks and more. Sign up to be a Gopuff Delivery Partner today and experience the easiest wa…",https://www.adzuna.com/land/ad/5437446802?se=bFolln2k8BGQCJH2_VE84Q&utm_medium=api&utm_source=a6e23083&v=EA78A11DC89C3B5EE54F6AAC0EF7E107A61BF5D5,N/A,15-1251,IT,[]
Deliver with Gopuff - Earn Big & Keep 100% of Your Tips,Gopuff Careers,"Braddock, Allegheny County",66673.64,"Do more than make ends meet. Deliver with Gopuff and get paid to deliver what your neighbors need from a Gopuff facility near you! With one centralized pickup location and smaller delivery zones, Gopuff makes earning effortless. It's simple: deliver from a facility near you straight to the customer! You’ll be delivering everyday essentials, from cleaning supplies, home needs and OTC medications to food, drinks and more. Sign up to be a Gopuff Delivery Partner today and experience the easiest wa…",https://www.adzuna.com/land/ad/5437446485?se=bFolln2k8BGQCJH2_VE84Q&utm_medium=api&utm_source=a6e23083&v=19AC6C329F06A5A8818D360A05E177F6332E72A2,N/A,15-1251,IT,[]
Need a Gig? Deliver with Gopuff!,Gopuff Careers,"Turtle Creek, Allegheny County",74658.33,"Do more than make ends meet. Deliver with Gopuff and get paid to deliver what your neighbors need from a Gopuff facility near you! With one centralized pickup location and smaller delivery zones, Gopuff makes earning effortless. It's simple: deliver from a facility near you straight to the customer! You’ll be delivering everyday essentials, from cleaning supplies, home needs and OTC medications to food, drinks and more. Sign up to be a Gopuff Delivery Partner today and experience the easiest wa…",https://www.adzuna.com/land/ad/5437446448?se=bFolln2k8BGQCJH2_VE84Q&utm_medium=api&utm_source=a6e23083&v=F901DE8ACC014E9FE0417DDDE39D43C111BF2964,N/A,15-1251,IT,[]
Gopuff Delivery Driver Gigs,Gopuff Careers,"Braddock, Allegheny County",77001.58,"Do more than make ends meet. Deliver with Gopuff and get paid to deliver what your neighbors need from a Gopuff facility near you! With one centralized pickup location and smaller delivery zones, Gopuff makes earning effortless. It's simple: deliver from a facility near you straight to the customer! You’ll be delivering everyday essentials, from cleaning supplies, home needs and OTC medications to food, drinks and more. Sign up to be a Gopuff Delivery Partner today and experience the easiest wa…",https://www.adzuna.com/land/ad/5437446425?se=bFolln2k8BGQCJH2_VE84Q&utm_medium=api&utm_source=a6e23083&v=3401940C1BA30359D353932845D6F3B3B05B8935,N/A,15-1251,IT,[]
Drive with Gopuff - Flexible Hours,Gopuff Careers,"East Pittsburgh, Allegheny County",49066.41,"Do more than make ends meet. Deliver with Gopuff and get paid to deliver what your neighbors need from a Gopuff facility near you! With one centralized pickup location and smaller delivery zones, Gopuff makes earning effortless. It's simple: deliver from a facility near you straight to the customer! You’ll be delivering everyday essentials, from cleaning supplies, home needs and OTC medications to food, drinks and more. Sign up to be a Gopuff Delivery Partner today and experience the easiest wa…",https://www.adzuna.com/land/ad/5437446456?se=bFolln2k8BGQCJH2_VE84Q&utm_medium=api&utm_source=a6e23083&v=7D52DE51AD6C2476F3FC5A7375B895AF4525AD60,N/A,15-1251,IT,[]
Gopuff Delivery Gigs,Gopuff Careers,"Dravosburg, Allegheny County",76444.7,"Do more than make ends meet. Deliver with Gopuff and get paid to deliver what your neighbors need from a Gopuff facility near you! With one centralized pickup location and smaller delivery zones, Gopuff makes earning effortless. It's simple: deliver from a facility near you straight to the customer! You’ll be delivering everyday essentials, from cleaning supplies, home needs and OTC medications to food, drinks and more. Sign up to be a Gopuff Delivery Partner today and experience the easiest wa…",https://www.adzuna.com/land/ad/5437446426?se=bFolln2k8BGQCJH2_VE84Q&utm_medium=api&utm_source=a6e23083&v=2195AF363C02126D014EB21DB8739FABAC4A3EED,N/A,15-1251,IT,[]
Drive with Gopuff - Choose when you work,Gopuff Careers,"Duquesne, Allegheny County",48968.99,"Do more than make ends meet. Deliver with Gopuff and get paid to deliver what your neighbors need from a Gopuff facility near you! With one centralized pickup location and smaller delivery zones, Gopuff makes earning effortless. It's simple: deliver from a facility near you straight to the customer! You’ll be delivering everyday essentials, from cleaning supplies, home needs and OTC medications to food, drinks and more. Sign up to be a Gopuff Delivery Partner today and experience the easiest wa…",https://www.adzuna.com/land/ad/5437446468?se=bFolln2k8BGQCJH2_VE84Q&utm_medium=api&utm_source=a6e23083&v=B7F19DC5EEDD18513968265876ADF4C77BB6B2B7,N/A,15-1251,IT,[]
Become a Gopuff Driver - Flexible Schedule,Gopuff Careers,"Glassport, Allegheny County",48564.89,"Do more than make ends meet. Deliver with Gopuff and get paid to deliver what your neighbors need from a Gopuff facility near you! With one centralized pickup location and smaller delivery zones, Gopuff makes earning effortless. It's simple: deliver from a facility near you straight to the customer! You’ll be delivering everyday essentials, from cleaning supplies, home needs and OTC medications to food, drinks and more. Sign up to be a Gopuff Delivery Partner today and experience the easiest wa…",https://www.adzuna.com/land/ad/5437446458?se=bFolln2k8BGQCJH2_VE84Q&utm_medium=api&utm_source=a6e23083&v=60D20608F451B77881794DB46E8F1DCE046EEB7F,N/A,15-1251,IT,[]
Earn Money Delivering With Gopuff,Gopuff Careers,"Carnegie, Allegheny County",59689.25,"Do more than make ends meet. Deliver with Gopuff and get paid to deliver what your neighbors need from a Gopuff facility near you! With one centralized pickup location and smaller delivery zones, Gopuff makes earning effortless. It's simple: deliver from a facility near you straight to the customer! You’ll be delivering everyday essentials, from cleaning supplies, home needs and OTC medications to food, drinks and more. Sign up to be a Gopuff Delivery Partner today and experience the easiest wa…",https://www.adzuna.com/land/ad/5437446364?se=bFolln2k8BGQCJH2_VE84Q&utm_medium=api&utm_source=a6e23083&v=2684694CC6B38DCC2F318B9267E567610F4897C5,N/A,15-1251,IT,[]
Deliver with Gopuff on your schedule,Gopuff Careers,"Duquesne, Allegheny County",60114.73,"Do more than make ends meet. Deliver with Gopuff and get paid to deliver what your neighbors need from a Gopuff facility near you! With one centralized pickup location and smaller delivery zones, Gopuff makes earning effortless. It's simple: deliver from a facility near you straight to the customer! You’ll be delivering everyday essentials, from cleaning supplies, home needs and OTC medications to food, drinks and more. Sign up to be a Gopuff Delivery Partner today and experience the easiest wa…",https://www.adzuna.com/land/ad/5437446384?se=bFolln2k8BGQCJH2_VE84Q&utm_medium=api&utm_source=a6e23083&v=3567469EF78ED019C548054C6AD4A35542C31FA9,N/A,15-1251,IT,[]
Need a Gig? Deliver with Gopuff!,Gopuff Careers,"Carnegie, Allegheny County",72566.65,"Do more than make ends meet. Deliver with Gopuff and get paid to deliver what your neighbors need from a Gopuff facility near you! With one centralized pickup location and smaller delivery zones, Gopuff makes earning effortless. It's simple: deliver from a facility near you straight to the customer! You’ll be delivering everyday essentials, from cleaning supplies, home needs and OTC medications to food, drinks and more. Sign up to be a Gopuff Delivery Partner today and experience the easiest wa…",https://www.adzuna.com/land/ad/5437446274?se=bFolln2k8BGQCJH2_VE84Q&utm_medium=api&utm_source=a6e23083&v=0FDA54C0FD6503BA01984D217F95B97F6153AD56,N/A,15-1251,IT,[]
Become a Gopuff Driver - Sign Up Today,Gopuff Careers,"Turtle Creek, Allegheny County",47548.82,"Do more than make ends meet. Deliver with Gopuff and get paid to deliver what your neighbors need from a Gopuff facility near you! With one centralized pickup location and smaller delivery zones, Gopuff makes earning effortless. It's simple: deliver from a facility near you straight to the customer! You’ll be delivering everyday essentials, from cleaning supplies, home needs and OTC medications to food, drinks and more. Sign up to be a Gopuff Delivery Partner today and experience the easiest wa…",https://www.adzuna.com/land/ad/5437446247?se=bFolln2k8BGQCJH2_VE84Q&utm_medium=api&utm_source=a6e23083&v=0445C6123E00E24433E919C58D5A99E886F78818,N/A,15-1251,IT,[]
Earn Extra Cash as a Local Delivery Driver,Gopuff Careers,"Braddock, Allegheny County",63173.69,"Do more than make ends meet. Deliver with Gopuff and get paid to deliver what your neighbors need from a Gopuff facility near you! With one centralized pickup location and smaller delivery zones, Gopuff makes earning effortless. It's simple: deliver from a facility near you straight to the customer! You’ll be delivering everyday essentials, from cleaning supplies, home needs and OTC medications to food, drinks and more. Sign up to be a Gopuff Delivery Partner today and experience the easiest wa…",https://www.adzuna.com/land/ad/5437446232?se=bFolln2k8BGQCJH2_VE84Q&utm_medium=api&utm_source=a6e23083&v=6EFAF1243F4C102B9FAC6A85C3C1A2ED86ADC21A,N/A,15-1251,IT,[]
Gopuff Delivery Driver,Gopuff Careers,"Carnegie, Allegheny County",62411.09,"Do more than make ends meet. Deliver with Gopuff and get paid to deliver what your neighbors need from a Gopuff facility near you! With one centralized pickup location and smaller delivery zones, Gopuff makes earning effortless. It's simple: deliver from a facility near you straight to the customer! You’ll be delivering everyday essentials, from cleaning supplies, home needs and OTC medications to food, drinks and more. Sign up to be a Gopuff Delivery Partner today and experience the easiest wa…",https://www.adzuna.com/land/ad/5437446195?se=bFolln2k8BGQCJH2_VE84Q&utm_medium=api&utm_source=a6e23083&v=8677F3D35E084612C247581B35F153687078F469,N/A,15-1251,IT,[]
Become a Gopuff Driver - Sign Up Today,Gopuff Careers,"Braddock, Allegheny County",46583.09,"Do more than make ends meet. Deliver with Gopuff and get paid to deliver what your neighbors need from a Gopuff facility near you! With one centralized pickup location and smaller delivery zones, Gopuff makes earning effortless. It's simple: deliver from a facility near you straight to the customer! You’ll be delivering everyday essentials, from cleaning supplies, home needs and OTC medications to food, drinks and more. Sign up to be a Gopuff Delivery Partner today and experience the easiest wa…",https://www.adzuna.com/land/ad/5437446160?se=bFolln2k8BGQCJH2_VE84Q&utm_medium=api&utm_source=a6e23083&v=8BE4F111A4C634075703A3E6FC6DF95105407BC6,N/A,15-1251,IT,[]
Become a Gopuff Driver - Flexible Schedule,Gopuff Careers,"Turtle Creek, Allegheny County",52600.38,"Do more than make ends meet. Deliver with Gopuff and get paid to deliver what your neighbors need from a Gopuff facility near you! With one centralized pickup location and smaller delivery zones, Gopuff makes earning effortless. It's simple: deliver from a facility near you straight to the customer! You’ll be delivering everyday essentials, from cleaning supplies, home needs and OTC medications to food, drinks and more. Sign up to be a Gopuff Delivery Partner today and experience the easiest wa…",https://www.adzuna.com/land/ad/5437446151?se=bFolln2k8BGQCJH2_VE84Q&utm_medium=api&utm_source=a6e23083&v=2095891C867E2CF629A3EA86FCAD6EC5B3374333,N/A,15-1251,IT,[]
Become a Gopuff Driver - Sign Up Today,Gopuff Careers,"Oakmont, Allegheny County",45578.48,"Do more than make ends meet. Deliver with Gopuff and get paid to deliver what your neighbors need from a Gopuff facility near you! With one centralized pickup location and smaller delivery zones, Gopuff makes earning effortless. It's simple: deliver from a facility near you straight to the customer! You’ll be delivering everyday essentials, from cleaning supplies, home needs and OTC medications to food, drinks and more. Sign up to be a Gopuff Delivery Partner today and experience the easiest wa…",https://www.adzuna.com/land/ad/5437444036?se=bFolln2k8BGQCJH2_VE84Q&utm_medium=api&utm_source=a6e23083&v=45F5648418B7A2C164082DBED3B8DB5E04F91D4F,N/A,15-1251,IT,[]
Gopuff Delivery Driver,Gopuff Careers,"Penn Hills, Allegheny County",62424.24,"Do more than make ends meet. Deliver with Gopuff and get paid to deliver what your neighbors need from a Gopuff facility near you! With one centralized pickup location and smaller delivery zones, Gopuff makes earning effortless. It's simple: deliver from a facility near you straight to the customer! You’ll be delivering everyday essentials, from cleaning supplies, home needs and OTC medications to food, drinks and more. Sign up to be a Gopuff Delivery Partner today and experience the easiest wa…",https://www.adzuna.com/land/ad/5437442972?se=bFolln2k8BGQCJH2_VE84Q&utm_medium=api&utm_source=a6e23083&v=D134454E85C4D05F4C44933F33D3653F6F6A7888,N/A,15-1251,IT,[]
Become a Gopuff Driver - Flexible Schedule,Gopuff Careers,"Oakmont, Allegheny County",50420.72,"Do more than make ends meet. Deliver with Gopuff and get paid to deliver what your neighbors need from a Gopuff facility near you! With one centralized pickup location and smaller delivery zones, Gopuff makes earning effortless. It's simple: deliver from a facility near you straight to the customer! You’ll be delivering everyday essentials, from cleaning supplies, home needs and OTC medications to food, drinks and more. Sign up to be a Gopuff Delivery Partner today and experience the easiest wa…",https://www.adzuna.com/land/ad/5437442801?se=bFolln2k8BGQCJH2_VE84Q&utm_medium=api&utm_source=a6e23083&v=158F38E4EE4AFF6E427E7FAEBB7E57630C3D7D43,N/A,15-1251,IT,[]
"Deliver with Gopuff - No Shopping, No Riders, No Restaurant",Gopuff Careers,"West Mifflin, Allegheny County",46900.7,"Do more than make ends meet. Deliver with Gopuff and get paid to deliver what your neighbors need from a Gopuff facility near you! With one centralized pickup location and smaller delivery zones, Gopuff makes earning effortless. It's simple: deliver from a facility near you straight to the customer! You’ll be delivering everyday essentials, from cleaning supplies, home needs and OTC medications to food, drinks and more. Sign up to be a Gopuff Delivery Partner today and experience the easiest wa…",https://www.adzuna.com/land/ad/5437442651?se=bFolln2k8BGQCJH2_VE84Q&utm_medium=api&utm_source=a6e23083&v=D330A6E539D1186CAB425C760C081AFA77CD8BA4,N/A,15-1251,IT,[]
Become a Gopuff Driver - Sign Up Today,Gopuff Careers,"Carnegie, Allegheny County",46216.66,"Do more than make ends meet. Deliver with Gopuff and get paid to deliver what your neighbors need from a Gopuff facility near you! With one centralized pickup location and smaller delivery zones, Gopuff makes earning effortless. It's simple: deliver from a facility near you straight to the customer! You’ll be delivering everyday essentials, from cleaning supplies, home needs and OTC medications to food, drinks and more. Sign up to be a Gopuff Delivery Partner today and experience the easiest wa…",https://www.adzuna.com/land/ad/5437442662?se=bFolln2k8BGQCJH2_VE84Q&utm_medium=api&utm_source=a6e23083&v=CCBEBDB256A905BD0AAED03939C882115A69D580,N/A,15-1251,IT,[]
Gopuff Delivery Driver Partner,Gopuff Careers,"Homestead, Allegheny County",68402.81,"Do more than make ends meet. Deliver with Gopuff and get paid to deliver what your neighbors need from a Gopuff facility near you! With one centralized pickup location and smaller delivery zones, Gopuff makes earning effortless. It's simple: deliver from a facility near you straight to the customer! You’ll be delivering everyday essentials, from cleaning supplies, home needs and OTC medications to food, drinks and more. Sign up to be a Gopuff Delivery Partner today and experience the easiest wa…",https://www.adzuna.com/land/ad/5437442584?se=bFolln2k8BGQCJH2_VE84Q&utm_medium=api&utm_source=a6e23083&v=1C14861EAC49291C4294DBC5A40E2C594D2867A9,N/A,15-1251,IT,[]
Earn Cash with Gopuff In Your Free Time,Gopuff Careers,"Braddock, Allegheny County",54972.69,"Do more than make ends meet. Deliver with Gopuff and get paid to deliver what your neighbors need from a Gopuff facility near you! With one centralized pickup location and smaller delivery zones, Gopuff makes earning effortless. It's simple: deliver from a facility near you straight to the customer! You’ll be delivering everyday essentials, from cleaning supplies, home needs and OTC medications to food, drinks and more. Sign up to be a Gopuff Delivery Partner today and experience the easiest wa…",https://www.adzuna.com/land/ad/5437442580?se=bFolln2k8BGQCJH2_VE84Q&utm_medium=api&utm_source=a6e23083&v=BE972A259B6D14A540BA77FFE3CA94DF624C5DCB,N/A,15-1251,IT,[]
Make Your Own Schedule - Deliver With Gopuff,Gopuff Careers,"Turtle Creek, Allegheny County",60785.59,"Do more than make ends meet. Deliver with Gopuff and get paid to deliver what your neighbors need from a Gopuff facility near you! With one centralized pickup location and smaller delivery zones, Gopuff makes earning effortless. It's simple: deliver from a facility near you straight to the customer! You’ll be delivering everyday essentials, from cleaning supplies, home needs and OTC medications to food, drinks and more. Sign up to be a Gopuff Delivery Partner today and experience the easiest wa…",https://www.adzuna.com/land/ad/5437442610?se=bFolln2k8BGQCJH2_VE84Q&utm_medium=api&utm_source=a6e23083&v=5DD58590C3540BACE81491866E467393DCE83A14,N/A,15-1251,IT,[]
Sales Account Manager,Beemac Logistics,"Observatory, Allegheny County",101964.61,"Beemac Logistics is looking to build our Salesforce! We need dynamic, competitive, and entrepreneurial minded individuals who are motivated by unlimited earning potential. This is a unique inside sales position with the ability to make a SIX-FIGURE income in as little as 18 months! It is an opportunity to grow a book of business and build meaningful relationships in the transportation logistics industry. In this role you can earn cash bonuses, become a Vice President, and work from home days po…",https://www.adzuna.com/details/5437442560?utm_medium=api&utm_source=a6e23083,N/A,15-1251,IT,[]
Deliver with Gopuff,Gopuff Careers,"Glassport, Allegheny County",57148.54,"Do more than make ends meet. Deliver with Gopuff and get paid to deliver what your neighbors need from a Gopuff facility near you! With one centralized pickup location and smaller delivery zones, Gopuff makes earning effortless. It's simple: deliver from a facility near you straight to the customer! You’ll be delivering everyday essentials, from cleaning supplies, home needs and OTC medications to food, drinks and more. Sign up to be a Gopuff Delivery Partner today and experience the easiest wa…",https://www.adzuna.com/land/ad/5437442527?se=bFolln2k8BGQCJH2_VE84Q&utm_medium=api&utm_source=a6e23083&v=6595D4A78C57FEFEF9023B9E4775C8D7FF4F18E1,N/A,15-1251,IT,[]
Earn Extra Cash as a Local Delivery Driver,Gopuff Careers,"Penn Hills, Allegheny County",62689.96,"Do more than make ends meet. Deliver with Gopuff and get paid to deliver what your neighbors need from a Gopuff facility near you! With one centralized pickup location and smaller delivery zones, Gopuff makes earning effortless. It's simple: deliver from a facility near you straight to the customer! You’ll be delivering everyday essentials, from cleaning supplies, home needs and OTC medications to food, drinks and more. Sign up to be a Gopuff Delivery Partner today and experience the easiest wa…",https://www.adzuna.com/land/ad/5437442401?se=bFolln2k8BGQCJH2_VE84Q&utm_medium=api&utm_source=a6e23083&v=A53323B3DEBA5F676911AB43ECC9F3D31DB2A285,N/A,15-1251,IT,[]
"Deliver Food with Gopuff - No Riders, No Restaurants",Gopuff Careers,"Penn Hills, Allegheny County",39978.73,"Do more than make ends meet. Deliver with Gopuff and get paid to deliver what your neighbors need from a Gopuff facility near you! With one centralized pickup location and smaller delivery zones, Gopuff makes earning effortless. It's simple: deliver from a facility near you straight to the customer! You’ll be delivering everyday essentials, from cleaning supplies, home needs and OTC medications to food, drinks and more. Sign up to be a Gopuff Delivery Partner today and experience the easiest wa…",https://www.adzuna.com/land/ad/5437442385?se=bFolln2k8BGQCJH2_VE84Q&utm_medium=api&utm_source=a6e23083&v=EE11FB5CB56B3FA3D826883A27AB338C6AED3B17,N/A,15-1251,IT,[]
Gopuff Delivery Driver Partner,Gopuff Careers,"Oakmont, Allegheny County",66022.36,"Do more than make ends meet. Deliver with Gopuff and get paid to deliver what your neighbors need from a Gopuff facility near you! With one centralized pickup location and smaller delivery zones, Gopuff makes earning effortless. It's simple: deliver from a facility near you straight to the customer! You’ll be delivering everyday essentials, from cleaning supplies, home needs and OTC medications to food, drinks and more. Sign up to be a Gopuff Delivery Partner today and experience the easiest wa…",https://www.adzuna.com/land/ad/5437442259?se=bFolln2k8BGQCJH2_VE84Q&utm_medium=api&utm_source=a6e23083&v=7ED7D73ACB7B88824633BC1A44C14D7F80B0C088,N/A,15-1251,IT,[]
Deliver with Gopuff on your schedule,Gopuff Careers,"Homestead, Allegheny County",63134.66,"Do more than make ends meet. Deliver with Gopuff and get paid to deliver what your neighbors need from a Gopuff facility near you! With one centralized pickup location and smaller delivery zones, Gopuff makes earning effortless. It's simple: deliver from a facility near you straight to the customer! You’ll be delivering everyday essentials, from cleaning supplies, home needs and OTC medications to food, drinks and more. Sign up to be a Gopuff Delivery Partner today and experience the easiest wa…",https://www.adzuna.com/land/ad/5437442248?se=bFolln2k8BGQCJH2_VE84Q&utm_medium=api&utm_source=a6e23083&v=48AD2C9DD7A8F4D43FF0CEA93E857B6BFE41550A,N/A,15-1251,IT,[]
Need a Side Hustle? Deliver with Gopuff!,Gopuff Careers,"Turtle Creek, Allegheny County",66374.32,"Do more than make ends meet. Deliver with Gopuff and get paid to deliver what your neighbors need from a Gopuff facility near you! With one centralized pickup location and smaller delivery zones, Gopuff makes earning effortless. It's simple: deliver from a facility near you straight to the customer! You’ll be delivering everyday essentials, from cleaning supplies, home needs and OTC medications to food, drinks and more. Sign up to be a Gopuff Delivery Partner today and experience the easiest wa…",https://www.adzuna.com/land/ad/5437442169?se=bFolln2k8BGQCJH2_VE84Q&utm_medium=api&utm_source=a6e23083&v=0C84EC3E9560A99B7E17F94887D38DF0225D5D96,N/A,15-1251,IT,[]
