title,company,location,avg_salary,description,redirect_url,experience_level,soc_code,job_category,matched_skills
Product Owner - Service Units,Mayvue,"Pittsburgh, Allegheny County",80164.02,"Mayvue is a fast growing software company specializing in infrastructure asset management solutions for transportation agencies. The many offerings that empower State DOTs, local agencies, and engineers to make smarter decisions through modern, secure, and easy to use technology. As the product owner, you will own the Scope or the “What” in delivery, overseeing Service Units solutions. You’ll work closely with delivery teams, including project managers, engineers, operating at intersection of p…",https://www.adzuna.com/details/5435704079?utm_medium=api&utm_source=a6e23083,N/A,15-1252,DevOps,[]
Software Development Engineer in Test - SDET,Govini,"Arsenal, Allegheny County",100069.99,"Company Description Govini transforms Defense Acquisition from an outdated manual process to a software-driven strategic advantage for the United States. Our flagship product, Ark, supports Supply Chain, Science and Technology, Production, Sustainment, Logistics, and Modernization teams with AI-enabled Applications and best-in-class data to more rapidly imagine, develop, and field the capabilities we need. Today, the national security community and every branch of the military rely on Govini to…",https://www.adzuna.com/details/5435185010?utm_medium=api&utm_source=a6e23083,N/A,15-1252,DevOps,[]
AI Applications & Web Developer,Forms+Surfaces Inc,"Glenshaw, Allegheny County",127687.65,"Job Description Job Description FormsSurfaces is a leading designer and manufacturer of architectural and site products used in high-profile commercial and public projects around the world. With approximately 600 employees both local and international, our team of talented professionals and craftsmen spans numerous disciplines. We are currently seeking an individual with a background in Sustainability to join our team for a summer internship. FormsSurfaces is seeking a highly skilled and forwar…",https://www.adzuna.com/details/5435032562?utm_medium=api&utm_source=a6e23083,N/A,15-1252,DevOps,[]
Senior QE Automation Engineer,Qode,"Pittsburgh, Allegheny County",86199.69,"Job Description Job Description Senior QE Automation Engineer Location: Dallas, Pittsburgh, or Cleveland, USA Workplace Type: Hybrid About the Role We are seeking a highly experienced and motivated QE Engineer to join our dynamic team. As a QE Engineer, you will be responsible for designing, developing, and executing comprehensive test strategies and automation frameworks to ensure the quality and reliability of our data processing and analytics platforms. You will work closely with developers,…",https://www.adzuna.com/details/5434918022?utm_medium=api&utm_source=a6e23083,N/A,15-1252,DevOps,[]
Senior Devops Engineer,System One,"Pittsburgh, Allegheny County",116710.95,"Additional Skills and Notes: Position Title: Senior Devops Engineer Position Location: PNC Tech Hub Provide locations/flexible work by preference: 1. Pittsburgh PA OR Cleveland OH - Strongsville Technology Center Please note, the hiring team is not looking to source out of any other tech hubs at this time Ability to work remote: Hybrid - 3 days in office, 2 remote Intended length of Assignment: 3/31/2026 Reason for open position: Replacement Function of the Group: Combination of mitigating risk…",https://www.adzuna.com/details/5434860301?utm_medium=api&utm_source=a6e23083,N/A,15-1252,DevOps,['devops']
Senior Graphics and Simulation Software Engineer,Astrobotic Technology Inc,"Pittsburgh, Allegheny County",161753.48,"Astrobotic is at the forefront of advancing space exploration and technology development. Our expertise spans from lunar rovers, landers, and infrastructure to spacecraft navigation, machine vision, and computing systems for in-space robotic applications. To date, the company has been contracted for two lunar missions, and has won more than 60 National Aeronautics and Space Administration (NASA), Department of Defense (DoD), and commercial technology contracts worth more than $600 million. Esta…",https://www.adzuna.com/details/5434394710?utm_medium=api&utm_source=a6e23083,N/A,15-1252,DevOps,[]
AWS Architect - Director,PwC,"Pittsburgh, Allegheny County",214851.7,"Specialty/Competency: Product Innovation Industry/Sector: Not Applicable Time Type: Full time Travel Requirements: Up to 60% At PwC, our people in software and product innovation focus on developing cutting-edge software solutions and driving product innovation to meet the evolving needs of clients. These individuals combine technical experience with creative thinking to deliver innovative software products and solutions. Those in software engineering at PwC will focus on developing innovative …",https://www.adzuna.com/details/5434300927?utm_medium=api&utm_source=a6e23083,N/A,15-1252,DevOps,[]
"Fenergo Developer - Local to Pittsburgh, Cleveland, or Dallas",CGI,"Pittsburgh, Allegheny County",96750.0,"Position Description: This position is located in our Pittsburgh, PA or Strongsville, OH or Dallas, TX office with work performed at our client site in Pittsburgh or Strongsville or Dallas; however, a hybrid working model is acceptable. This is an exciting opportunity for a Senior Analyst to join a close-knit dynamic team, providing support on a high-profile service with an opportunity to work on upcoming development changes as a Fenergo Developer. The candidate will work on projects for one of…",https://www.adzuna.com/details/5434126813?utm_medium=api&utm_source=a6e23083,N/A,15-1252,DevOps,[]
Senior Software Engineer - Edge,Zendesk,"Bloomfield, Allegheny County",257389.66,"Senior Software Engineer - Edge at Zendesk summary: The Senior Software Engineer - Edge at Zendesk focuses on enhancing API security, resilience, and performance for billions of daily user interactions. This role involves collaboration with a specialized team to develop scalable solutions using modern technologies like AWS, Kubernetes, and Java. The engineer actively participates in code reviews, deployment, and continuous improvement of edge-related services and observability tools. Job Descri…",https://www.adzuna.com/details/5433198841?utm_medium=api&utm_source=a6e23083,N/A,15-1252,DevOps,"['java', 'kubernetes', 'aws']"
Senior Software Engineer - API Integration,PNC,"Pittsburgh, Allegheny County",100220.6,"Position Overview At PNC, our people are our greatest differentiator and competitive advantage in the markets we serve. We are all united in delivering the best experience for our customers. We work together each day to foster an inclusive workplace culture where all of our employees feel respected, valued and have an opportunity to contribute to the company's success. As a Senior Software Engineer within PNC's Retail Technology organization, you will be based in Pittsburgh, PA, Strongsville, O…",https://www.adzuna.com/details/5433096185?utm_medium=api&utm_source=a6e23083,N/A,15-1252,DevOps,[]
SAFe Scrum Master (Hybrid),Techstra Solutions,"Pittsburgh, Allegheny County",112093.7,"About the Role We are seeking an experienced SAFe Scrum Master to support data-focused initiatives within our Retail Banking division. This role will guide Agile teams delivering projects across data validation, data lineage, data transformation, and ETL processes. The Scrum Master will serve as a servant leader and coach, ensuring teams remain aligned with business priorities, deliver high-quality solutions, and adhere to SAFe (Scaled Agile Framework) principles. Responsibilities : Facilitate …",https://www.adzuna.com/details/5432892960?utm_medium=api&utm_source=a6e23083,N/A,15-1252,DevOps,"['scrum', 'agile']"
IT - Software Architect,V2Soft,"Pittsburgh, Allegheny County",96612.75,"V2Soft is a global leader in IT services and business solutions, delivering innovative and cost-effective technology solutions worldwide since 1998. We have headquarteerd in Bloomfiled Hills, MI and have 16 offices spread across six countries. We partner with Fortune 500 companies to address complex business challenges. Our services span AI, IT staffing, cloud computing, engineering, mobility, testing, and more. Certified with CMMI Level 3 and ISO standards, V2Soft is committed to quality and s…",https://www.adzuna.com/land/ad/5432884246?se=gvOZC5Wj8BGAcMP3pFPFgg&utm_medium=api&utm_source=a6e23083&v=C09B328D92DE1B44A94D26E0B9B840AA3F6CB2E1,N/A,15-1252,DevOps,['cloud computing']
Java Tech Lead- with UI,CGI,"Pittsburgh, Allegheny County",105700.0,"Position Description: This position can be located in either Pittsburgh, Cleveland, Dallas, or Birmingham, AL. Please only apply if you are local or willing to relocate yourself to one of those locations. CGI is hiring a Java Tech Lead to join our dynamic team. At CGI, you get to build solutions as a full-time consultant with a world-class IT company. You will be involved in a mission critical project, working with a team of smart, dedicated people like yourself who build quality solutions for …",https://www.adzuna.com/details/5432871083?utm_medium=api&utm_source=a6e23083,N/A,15-1252,DevOps,['java']
QA Automation Engineer,Virtusa,"Pittsburgh, Allegheny County",88983.05,"As a Senior Software Engineer in Test, you will be responsible for building and executing automated testing and infrastructure across multiple products and platforms. The ideal candidate is a detailoriented engineer with strong cross-functional skills who has a passion for building automation and improving engineering efficiency.This role involves a combination of designing test frameworks, writing automated test scripts, and integrating these tests into the clientx CI/CD pipeline Test Automati…",https://www.adzuna.com/details/5432811222?utm_medium=api&utm_source=a6e23083,N/A,15-1252,DevOps,[]
"Vice President, Mainframe Engineer",BNY Mellon,"Pittsburgh, Allegheny County",170346.11,"Description Vice President, Mainframe Engineer At BNY, our culture allows us to run our company better and enables employees’ growth and success. As a leading global financial services company at the heart of the global financial system, we influence nearly 20% of the world’s investible assets. Every day, our teams harness cutting-edge AI and breakthrough technologies to collaborate with clients, driving transformative solutions that redefine industries and uplift communities worldwide. Recogni…",https://www.adzuna.com/details/5432808851?utm_medium=api&utm_source=a6e23083,N/A,15-1252,DevOps,[]
Data Engineer - IDELIC,Innovation Works,"Pittsburgh, Allegheny County",87969.01,"ABOUT IDELIC Idelic uses cutting-edge technology and beautifully designed interfaces to help predict and prevent trucking accidents and reduce driver turnover to ensure drivers get home safely each and every night. Our SaaS solutions are radically transforming the way in which the transportation industry manages safety through advanced Machine Learning (ML) and our driver management platform. We believe that people do their best work while part of a culture that fosters inclusion, innovation, p…",https://www.adzuna.com/details/5432799099?utm_medium=api&utm_source=a6e23083,N/A,15-1252,DevOps,['machine learning']
Senior Solution Architect (.Net),PNC Bank,"Pittsburgh, Allegheny County",114356.02,"Position Overview At PNC, our people are our greatest differentiator and competitive advantage in the markets we serve. We are all united in delivering the best experience for our customers. We work together each day to foster an inclusive workplace culture where all of our employees feel respected, valued and have an opportunity to contribute to the company’s success. As a Software Architect Sr within PNC’s C&IB organization, you will be based either in Pittsburgh, PA or Dallas, TX or Little R…",https://www.adzuna.com/details/5432632531?utm_medium=api&utm_source=a6e23083,N/A,15-1252,DevOps,['r']
"Senior API Developer - Microservices - Local to Pittsburgh, Cleveland, or Dallas",CGI,"Pittsburgh, Allegheny County",125950.0,"Position Description: This position is located in our client offices in either Pittsburgh, PA, Cleveland, OH, or Dallas, TX. Love technology? We do too. We're growing rapidly and are looking for Senior API Developers for various projects. You'll be pivotal in design, build, and execution of innovative applications. We're a close-knit team that has access to global resources. You'll have the opportunity to explore a wide range of industries, technologies, and geographies, all while enjoying the …",https://www.adzuna.com/details/5432632514?utm_medium=api&utm_source=a6e23083,N/A,15-1252,DevOps,[]
Senior Full Stack Engineer,Rimsys,"Arsenal, Allegheny County",179787.89,"About Rimsys Rimsys is transforming how MedTech companies manage regulatory compliance. Our Regulatory Information Management (RIM) platform digitizes and automates critical regulatory processes, helping global medical device manufacturers bring life-saving products to market fasterand keep them there. We're trusted by some of the world's largest MedTech companies and backed by leading venture investors. We're proud to be recognized as a Best Place to Work in Pittsburgh. At Rimsys, people come …",https://www.adzuna.com/details/5432425102?utm_medium=api&utm_source=a6e23083,N/A,15-1252,DevOps,[]
Sr. SQL DBA,Maximus,"Oakland, Allegheny County",86542.68,"Description & Requirements : The Senior Database Administrator is responsible for setup, support & management of SQL Server Databases in production, test & development environments. The candidate will be responsible for creation and administration of SQL Server 2012, 2014, 2016, 2017, 2019, and 2022 databases in standalone, mirrored, clustered, and AlwaysOn environments. He/she must have substantial hands-on technical experience in addition to strong conceptual knowledge about SQL Server databa…",https://www.adzuna.com/details/5431727308?utm_medium=api&utm_source=a6e23083,N/A,15-1252,DevOps,['sql']
Sr Staff IT Architect,ThermoFisher Scientific,"Pittsburgh, Allegheny County",183631.02,"Work Schedule Standard (Mon-Fri) Environmental Conditions Office Job Description  Build, develop, and implement secure, scalable, and high-performance data solutions using AWS, Microsoft Azure, Databricks, and Microsoft Fabric (Power BI).  Architect end-to-end multi-cloud data platforms, ensuring detailed integration across enterprise data sources, storage, processing, AI services, and consumption layers.  Set up and enforce data governance, security, and compliance protocols within AWS and Azu…",https://www.adzuna.com/details/5431707979?utm_medium=api&utm_source=a6e23083,N/A,15-1252,DevOps,"['power bi', 'aws', 'azure']"
"Fenergo Developer - Local to Pittsburgh, Cleveland, or Dallas","CGI Technologies and Solutions, Inc.","Pittsburgh, Allegheny County",75452.12,"Fenergo Developer - Local to Pittsburgh, Cleveland, or Dallas Category: Software Development/ Engineering Main location: United States, Pennsylvania, Pittsburgh Alternate Location(s): United States, Ohio, Cleveland United States, Texas, Dallas Position ID: J1025-0218 Employment Type: Full Time Position Description: This position is located in our Pittsburgh, PA or Strongsville, OH or Dallas, TX office with work performed at our client site in Pittsburgh or Strongsville or Dallas; however, a hyb…",https://www.adzuna.com/details/5431705278?utm_medium=api&utm_source=a6e23083,N/A,15-1252,DevOps,[]
Quality Assurance Lead - Automated Testing / Mainframe,PNC,"Pittsburgh, Allegheny County",130014.98,"Position Overview At PNC, our people are our greatest differentiator and competitive advantage in the markets we serve. We are all united in delivering the best experience for our customers. We work together each day to foster an inclusive workplace culture where all of our employees feel respected, valued and have an opportunity to contribute to the company's success. As a Senior Quality Assurance Specialist within PNC's Lending Technology Credit Card Processing Rewards organization, you will …",https://www.adzuna.com/details/5431704047?utm_medium=api&utm_source=a6e23083,N/A,15-1252,DevOps,[]
Sr. API Developer with UI,CGI,"Pittsburgh, Allegheny County",105700.0,"Position Description: CGI is looking for a seasoned Sr.Java developer with a passion for building robust scalable APIs along with a background of UI or interest in UI development. We are seeking a talented individual like you to join our team as a API developer and play a key role in shaping the future of the platform that we are building for the clients. This position can be located in either Pittsburgh, Phoenix, Cleveland, Dallas, or Birmingham, AL. Please only apply if you are local or willi…",https://www.adzuna.com/details/5431417168?utm_medium=api&utm_source=a6e23083,N/A,15-1252,DevOps,['java']
"Senior Vice President, Full-Stack Engineer",BNY Mellon,"Millvale, Allegheny County",148513.2,"Description Senior Vice President, Full-Stack Engineer At BNY, our culture allows us to run our company better and enables employees’ growth and success. As a leading global financial services company at the heart of the global financial system, we influence nearly 20% of the world’s investible assets. Every day, our teams harness cutting-edge AI and breakthrough technologies to collaborate with clients, driving transformative solutions that redefine industries and uplift communities worldwide.…",https://www.adzuna.com/details/5431181951?utm_medium=api&utm_source=a6e23083,N/A,15-1252,DevOps,[]
Technical Product Manager,Workforce Opportunity Services,"East Liberty, Allegheny County",110099.36,"Overview: The Associate Technical Product Manager will assist overseeing day-to-day data operations, translate business needs into technical deliverables, and develop lightweight tools to reduce manual work. This role is embedded in a hands-on, pragmatic environment at a growing legal tech startup. Position Description: The Associate Technical Product Manager is responsible for maintaining healthy database performance, building automation scripts, setting up and supporting ELT processes, and cr…",https://www.adzuna.com/details/5431090065?utm_medium=api&utm_source=a6e23083,N/A,15-1252,DevOps,[]
"Senior API Developer - Microservices - Local to Pittsburgh, Cleveland, or Dallas","CGI Technologies and Solutions, Inc.","Pittsburgh, Allegheny County",127803.51,"Senior API Developer - Microservices - Local to Pittsburgh, Cleveland, or Dallas Category: Software Development/ Engineering Main location: United States, Pennsylvania, Pittsburgh Position ID: J0925-1991 Employment Type: Full Time Position Description: This position is located in our client offices in either Pittsburgh, PA, Cleveland, OH, or Dallas, TX. Love technology? We do too. We're growing rapidly and are looking for Senior API Developers for various projects. You'll be pivotal in design, …",https://www.adzuna.com/details/5429960753?utm_medium=api&utm_source=a6e23083,N/A,15-1252,DevOps,[]
Quality Assurance Specialist - Automated Testing / Mainframe,PNC,"Pittsburgh, Allegheny County",118477.91,"Position Overview At PNC, our people are our greatest differentiator and competitive advantage in the markets we serve. We are all united in delivering the best experience for our customers. We work together each day to foster an inclusive workplace culture where all of our employees feel respected, valued and have an opportunity to contribute to the company's success. As a Quality Assurance Specialist within PNC's Lending Technology Credit Card Processing Rewards organization, you will be base…",https://www.adzuna.com/details/5429955524?utm_medium=api&utm_source=a6e23083,N/A,15-1252,DevOps,[]
DBT Developer,Deloitte,"Pittsburgh, Allegheny County",113833.3,"Are you an experienced, passionate pioneer in technology who wants to work in a collaborative environment? As an experienced DBT Developer you will have the ability to share new ideas and collaborate on projects as a consultant without the extensive demands of travel. The Project Delivery Talent Model is designed for professionals with specialized skills that align to a current client need. Team members focus on delivering services to clients, without additional expectations related to business…",https://www.adzuna.com/details/5429945370?utm_medium=api&utm_source=a6e23083,N/A,15-1252,DevOps,[]
Software Architect - Service Now Release Architect,PNC Bank,"Pittsburgh, Allegheny County",118462.5,"Position Overview At PNC, our people are our greatest differentiator and competitive advantage in the markets we serve. We are all united in delivering the best experience for our customers. We work together each day to foster an inclusive workplace culture where all of our employees feel respected, valued and have an opportunity to contribute to the company’s success. As a Service Now Release Architect within PNC's Technology organization, you can be based in Pittsburgh PA (preferred), Strongs…",https://www.adzuna.com/details/5429583012?utm_medium=api&utm_source=a6e23083,N/A,15-1252,DevOps,[]
Pega LSA,Synechron,"Pittsburgh, Allegheny County",135000.0,"We are At Synechron, we believe in the power of digital to transform businesses for the better. Our global consulting firm combines creativity and innovative technology to deliver industry-leading digital solutions. Synechron’s progressive technologies and optimization strategies span end-to-end Artificial Intelligence, Consulting, Digital, Cloud & DevOps, Data, and Software Engineering, servicing an array of noteworthy financial services and technology firms. Through research and development i…",https://www.adzuna.com/details/5429577592?utm_medium=api&utm_source=a6e23083,N/A,15-1252,DevOps,['devops']
Software Engineer,PNC Bank,"Pittsburgh, Allegheny County",97300.0,"Position Overview At PNC, our people are our greatest differentiator and competitive advantage in the markets we serve. We are all united in delivering the best experience for our customers. We work together each day to foster an inclusive workplace culture where all of our employees feel respected, valued and have an opportunity to contribute to the company’s success. As a Software Engineer within PNC's Retail Lending - Credit Card Processing organization, you will be based in Pittsburgh, PA, …",https://www.adzuna.com/details/5429505919?utm_medium=api&utm_source=a6e23083,N/A,15-1252,DevOps,[]
Backend Engineer,Musing AI,"Shadyside, Allegheny County",155000.0,"Job Summary As a Backend Engineer, you will design and build our cloud-native backend. You will focus on the hands-on implementation of scalable, secure, and intelligent Python-based services. You will be responsible for writing high-quality code, managing our database systems, implementing CI/CD pipelines, and ensuring the reliability of our backend infrastructure. What you will do Backend Development: Build and maintain scalable backend services using Python on serverless platforms within the…",https://www.adzuna.com/details/5429502223?utm_medium=api&utm_source=a6e23083,N/A,15-1252,DevOps,['python']
Java Architect,Synechron,"Pittsburgh, Allegheny County",125000.0,"We are At Synechron, we believe in the power of digital to transform businesses for the better. Our global consulting firm combines creativity and innovative technology to deliver industry-leading digital solutions. Synechron’s progressive technologies and optimization strategies span end-to-end Artificial Intelligence, Consulting, Digital, Cloud & DevOps, Data, and Software Engineering, servicing an array of noteworthy financial services and technology firms. Through research and development i…",https://www.adzuna.com/details/5429432887?utm_medium=api&utm_source=a6e23083,N/A,15-1252,DevOps,['devops']
"Release Manager - Local to Pittsburgh, Phoenix, Cleveland, Birmingham, or Dallas",CGI,"Pittsburgh, Allegheny County",130850.0,"Position Description: This role is located at our client site in either Pittsburgh PA, Phoenix, AZ, Cleveland, OH, Birmingham, AL, Dallas, TX. CGI is seeking a Release Manager, that will play a pivotal role in orchestrating the end-to-end release lifecycle of mission-critical banking applications and platforms. This role ensures the seamless integration, deployment, and monitoring of software releases across complex environments, with a strong focus on stability, compliance, and performance. As…",https://www.adzuna.com/details/5429080833?utm_medium=api&utm_source=a6e23083,N/A,15-1252,DevOps,[]
Senior Mainframe Programmer,System One,"Bloomfield, Allegheny County",160236.4,"Request: Mainframe Programmer Position Location: Most of team in Pittsburgh (preferred) Pittsburgh PA Two PNC Plaza 620 Liberty Ave, Pittsburgh, PA 15222 Cleveland OH Strongsville Technology Center 8100 Mohawk Dr., Strongsville, OH 44136 Birmingham AL Birmingham - Brock 701 32nd St. South, Birmingham, AL 35233 North Texas Market TX Dallas Innovation Center - Luna Rd 11511 Luna Rd, Farmers Branch, TX 75234 Phoenix AZ Phoenix - Biltmore 2850 E CAMELBACK RD, Phoenix AZ 85016 Provide locations/flex…",https://www.adzuna.com/details/5428740788?utm_medium=api&utm_source=a6e23083,N/A,15-1252,DevOps,[]
Business Applications Developer - (Remote in Pittsburgh),Reed Smith LLP,"Bloomfield, Allegheny County",119487.68,"US Job Description Firm Information Reed Smith is a dynamic international law firm dedicated to helping clients move their businesses forward. With an inclusive culture and innovative mindset, we deliver smarter, more creative legal services that drive better outcomes for our clients. Our deep industry knowledge, long-standing relationships and collaborative structure make us the go-to partner for complex disputes, transactions and regulatory matters. Our team of 3,000 people (including more th…",https://www.adzuna.com/details/5428740217?utm_medium=api&utm_source=a6e23083,N/A,15-1252,DevOps,['go']
Sr. Business Systems Engineer,INSPYR Solutions,"Pittsburgh, Allegheny County",154382.33,"Title: Sr. Business Systems Engineer Location: Pittsburg, PA Duration: Permanent Compensation: 100-120,000. Work Requirements: US Citizen, GC Holders or Authorized to Work in the U.S. Sr. Business Systems Engineer The Sr Business Systems Engineer – Corporate will be a key member of the Corporate Shared Technology Data Engineering team. This individual will serve as a strategic partner and technical expert, responsible for the design, development, enhancement, integration, maintenance and suppor…",https://www.adzuna.com/details/5428740002?utm_medium=api&utm_source=a6e23083,N/A,15-1252,DevOps,[]
BCG Platinion | Senior MarTech IT Architect,Boston Consulting Group,"Pittsburgh, Allegheny County",167336.72,"Locations : Atlanta | Austin | Boston | Brooklyn | Chicago | Dallas | Denver | Detroit | Houston | Miami | Minneapolis | Nashville | Summit | New York | Philadelphia | Pittsburgh | Durham | Washington Who We Are Boston Consulting Group partners with leaders in business and society to tackle their most important challenges and capture their greatest opportunities. BCG was the pioneer in business strategy when it was founded in 1963. Today, we help clients with total transformation-inspiring comp…",https://www.adzuna.com/details/5428691109?utm_medium=api&utm_source=a6e23083,N/A,15-1252,DevOps,[]
Boomi Developer,Maximus,"Oakland, Allegheny County",54938.31,"Description & Requirements Be part of something great Maximus is a global organisation that specialises in providing health and employment services to millions of people every year. Here in the UK we employ around 5,000 people across the country to deliver services that have a profound impact on people's lives. From assessments and health services to employability programmes and specialist support, we do work that matters with people who care. Role Summary Transform Maximus through Intelligent …",https://www.adzuna.com/details/5427465784?utm_medium=api&utm_source=a6e23083,N/A,15-1252,DevOps,[]
IT Scrum Master (Part-time REMOTE),NTT DATA North America,"Pittsburgh, Allegheny County",101516.54,"At NTT DATA, we know that with the right people on board, anything is possible. The quality, integrity, and commitment of our employees have been key factors in our company's growth and market presence. By hiring the best people and helping them grow both professionally and personally, we ensure a bright future for NTT DATA and for the people who work here. For more than 25 years, NTT DATA Services have focused on impacting the core of your business operations with industry-leading outsourcing …",https://www.adzuna.com/details/5427421023?utm_medium=api&utm_source=a6e23083,N/A,15-1252,DevOps,[]
RPA Tech Lead - INTL - INDIA,Insight Global,"Pittsburgh, Allegheny County",92491.47,"Job Description Insight Global is seeking a hands-on RPA Technical Lead to support its Fortune 500 manufacturing client. This role will lead the RPA development team, provide technical guidance, and ensure delivery of scalable automation solutions using UiPath. The ideal candidate will combine leadership, architecture, and development expertise to drive operational efficiency and digital transformation. We are a company committed to creating diverse and inclusive environments where people can b…",https://www.adzuna.com/details/5427419372?utm_medium=api&utm_source=a6e23083,N/A,15-1252,DevOps,[]
Platform/DevOps Engineer,Deloitte,"Pittsburgh, Allegheny County",152000.44,"Our Deloitte AI & Engineering team to transform technology platforms, drive innovation, and help make a significant impact on our clients' success. You'll work alongside talented professionals reimagining and reengineering operations and processes that are critical to businesses. Your contributions can help clients improve financial performance, accelerate new digital ventures, and fuel growth through innovation. Work You'll Do As a Project Delivery Manager on the team, you will:  Provide clien…",https://www.adzuna.com/details/5427416391?utm_medium=api&utm_source=a6e23083,N/A,15-1252,DevOps,[]
ConvergeProsperity - BankingSuite - Head of Product (Senior Manager) - Innovation_Delivery_Transformation,Deloitte,"Pittsburgh, Allegheny County",316355.66,"The Team The Innovation & Delivery Transformation team is building the future of our business. This the group responsible for identifying, nurturing, scaling, and ultimately winning in new markets with new capabilities. We don't rely on what the firm has always done - we look to the future and invest where we know the growth will be 3, 5, 10 years down the road. The Innovation & Delivery Transformation Team collaborates with Industries, Offering Portfolios, Growth, and Delivery Transformation t…",https://www.adzuna.com/details/5427416358?utm_medium=api&utm_source=a6e23083,N/A,15-1252,DevOps,[]
Industry Analyst Program Leader,Broadcom,"Pittsburgh, Allegheny County",149055.1,"Please Note: 1. If you are a first time user, please create your candidate login account before you apply for a job. (Click Sign In > Create Account) 2. If you already have a Candidate Account, please Sign-In before you apply. Job Description: Broadcom's Mainframe Software Division is seeking a results-driven Analyst Relations and Product Marketing professional to lead and advance our engagement with the global analyst community. This role involves developing and executing our division-wide str…",https://www.adzuna.com/details/5427414702?utm_medium=api&utm_source=a6e23083,N/A,15-1252,DevOps,[]
"Vice President, Full-Stack Engineer I",BNY,"Bloomfield, Allegheny County",193994.81,"Vice President, Full-Stack Engineer I At BNY, our culture empowers you to grow and succeed. As a leading global financial services company at the center of the world’s financial system we touch nearly 20% of the world’s investible assets. Every day around the globe, our 50,000 employees bring the power of their perspective to the table to create solutions with our clients that benefit businesses, communities and people everywhere. We continue to be a leader in the industry, awarded as a top hom…",https://www.adzuna.com/land/ad/5426200246?se=gvOZC5Wj8BGAcMP3pFPFgg&utm_medium=api&utm_source=a6e23083&v=58F79B1FC6B3B33E46E785B7988BC31FCFF17D0F,N/A,15-1252,DevOps,[]
Backend Engineer,Musing AI,"Pittsburgh, Allegheny County",142532.97,"Job Summary As a Backend Engineer, you will design and build our cloud-native backend. You will focus on the hands-on implementation of scalable, secure, and intelligent Python-based services. You will be responsible for writing high-quality code, managing our database systems, implementing CI/CD pipelines, and ensuring the reliability of our backend infrastructure. What you will do Backend Development: Build and maintain scalable backend services using Python on serverless platforms within the…",https://www.adzuna.com/details/5425596423?utm_medium=api&utm_source=a6e23083,N/A,15-1252,DevOps,['python']
Amazon Connect Engineer,Maximus,"Oakland, Allegheny County",67962.02,"Description & Requirements Be part of something great Maximus is a global organisation that specialises in providing health and employment services to millions of people every year. Here in the UK we employ around 5,000 people across the country to deliver services that have a profound impact on people's lives. From assessments and health services to employability programmes and specialist support, we do work that matters with people who care. Role Summary We are seeking an Amazon Connect Engin…",https://www.adzuna.com/details/5425008969?utm_medium=api&utm_source=a6e23083,N/A,15-1252,DevOps,[]
"Release Manager - Local to Pittsburgh, Phoenix, Cleveland, Birmingham, or Dallas","CGI Technologies and Solutions, Inc.","Pittsburgh, Allegheny County",132247.81,"Release Manager - Local to Pittsburgh, Phoenix, Cleveland, Birmingham, or Dallas Category: Business Analysis (functional and technical) Main location: United States, Pennsylvania, Pittsburgh Position ID: J0925-2071 Employment Type: Full Time Position Description: This role is located at our client site in either Pittsburgh PA, Phoenix, AZ, Cleveland, OH, Birmingham, AL, Dallas, TX. CGI is seeking a Release Manager, that will play a pivotal role in orchestrating the end-to-end release lifecycle …",https://www.adzuna.com/details/5424953839?utm_medium=api&utm_source=a6e23083,N/A,15-1252,DevOps,[]
Agentic AI & Contact Center AI Architect,PwC,"Pittsburgh, Allegheny County",190873.03,"Specialty/Competency: Data, Analytics & AI Industry/Sector: Not Applicable Time Type: Full time Travel Requirements: Up to 60% At PwC, our people in data and analytics focus on leveraging data to drive insights and make informed business decisions. They utilise advanced analytics techniques to help clients optimise their operations and achieve their strategic goals. In data analysis at PwC, you will focus on utilising advanced analytical techniques to extract insights from large datasets and dr…",https://www.adzuna.com/details/5424951959?utm_medium=api&utm_source=a6e23083,N/A,15-1252,DevOps,[]
Software Architect Senior/MLOps Architect - Data and Automation,PNC,"Pittsburgh, Allegheny County",102224.96,"Position Overview At PNC, our people are our greatest differentiator and competitive advantage in the markets we serve. We are all united in delivering the best experience for our customers. We work together each day to foster an inclusive workplace culture where all our employees feel respected, valued and have an opportunity to contribute to the company's success. As a Software Architect Senior/MLOps Architect within PNC's Data and Automation organization, you will be based in Pittsburgh-PA, …",https://www.adzuna.com/details/5424950554?utm_medium=api&utm_source=a6e23083,N/A,15-1252,DevOps,[]
Senior Solution Architect (.Net),PNC,"Pittsburgh, Allegheny County",125208.04,"Position Overview At PNC, our people are our greatest differentiator and competitive advantage in the markets we serve. We are all united in delivering the best experience for our customers. We work together each day to foster an inclusive workplace culture where all of our employees feel respected, valued and have an opportunity to contribute to the company's success. As a Software Architect Sr within PNC's C&IB organization, you will be based either in Pittsburgh, PA or Dallas, TX or Little R…",https://www.adzuna.com/details/5424950549?utm_medium=api&utm_source=a6e23083,N/A,15-1252,DevOps,['r']
Software Engineering Mgr,PNC,"Pittsburgh, Allegheny County",113820.49,"Position Overview At PNC, our people are our greatest differentiator and competitive advantage in the markets we serve. We are all united in delivering the best experience for our customers. We work together each day to foster an inclusive workplace culture where all of our employees feel respected, valued and have an opportunity to contribute to the company's success. As a Software Engineering Manager within PNC's Lending Technology organization. You will be based either in Pittsburgh, PA or S…",https://www.adzuna.com/details/5424949844?utm_medium=api&utm_source=a6e23083,N/A,15-1252,DevOps,[]
Full Stack .NET Developer,NTT DATA North America,"Pittsburgh, Allegheny County",101670.98,NTT DATA's Client is seeking a Full Stack .NET Developer to implement the OSCAR Manufacturing Execution System (MES) to enable electronic batch records (EBR) with integration to equipment and OCPLM for the CSD Frederick Manufacturing site. Justification: The EBR implementation is essential to: Mitigate batch record-related errors. Automate the capture of batch records for easier access and a clear audit trail. Enhance efficiency by reducing manufacturing lead times. Role Scope / Deliverables Th…,https://www.adzuna.com/details/5424947044?utm_medium=api&utm_source=a6e23083,N/A,15-1252,DevOps,[]
Senior UiPath Developer - INTL - MEX 74947e10,Insight Global,"Pittsburgh, Allegheny County",131750.56,"Job Description Insight Global is seeking a skilled and motivated UiPath Developer to join our RPA Development Team. This role will focus on designing, developing, and deploying automation solutions using the UiPath platform to streamline business processes and enhance operational efficiency. You will collaborate closely with business stakeholders and technical teams to identify automation opportunities and deliver scalable, high-impact RPA solutions. We are a company committed to creating dive…",https://www.adzuna.com/details/5424940762?utm_medium=api&utm_source=a6e23083,N/A,15-1252,DevOps,[]
Software Engineering Mgr,PNC Bank,"Pittsburgh, Allegheny County",118462.5,"Position Overview At PNC, our people are our greatest differentiator and competitive advantage in the markets we serve. We are all united in delivering the best experience for our customers. We work together each day to foster an inclusive workplace culture where all of our employees feel respected, valued and have an opportunity to contribute to the company’s success. As a Software Engineering Manager within PNC’s Lending Technology organization. You will be based either in Pittsburgh, PA or S…",https://www.adzuna.com/details/5424490914?utm_medium=api&utm_source=a6e23083,N/A,15-1252,DevOps,[]
"Product Owner, Deposits Enablement",BNY Mellon,"Pittsburgh, Allegheny County",104196.05,"Description Product Owner, Deposits Enablement At BNY, our culture allows us to run our company better and enables employees’ growth and success. As a leading global financial services company at the heart of the global financial system, we influence nearly 20% of the world’s investible assets. Every day, our teams harness cutting-edge AI and breakthrough technologies to collaborate with clients, driving transformative solutions that redefine industries and uplift communities worldwide. Recogni…",https://www.adzuna.com/details/5424490765?utm_medium=api&utm_source=a6e23083,N/A,15-1252,DevOps,[]
"Vice President, C++ Full Stack Engineer",BNY Mellon,"Pittsburgh, Allegheny County",155189.33,"Description Vice President, C++ Full Stack Engineer At BNY, our culture allows us to run our company better and enables employees’ growth and success. As a leading global financial services company at the heart of the global financial system, we influence nearly 20% of the world’s investible assets. Every day, our teams harness cutting-edge AI and breakthrough technologies to collaborate with clients, driving transformative solutions that redefine industries and uplift communities worldwide. Re…",https://www.adzuna.com/details/5424381318?utm_medium=api&utm_source=a6e23083,N/A,15-1252,DevOps,[]
Salesforce Technical Architect,Maximus,"Oakland, Allegheny County",128272.4,"Description & Requirements We are seeking a Certified Salesforce Technical Architect with expertise in Health Cloud and Federal environments to design and implement scalable, secure solutions for government clients. The role involves leading technical teams, ensuring compliance with FedRAMP, FISMA, and HIPAA, and collaborating with stakeholders to deliver robust solutions. Per VES contract requirements, staff working on the VES project must be U.S. citizens or legal Residents (green card holder…",https://www.adzuna.com/details/5422659854?utm_medium=api&utm_source=a6e23083,N/A,15-1252,DevOps,[]
Software Architect,Truefit,"Pittsburgh, Allegheny County",182102.28,"Software Architect At Truefit, we design and build software products across diverse domains. As a Software Architect, you’ll bring clarity and creativity to complex problems, collaborating with product owners, designers, engineers, quality assurance, and stakeholders to deliver scalable, maintainable solutions. We’re looking for someone who can balance technical leadership with hands-on development, make critical decisions in ambiguous situations, and guide teams to build products that align wi…",https://www.adzuna.com/details/5419513210?utm_medium=api&utm_source=a6e23083,N/A,15-1252,DevOps,[]
Technical Program Manager,Govini,"Pittsburgh, Allegheny County",75557.98,"Company Description Govini transforms Defense Acquisition from an outdated manual process to a software-driven strategic advantage for the United States. Our flagship product, Ark, supports Supply Chain, Science and Technology, Production, Sustainment, Logistics, and Modernization teams with AI-enabled Applications and best-in-class data to more rapidly imagine, develop, and field the capabilities we need. Today, the national security community and every branch of the military rely on Govini to…",https://www.adzuna.com/details/5419426730?utm_medium=api&utm_source=a6e23083,N/A,15-1252,DevOps,[]
Senior Customer Solutions Architect,Sysdig,"Pittsburgh, Allegheny County",180500.0,"At Sysdig, we believe cloud security isn't a compromise - it's a promise. From the start, our mission has been clear: to help organizations secure innovation in the cloud, the right way. We created Falco, the open standard for cloud threat detection, and continue to lead the cloud security market with runtime insights, open innovation, and agentic Al. Creators of technology trusted by over 60% of the Fortune 500, Sysdig gives teams the real-time clarity to move fast and defend what matters most…",https://www.adzuna.com/details/5419225587?utm_medium=api&utm_source=a6e23083,N/A,15-1252,DevOps,[]
Technology Consulting - Managed Services - Digital Engineering Operations Services - Senior Manager,EY,"Pittsburgh, Allegheny County",189914.14,"Location: Anywhere in Country At EY, we're all in to shape your future with confidence. We'll help you succeed in a globally connected powerhouse of diverse teams and take your career wherever you want it to go. Join EY and help to build a better working world. Technology Consulting - Managed Services  Digital Engineering Operations Services - Senior Manager EY's Technology Operations Managed Services team (Tech Ops) works with some of the world's largest companies. Our solution is being built …",https://www.adzuna.com/details/5418265528?utm_medium=api&utm_source=a6e23083,N/A,15-1252,DevOps,['go']
Sr Software Engineer,V2Soft,"Pittsburgh, Allegheny County",90397.86,"V2Soft is a global leader in IT services and business solutions, delivering innovative and cost-effective technology solutions worldwide since 1998. We have headquarteerd in Bloomfiled Hills, MI and have 16 offices spread across six countries. We partner with Fortune 500 companies to address complex business challenges. Our services span AI, IT staffing, cloud computing, engineering, mobility, testing, and more. Certified with CMMI Level 3 and ISO standards, V2Soft is committed to quality and s…",https://www.adzuna.com/land/ad/5418207718?se=2uKmDJWj8BGAcMP3pFPFgg&utm_medium=api&utm_source=a6e23083&v=74EBBA4CAF19E6239CCED086857E2E140F9A5C65,N/A,15-1252,DevOps,['cloud computing']
Senior QA Test Engineer,Truefit,"Pittsburgh, Allegheny County",98566.57,"Senior QA Test Engineer Job Overview Truefit is seeking a Senior QA Test Engineer to architect robust automation frameworks and drive quality across our software development ecosystem. You will be a strategic leader in our quality assurance processes, blending deep technical expertise with a keen ability to foster collaboration and innovation. You will play a pivotal role in ensuring the delivery of high-quality, reliable, and scalable software products. Key Responsibilities Strategy & Leadersh…",https://www.adzuna.com/details/5418102544?utm_medium=api&utm_source=a6e23083,N/A,15-1252,DevOps,[]
Senior Python Developer,CGI,"Pittsburgh, Allegheny County",105700.0,"Position Description: CGI is looking for a Python Developer. We are seeking a seasoned Senior Python Developer to join our Workflow Automation team. This is a hands-on development role requiring strong Python skills, software architecture knowledge, and collaboration in fast-paced Agile environments. This position is located onsite at our client site in either Pittsburgh, PA, or Cleveland, OH Your future duties and responsibilities: • Design, develop, and support workflow automation solutions a…",https://www.adzuna.com/details/5418007632?utm_medium=api&utm_source=a6e23083,N/A,15-1252,DevOps,"['agile', 'python']"
Site Reliability Engineer,Wesco,"Pittsburgh, Allegheny County",124320.3,"Description As the Site Reliability Engineer, will be responsible for ensuring the availability, reliability, and performance of our customer-facing software applications. This role combines planning, engineering, monitoring, incident response, and administration to create highly scalable and fault-tolerant systems. You will handle complex and escalated application and network infrastructure support cases including troubleshooting of ethernet networking problems. You will develop, review, and a…",https://www.adzuna.com/details/5417959388?utm_medium=api&utm_source=a6e23083,N/A,15-1252,DevOps,[]
Senior Perception Engineer,Caterpillar,"Pittsburgh, Allegheny County",145080.0,"Career Area: Engineering Job Description: Your Work Shapes the World at Caterpillar Inc. When you join Caterpillar, you're joining a global team who cares not just about the work we do – but also about each other. We are the makers, problem solvers, and future world builders who are creating stronger, more sustainable communities. We don't just talk about progress and innovation here – we make it happen, with our customers, where we work and live. Together, we are building a better world, so we…",https://www.adzuna.com/details/5417858324?utm_medium=api&utm_source=a6e23083,N/A,15-1252,DevOps,[]
Lead Software Engineer - Angular / API Integration / Spring Boot / Oracle,PNC Bank,"Pittsburgh, Allegheny County",106850.0,"Position Overview At PNC, our people are our greatest differentiator and competitive advantage in the markets we serve. We are all united in delivering the best experience for our customers. We work together each day to foster an inclusive workplace culture where all of our employees feel respected, valued and have an opportunity to contribute to the company’s success. As a Lead Software Engineer within PNC's AMG Technology organization, you will be based in Pittsburgh, PA, Strongsville, OH, Da…",https://www.adzuna.com/details/5417371197?utm_medium=api&utm_source=a6e23083,N/A,15-1252,DevOps,[]
Quality Engineer,CGI,"Pittsburgh, Allegheny County",116350.0,"Position Description: This role will require someone in Cleveland, OH, Pittsburgh, PA, Dallas, TX, or Birmingham, AL. CGI is looking for Quality Engineers to join the team of talented professionals. You will be involved in a mission critical project, working with a team of smart, dedicated people like yourself who help build quality solutions for a variety of customers. Take your talents to a company that inspires growth and values your ideas. Your future duties and responsibilities: Candidate …",https://www.adzuna.com/details/5417295803?utm_medium=api&utm_source=a6e23083,N/A,15-1252,DevOps,[]
Agile Project Manager - Software Development,Mid Atlantic Capital Group,"Pittsburgh, Allegheny County",96734.55,"Job Overview We are seeking a technically skilled Agile Project Manager to lead software development teams in delivering high-quality, scalable solutions using Agile methodologies. This role requires a deep understanding of software development lifecycles, Agile frameworks, and technical project management practices. The ideal candidate will be responsible for driving delivery, managing scope and budgets (including CAPEX tracking), and fostering a culture of collaboration and continuous improve…",https://www.adzuna.com/land/ad/5417275321?se=2uKmDJWj8BGAcMP3pFPFgg&utm_medium=api&utm_source=a6e23083&v=43ED2AF13A88D23CF5EB9C15B471FA078A45C28F,N/A,15-1252,DevOps,['agile']
"Vice President, Full-Stack Engineer I",BNY Mellon,"Pittsburgh, Allegheny County",139334.4,"Description Vice President, Full-Stack Engineer I At BNY, our culture empowers you to grow and succeed. As a leading global financial services company at the center of the world’s financial system we touch nearly 20% of the world’s investible assets. Every day around the globe, our 50,000 employees bring the power of their perspective to the table to create solutions with our clients that benefit businesses, communities and people everywhere. We continue to be a leader in the industry, awarded …",https://www.adzuna.com/details/5417267244?utm_medium=api&utm_source=a6e23083,N/A,15-1252,DevOps,[]
Senior Mainframe Programmer,System One,"Pittsburgh, Allegheny County",125183.92,"Request: Mainframe Programmer Position Location: Most of team in Pittsburgh (preferred) Pittsburgh PA Two PNC Plaza 620 Liberty Ave, Pittsburgh, PA 15222 Cleveland OH Strongsville Technology Center 8100 Mohawk Dr., Strongsville, OH 44136 Birmingham AL Birmingham - Brock 701 32nd St. South, Birmingham, AL 35233 North Texas Market TX Dallas Innovation Center - Luna Rd 11511 Luna Rd, Farmers Branch, TX 75234 Phoenix AZ Phoenix - Biltmore 2850 E CAMELBACK RD, Phoenix AZ 85016 Provide locations/flex…",https://www.adzuna.com/details/5416855390?utm_medium=api&utm_source=a6e23083,N/A,15-1252,DevOps,[]
Lead API Developer,Techstra Solutions,"Pittsburgh, Allegheny County",142233.16,"Summary: We are seeking an experienced Lead API Developer to design, develop, and maintain scalable RESTful APIs for backend microservices in a financial services environment. The ideal candidate will have strong Java and Spring Boot expertise, with proven experience integrating with cloud-based Contact Center as a Service (CCaaS) systems. This role demands full DevOps lifecycle ownership, from development to deployment, with strong skills in automation, troubleshooting, and performance optimiz…",https://www.adzuna.com/details/5416619937?utm_medium=api&utm_source=a6e23083,N/A,15-1252,DevOps,"['spring', 'java', 'devops']"
Senior Mainframe Programmer,System One,"Pittsburgh, Allegheny County",141697.02,"Request: Mainframe Programmer Position Location: Most of team in Pittsburgh (preferred) Pittsburgh PA Two PNC Plaza 620 Liberty Ave, Pittsburgh, PA 15222 Cleveland OH Strongsville Technology Center 8100 Mohawk Dr., Strongsville, OH 44136 Birmingham AL Birmingham - Brock 701 32nd St. South, Birmingham, AL 35233 North Texas Market TX Dallas Innovation Center - Luna Rd 11511 Luna Rd, Farmers Branch, TX 75234 Phoenix AZ Phoenix - Biltmore 2850 E CAMELBACK RD, Phoenix AZ 85016 Provide locations/flex…",https://www.adzuna.com/details/5416166628?utm_medium=api&utm_source=a6e23083,N/A,15-1252,DevOps,[]
Cloud Data & Analytics Senior Manager (Insurance),PwC,"Pittsburgh, Allegheny County",246894.08,"Specialty/Competency: Data, Analytics & AI Industry/Sector: Insurance Time Type: Full time Travel Requirements: Up to 80% A career within Data and Analytics services will provide you with the opportunity to help organisations uncover enterprise insights and drive business results using smarter data analytics. We focus on a collection of organisational technology capabilities, including business intelligence, data management, and data assurance that help our clients drive innovation, growth, and…",https://www.adzuna.com/details/5416165240?utm_medium=api&utm_source=a6e23083,N/A,15-1252,DevOps,[]
IT - Sr Software Engineer,V2Soft,"Pittsburgh, Allegheny County",119479.59,"V2Soft is a global leader in IT services and business solutions, delivering innovative and cost-effective technology solutions worldwide since 1998. We have headquarteerd in Bloomfiled Hills, MI and have 16 offices spread across six countries. We partner with Fortune 500 companies to address complex business challenges. Our services span AI, IT staffing, cloud computing, engineering, mobility, testing, and more. Certified with CMMI Level 3 and ISO standards, V2Soft is committed to quality and s…",https://www.adzuna.com/land/ad/5416093371?se=2uKmDJWj8BGAcMP3pFPFgg&utm_medium=api&utm_source=a6e23083&v=BB090F378AEEA35FCFBE01AE8F71D6FCED88A3F8,N/A,15-1252,DevOps,['cloud computing']
AI Applications & Web Developer,Forms+Surfaces Inc,"Glenshaw, Allegheny County",125359.66,"FormsSurfaces is a leading designer and manufacturer of architectural and site products used in high-profile commercial and public projects around the world. With approximately 600 employees both local and international, our team of talented professionals and craftsmen spans numerous disciplines. We are currently seeking an individual with a background in Sustainability to join our team for a summer internship. FormsSurfaces is seeking a highly skilled and forward-thinking AI Applications & Web…",https://www.adzuna.com/details/5415664642?utm_medium=api&utm_source=a6e23083,N/A,15-1252,DevOps,[]
Technical Program Manager,Govini,"Arsenal, Allegheny County",88361.16,"Company Description Govini transforms Defense Acquisition from an outdated manual process to a software-driven strategic advantage for the United States. Our flagship product, Ark, supports Supply Chain, Science and Technology, Production, Sustainment, Logistics, and Modernization teams with AI-enabled Applications and best-in-class data to more rapidly imagine, develop, and field the capabilities we need. Today, the national security community and every branch of the military rely on Govini to…",https://www.adzuna.com/details/5415017379?utm_medium=api&utm_source=a6e23083,N/A,15-1252,DevOps,[]
Senior DevOps Engineer - INTL - POLAND,Insight Global,"Pittsburgh, Allegheny County",97562.53,"Job Description Insight Global is looking for a DevOps Engineer with strong technical expertise and decent years of experience to join our Fortune 500 manufacturing client. You will be responsible for facilitating the development process and operations across our organization. Besides, you should own excellent leadership skills to mentor and guide the team members. To be successful in this job role, you should be able to streamline all DevOps practices. You should be able to review technical op…",https://www.adzuna.com/details/5414494931?utm_medium=api&utm_source=a6e23083,N/A,15-1252,DevOps,['devops']
Product Support Specialist,Opus 2,"Pittsburgh, Allegheny County",66477.83,"Job Description Job Description As a Product Support Specialist, you’ll serve as a key escalation point for both technical and product-related client queries, delivering second-line support across phone, email, and internal portals. You'll troubleshoot complex software issues, collaborate closely with engineering, QA, and DevOps teams, and contribute directly to testing and validating new product releases to ensure quality and performance. In this client-facing role, you'll also consult on work…",https://www.adzuna.com/details/5414382355?utm_medium=api&utm_source=a6e23083,N/A,15-1252,DevOps,['devops']
"Tax Consultant II, SAP Global Trade Services (GTS)",Deloitte,"Pittsburgh, Allegheny County",175061.25,"As a practitioner within Deloitte's Global Trade Advisory Practice, you'll have the opportunity to help clients get the most from their SAP investments-and help position businesses for the evolving digital economy. Ready to reimagine your career possibilities? Deloitte can show you what it takes to explore an entire universe of ideas, possibilities, and opportunities-and help make an impact that matters with SAP solutions. Work you'll do Industry-leading clients. An award-winning culture. Top n…",https://www.adzuna.com/details/5414051135?utm_medium=api&utm_source=a6e23083,N/A,15-1252,DevOps,[]
Senior Perception Engineer,"Caterpillar, Inc.","Pittsburgh, Allegheny County",140726.6,"Career Area: Engineering Job Description: Your Work Shapes the World at Caterpillar Inc. When you join Caterpillar, you're joining a global team who cares not just about the work we do - but also about each other. We are the makers, problem solvers, and future world builders who are creating stronger, more sustainable communities. We don't just talk about progress and innovation here - we make it happen, with our customers, where we work and live. Together, we are building a better world, so we…",https://www.adzuna.com/details/5414049399?utm_medium=api&utm_source=a6e23083,N/A,15-1252,DevOps,[]
Application Solution Architect / Lead,Techstra Solutions,"Squirrel Hill, Allegheny County",135597.95,"Techstra Solutions is looking for an experienced senior-level Application Solution Architect / Lead to join our dynamic team. This role is for someone highly technical, with a deep understanding of modern application design patterns and architecture. The ideal candidate will collaborate closely with stakeholders, business analysts, and development teams to define comprehensive application requirements and ensure alignment with overarching business and technical goals and standards. Your experti…",https://www.adzuna.com/details/5413755456?utm_medium=api&utm_source=a6e23083,N/A,15-1252,DevOps,[]
Business Systems Analyst Consultant,PNC,"Pittsburgh, Allegheny County",68966.26,"Position Overview At PNC, our people are our greatest differentiator and competitive advantage in the markets we serve. We are all united in delivering the best experience for our customers. We work together each day to foster an inclusive workplace culture where all of our employees feel respected, valued and have an opportunity to contribute to the company's success. As a Business Systems Analyst Consultant within PNC's Technology organization, you will be based in Pittsburg, PA or Brecksvill…",https://www.adzuna.com/details/5412398899?utm_medium=api&utm_source=a6e23083,N/A,15-1252,DevOps,[]
ServiceNow Developer,NTT DATA North America,"Pittsburgh, Allegheny County",152618.06,"Company Overview: Req ID: 339963 NTT DATA strives to hire exceptional, innovative and passionate individuals who want to grow with us. If you want to be part of an inclusive, adaptable, and forward-thinking organization, apply now. NTT DATA's Client is currently seeking a ServiceNow Admin to join their team in Pittsburgh, Pennsylvania (US-PA), United States (US). REMOTE Job Description: Job Title: ServiceNow Admin Experience Required: 7-10 years Position Overview We are looking for an experienc…",https://www.adzuna.com/details/5412398422?utm_medium=api&utm_source=a6e23083,N/A,15-1252,DevOps,[]
Tax - SAP Implementation Manager,Deloitte,"Pittsburgh, Allegheny County",172236.77,"SAP is one of the leading ERP technologies that is revolutionizing how tax is managed and how tax departments around the globe operate. If you are someone who thrives in navigating the growing tax landscape through a technology lens and partnering with passionate professionals to help companies achieve their tax objectives; then we would like to get to know you. Apply now! What You'll Do As a professional in Deloitte's Tax Technology Consulting (TTC) team, you will be a part of a team that prov…",https://www.adzuna.com/details/5412395473?utm_medium=api&utm_source=a6e23083,N/A,15-1252,DevOps,[]
Engineering Manager,Govini,"Arsenal, Allegheny County",141886.73,"Company Description Govini transforms Defense Acquisition from an outdated manual process to a software-driven strategic advantage for the United States. Our flagship product, Ark, supports Supply Chain, Science and Technology, Production, Sustainment, Logistics, and Modernization teams with AI-enabled Applications and best-in-class data to more rapidly imagine, develop, and field the capabilities we need. Today, the national security community and every branch of the military rely on Govini to…",https://www.adzuna.com/details/5411901339?utm_medium=api&utm_source=a6e23083,N/A,15-1252,DevOps,[]
Application Solution Architect / Lead,Techstra Solutions,"Pittsburgh, Allegheny County",169113.33,"Techstra Solutions is looking for an experienced senior-level Application Solution Architect / Lead to join our dynamic team. This role is for someone highly technical, with a deep understanding of modern application design patterns and architecture. The ideal candidate will collaborate closely with stakeholders, business analysts, and development teams to define comprehensive application requirements and ensure alignment with overarching business and technical goals and standards. Your experti…",https://www.adzuna.com/details/5410393541?utm_medium=api&utm_source=a6e23083,N/A,15-1252,DevOps,[]
Dev Ops Hosting Manager,Mayvue,"Pittsburgh, Allegheny County",133531.86,"Mayvue is seeking an experienced Dev Ops Hosting Manager. We are in a unique position: combining the energy of a high growth culture with the stability of experienced professionals managing a steady stream of business. If you’re looking for a role with unlimited potential and real impact, Mayvue is the place to grow. This position is 100% remote with Mayvue's office in Pittsburgh, PA. Role Overview Will lead the cloud platform, environments, and reliability practices across Mayvue’s portfolio. …",https://www.adzuna.com/details/5410224723?utm_medium=api&utm_source=a6e23083,N/A,15-1252,DevOps,[]
Managed Services - IBM MDM (Master Data Management) Developer - Senior Associate,PwC,"Pittsburgh, Allegheny County",120326.79,"Specialty/Competency: Managed Services Industry/Sector: Not Applicable Time Type: Full time Travel Requirements: Up to 60% At PwC, our people in data and analytics focus on leveraging data to drive insights and make informed business decisions. They utilise advanced analytics techniques to help clients optimise their operations and achieve their strategic goals. In business intelligence at PwC, you will focus on leveraging data and analytics to provide strategic insights and drive informed deci…",https://www.adzuna.com/details/5409756953?utm_medium=api&utm_source=a6e23083,N/A,15-1252,DevOps,[]
Business Systems Analyst Consultant,PNC,"Pittsburgh, Allegheny County",68377.18,"Position Overview At PNC, our people are our greatest differentiator and competitive advantage in the markets we serve. We are all united in delivering the best experience for our customers. We work together each day to foster an inclusive workplace culture where all of our employees feel respected, valued and have an opportunity to contribute to the company's success. As a Business Systems Analyst Consultant within PNC's Technology organization, you will be based in Pittsburg, PA or Brecksvill…",https://www.adzuna.com/details/5409756823?utm_medium=api&utm_source=a6e23083,N/A,15-1252,DevOps,[]
"Sr. Solutions Architect - AWS WWPS DOD, Joint DoD SA",Amazon,"Pittsburgh, Allegheny County",191025.81,"Description Do you like helping U.S. Department of Defense organizations implement innovative cloud computing solutions and solve technical problems? Would you like to do this using the latest cloud computing technologies? Do you have a knack for helping these groups understand application architectures and integration approaches, and do you have the consultative skills to launch a project on a trajectory to success? Come join our team as a Solutions Architect and help us accelerate our growing…",https://www.adzuna.com/details/5409755671?utm_medium=api&utm_source=a6e23083,N/A,15-1252,DevOps,['cloud computing']
Quality Assurance Lead - Contractor,System One,"Bloomfield, Allegheny County",100381.12,"Pittsburgh PA Two PNC Plaza 620 Liberty Ave, Pittsburgh, PA 15222 Cleveland OH Strongsville Technology Center 8100 Mohawk Dr., Strongsville, OH 44136 Birmingham AL Birmingham - Brock 701 32nd St. South, Birmingham, AL 35233 North Texas Market TX Dallas Innovation Center - Luna Rd 11511 Luna Rd, Farmers Branch, TX 75234 Phoenix AZ Phoenix - Biltmore 2850 E CAMELBACK RD, Phoenix AZ 85016 Secondary-Philly Jacksonville Potential for Contract Extension: Potentially through March 2027 Function of the…",https://www.adzuna.com/details/5407299801?utm_medium=api&utm_source=a6e23083,N/A,15-1252,DevOps,[]
Senior DevOps Engineer,Cognizant,"Pittsburgh, Allegheny County",114527.26,"Job Description: Looking for a seasoned and impact-driven Sr. DevOps Engineer with 10 years of experience automating and optimizing cloud infrastructure across AWS, multi-cloud, and hybrid environments. Job Responsibilities · Lead the development of Ansible roles for Linux security hardening and Windows patching. · Automate EC2 provisioning using Terraform and Ansible, achieve reduction in manual effort and migrated PowerShell-based services into Ansible Tower, cutting run failures. · Built reu…",https://www.adzuna.com/details/5407166607?utm_medium=api&utm_source=a6e23083,N/A,15-1252,DevOps,"['linux', 'ansible', 'devops', 'aws', 'terraform']"
QA Tech Manager,Virtusa,"Pittsburgh, Allegheny County",115143.06,"As a QE manager, Independently drive goals as a project manager tracking and reporting on status, escalating risks, and finding solutions to obstacles.Manage SDET engineers on the team to ensure high output volume. Your team will be responsible for building and executing automated testing and infrastructure across multiple products and platforms. The ideal candidate is a detailoriented engineering manager, with excellent communication skills and prior experience in building test automation usin…",https://www.adzuna.com/details/5406013853?utm_medium=api&utm_source=a6e23083,N/A,15-1252,DevOps,[]
Associate Technical Product Manager,Workforce Opportunity Services,"East Liberty, Allegheny County",102459.89,"Overview: The Associate Technical Product Manager will assist overseeing day-to-day data operations, translate business needs into technical deliverables, and develop lightweight tools to reduce manual work. This role is embedded in a hands-on, pragmatic environment at a growing legal tech startup. This role is a great fit for someone looking for their first Technical Product Management role. Position Description: The Associate Technical Product Manager is responsible for maintaining healthy da…",https://www.adzuna.com/details/5405111676?utm_medium=api&utm_source=a6e23083,N/A,15-1252,DevOps,[]
Sr. API Developer with UI,"CGI Technologies and Solutions, Inc.","Pittsburgh, Allegheny County",156052.2,"Sr. API Developer with UI Category: Software Development/ Engineering Main location: United States, Pennsylvania, Pittsburgh Position ID: J0925-1248 Employment Type: Full Time Position Description: CGI is looking for a seasoned Sr.Java developer with a passion for building robust scalable APIs along with a background of UI or interest in UI development. We are seeking a talented individual like you to join our team as a API developer and play a key role in shaping the future of the platform tha…",https://www.adzuna.com/details/5405065614?utm_medium=api&utm_source=a6e23083,N/A,15-1252,DevOps,['java']
Java Tech Lead- with UI,"CGI Technologies and Solutions, Inc.","Pittsburgh, Allegheny County",183221.69,"Java Tech Lead- with UI Category: Software Development/ Engineering Main location: United States, Pennsylvania, Pittsburgh Position ID: J0925-1246 Employment Type: Full Time Position Description: This position can be located in either Pittsburgh, Cleveland, Dallas, or Birmingham, AL. Please only apply if you are local or willing to relocate yourself to one of those locations. CGI is hiring a Java Tech Lead to join our dynamic team. At CGI, you get to build solutions as a full-time consultant wi…",https://www.adzuna.com/details/5405065616?utm_medium=api&utm_source=a6e23083,N/A,15-1252,DevOps,['java']
Infrastructure Engineer - (Mainframe) DevOps Development,PNC,"Pittsburgh, Allegheny County",95421.09,"Position Overview At PNC, our people are our greatest differentiator and competitive advantage in the markets we serve. We are all united in delivering the best experience for our customers. We work together each day to foster an inclusive workplace culture where all of our employees feel respected, valued and have an opportunity to contribute to the company's success. This position is primarily based in a location within PNC's footprint. We are seeking a skilled and motivated Mainframe DevOps …",https://www.adzuna.com/details/5405065051?utm_medium=api&utm_source=a6e23083,N/A,15-1252,DevOps,['devops']
"Controls Safety Engineer - Pittsburgh, PA",Msccn,"Pittsburgh, Allegheny County",76946.3,"Job Description On behalf of VetJobs/MilitarySpouseJobs, thank you for your interest. We are assisting our partnering company, listed below, with this position. It is open to Veterans, Transitioning Military, National Guard Members, Military Spouses, Wounded Warriors, and their Caregivers. If you have the required skill set, education requirements, and experience, please click the submit button and follow for next steps. Requisition Number: 25315 Company: Westinghouse Electric Co Location: Warr…",https://www.adzuna.com/details/5402553421?utm_medium=api&utm_source=a6e23083,N/A,15-1252,DevOps,[]
"Staff Build and Release Engineer (Pittsburgh, PA).",Smith & Nephew,"Pittsburgh, Allegheny County",113058.98,"T hank you for considering employment with Smith and Nephew. This job opportunity is not currently available for hiring; however, this requisition was established for candidates to express interest in the below position, with a view to progress formally once we are in a position to do so. Life Unlimited. At SmithNephew, we design and manufacture technology that takes the limits off living. We are seeking an experienced Build and Release Engineer to join our team. As a Build and Release Engineer…",https://www.adzuna.com/land/ad/5401820086?se=sua1DZWj8BGb4vAGQDZBOw&utm_medium=api&utm_source=a6e23083&v=3B90231F4A2B091DE97F1BCE4F94095BC7541AEE,N/A,15-1252,DevOps,[]
Senior Database Administrator (Hybrid Work Options),CDM Smith,"Pittsburgh, Allegheny County",78492.74,"42667BR Requisition ID: 42667BR Business Unit: COR Job Description: We are seeking a highly skilled Senior Database Administrator to support and maintain multiple Oracle E-Business Suite (EBS) environments. This role also provides secondary support for a range of database platforms and cloud services, including Oracle Cloud Infrastructure (OCI), Amazon Web Services (AWS) Redshift, Microsoft SQL Server and other third-party database products. The ideal candidate will: - Demonstrate technical pro…",https://www.adzuna.com/details/5401658825?utm_medium=api&utm_source=a6e23083,N/A,15-1252,DevOps,"['aws', 'sql']"
DevOps Engineer III - REMOTE,Net Health,"Pittsburgh, Allegheny County",135000.0,"About Net Healthâ¯â¯ Belong. Thrive. Make a Difference. â¯â¯ Are you looking for a meaningful and satisfying career where you have endless opportunities to grow and be financially rewarded? Net Health may be the perfect place for you.â¯â¯â¯ A high-growthâ¯and profitable company, we help caregivers harness data for human health.â¯Weâ¯alsoâ¯honor and respect the needs of our Net Health family and staff,â¯which is why weâ¯offer aâ¯work-from-anywhere environment and unlimited PTO.â¯O…",https://www.adzuna.com/details/5400992123?utm_medium=api&utm_source=a6e23083,N/A,15-1252,DevOps,[]
Senior Cloud Engineer (Hybrid),Dollar Bank,"Pittsburgh, Allegheny County",71951.2,"Job Description Bachelor's degree in computer science, Information Systems, or other related field, or commensurate experience. Five years’ experience with: Cloud platforms like Amazon Web Services, or Microsoft Azure. Scripting via languages like PowerShell or Python. Microsoft Server and Client Operating Systems. Troubleshooting server and system-related issues. Certificate, Licenses and Registration Requirements: AWS or Azure Associate Certifications or greater is required. Knowledge, Skill,…",https://www.adzuna.com/land/ad/5400159870?se=sua1DZWj8BGb4vAGQDZBOw&utm_medium=api&utm_source=a6e23083&v=D6FFED6FAB4931B31BA4A72D09B28AD17CA9ABF0,N/A,15-1252,DevOps,"['python', 'aws', 'azure']"
"Vice President, Full-Stack Engineer",BNY,"Bloomfield, Allegheny County",345321.66,"Vice President, Full-Stack Engineer At BNY, our culture allows us to run our company better and enables employees’ growth and success. As a leading global financial services company at the heart of the global financial system, we influence nearly 20% of the world’s investible assets. Every day, our teams harness cutting-edge AI and breakthrough technologies to collaborate with clients, driving transformative solutions that redefine industries and uplift communities worldwide. Recognized as a to…",https://www.adzuna.com/land/ad/5399339886?se=sua1DZWj8BGb4vAGQDZBOw&utm_medium=api&utm_source=a6e23083&v=BC6F7879C4AC7BAFED63BC56BEAD91E16DC68E1A,N/A,15-1252,DevOps,[]
Staff Software Engineer - Fleet Intelligence,Aurora Innovation,"Pittsburgh, Allegheny County",222000.0,"Staff Software Engineer, Full Stack – Fleet Intelligence The Fleet Intelligence team sits at the core of Aurora’s mission to scale safe autonomous driving. We build systems that synthesize data across our entire ecosystem—from vehicles, operators, and external sources—to improve real-time self-driving capabilities and operational excellence across our entire fleet. In this role, you will Architect and drive strategic initiatives to build scalable full-stack web services that power real-time and…",https://www.adzuna.com/details/5398507092?utm_medium=api&utm_source=a6e23083,N/A,15-1252,DevOps,[]
Infrastructure Archtect Sr.,PNC Bank,"Pittsburgh, Allegheny County",132575.0,"Position Overview At PNC, our people are our greatest differentiator and competitive advantage in the markets we serve. We are all united in delivering the best experience for our customers. We work together each day to foster an inclusive workplace culture where all of our employees feel respected, valued and have an opportunity to contribute to the company’s success. This position is primarily based in a location within PNC's footprint. Successful infrastructure architects are individual cont…",https://www.adzuna.com/details/5398464643?utm_medium=api&utm_source=a6e23083,N/A,15-1252,DevOps,[]
"Senior Software Engineer – Fraud Platform (Java, Microservices, CI/CD)",System One,"Bloomfield, Allegheny County",141154.56,"Position Title: Senior Software Engineer – Fraud Platform (Java, Microservices, CI/CD) Reason for open position: New Developer resources needed for Pindrop passport as well as building out the existing Pindrop crew Provide locations/flexible work by preference: Dallas ONLY North Texas Market TX - Dallas Innovation Center - Luna Rd 11511 Luna Rd Farmers Branch, TX 75234 Ability to work remote: Hybrid, days in office, 2 Remote OT: No regular requirement Intended length of Assignment:04/30/26 Func…",https://www.adzuna.com/details/5397918157?utm_medium=api&utm_source=a6e23083,N/A,15-1252,DevOps,['java']
Lead Full Stack Developer - Java | Angular | DevOps,System One,"Pittsburgh, Allegheny County",106573.03,"Position Title: Lead Full Stack Developer - Java | Angular | DevOps Provide locations/flexible work by preference: Pittsburgh PA OR Cleveland OH - Strongsville Technology Center. Ability to work remote: Hybrid - 3 days in office, 2 remotes Intended length of Assignment: 12/19/2025 Reason for open position: Backfill Potential for Contract Extension: Yes Function of the Group: Support the capital markets business, revenue generating profit center, reduce costs (regulatory reporting) Roles and Res…",https://www.adzuna.com/details/5397812997?utm_medium=api&utm_source=a6e23083,N/A,15-1252,DevOps,"['angular', 'java', 'devops']"
Angular Java Lead,System One,"Pittsburgh, Allegheny County",75676.6,"Position Title: Java Angular Lead Pittsburgh PA - Two PNC Plaza 620 Liberty Ave Pittsburgh, PA 15222 Cleveland OH - Strongsville Technology Center 8100 Mohawk Dr. Strongsville, OH 44136 Birmingham AL - Birmingham - Brock 701 32nd St. South Birmingham, AL 35233 North Texas Market TX - Dallas Innovation Center - Luna Rd 11511 Luna Rd Farmers Branch, TX 75234 Phoenix - Biltmore 2850 E Camelback Rd Phoenix AZ 85016 Ability to work remote: Hybrid 2-3days in office Potential for Contract Extension: y…",https://www.adzuna.com/details/5397812993?utm_medium=api&utm_source=a6e23083,N/A,15-1252,DevOps,"['angular', 'java']"
"Senior Software Engineer - Fraud Platform (Java, Microservices, CI/CD)",System One,"Pittsburgh, Allegheny County",103969.13,"Position Title: Senior Software Engineer - Fraud Platform (Java, Microservices, CI/CD) Reason for open position: New Developer resources needed for Pindrop passport as well as building out the existing Pindrop crew Provide locations/flexible work by preference: Dallas ONLY North Texas Market TX - Dallas Innovation Center - Luna Rd 11511 Luna Rd Farmers Branch, TX 75234 Ability to work remote: Hybrid, days in office, 2 Remote OT: No regular requirement Intended length of Assignment:04/30/26 Func…",https://www.adzuna.com/details/5397813001?utm_medium=api&utm_source=a6e23083,N/A,15-1252,DevOps,['java']
Technology Consulting - Managed Services - Microsoft Stack - Senior Manager,EY,"Pittsburgh, Allegheny County",134228.1,"Location: Anywhere in Country At EY, we're all in to shape your future with confidence. We'll help you succeed in a globally connected powerhouse of diverse teams and take your career wherever you want it to go. Join EY and help to build a better working world. Technology Consulting - Managed Services - Microsoft Stack - Senior Manager As a Senior Manager in EY's Managed Services team focused on the Microsoft technology stack, you will lead strategic engagements across Microsoft Dynamics 365, A…",https://www.adzuna.com/details/5397812735?utm_medium=api&utm_source=a6e23083,N/A,15-1252,DevOps,['go']
Infrastructure Archtect Sr.,PNC,"Pittsburgh, Allegheny County",120946.44,"Position Overview At PNC, our people are our greatest differentiator and competitive advantage in the markets we serve. We are all united in delivering the best experience for our customers. We work together each day to foster an inclusive workplace culture where all of our employees feel respected, valued and have an opportunity to contribute to the company's success. This position is primarily based in a location within PNC's footprint. Successful infrastructure architects are individual cont…",https://www.adzuna.com/details/5397812454?utm_medium=api&utm_source=a6e23083,N/A,15-1252,DevOps,[]
Product Lead - APIs and Software Development,Deloitte,"Pittsburgh, Allegheny County",118713.16,"Our Deloitte AI & Engineering team to transform technology platforms, drive innovation, and help make a significant impact on our clients' success. You'll work alongside talented professionals reimagining and reengineering operations and processes that are critical to businesses. Your contributions can help clients improve financial performance, accelerate new digital ventures, and fuel growth through innovation. Work You'll Do As a Project Delivery Specialist on the project, you will:  Define …",https://www.adzuna.com/details/5397807913?utm_medium=api&utm_source=a6e23083,N/A,15-1252,DevOps,[]
SAP CPI/API Consultant - Manager - 65345061,Cognizant,"Pittsburgh, Allegheny County",121512.48,"About the Role As a SAP CPI/API Consultant, you will make an impact by leading the design, development, and implementation of SAP CPI-DS and SAP API solutions that drive innovation and ensure regulatory compliance. You will be a valued member of the Enterprise Integration & Compliance Architecture team and work collaboratively with cross-functional stakeholders, development teams, and compliance experts. In this role, you will:  Architect and implement SAP CPI-DS and SAP API solutions to stream…",https://www.adzuna.com/details/5397806914?utm_medium=api&utm_source=a6e23083,N/A,15-1252,DevOps,[]
Angular Java Lead,System One,"Pittsburgh, Allegheny County",68372.68,"Position Title: Java Angular Lead Pittsburgh PA - Two PNC Plaza 620 Liberty Ave Pittsburgh, PA 15222 Cleveland OH - Strongsville Technology Center 8100 Mohawk Dr. Strongsville, OH 44136 Birmingham AL - Birmingham - Brock 701 32nd St. South Birmingham, AL 35233 North Texas Market TX - Dallas Innovation Center - Luna Rd 11511 Luna Rd Farmers Branch, TX 75234 Phoenix - Biltmore 2850 E Camelback Rd Phoenix AZ 85016 Ability to work remote: Hybrid 2-3days in office Potential for Contract Extension: y…",https://www.adzuna.com/details/5397186636?utm_medium=api&utm_source=a6e23083,N/A,15-1252,DevOps,"['angular', 'java']"
"Senior Software Engineer – Fraud Platform (Java, Microservices, CI/CD)",System One,"Pittsburgh, Allegheny County",92027.43,"Position Title: Senior Software Engineer – Fraud Platform (Java, Microservices, CI/CD) Reason for open position: New Developer resources needed for Pindrop passport as well as building out the existing Pindrop crew Provide locations/flexible work by preference: Dallas ONLY North Texas Market TX - Dallas Innovation Center - Luna Rd 11511 Luna Rd Farmers Branch, TX 75234 Ability to work remote: Hybrid, days in office, 2 Remote OT: No regular requirement Intended length of Assignment:04/30/26 Func…",https://www.adzuna.com/details/5397186606?utm_medium=api&utm_source=a6e23083,N/A,15-1252,DevOps,['java']
Lead Full Stack Developer – Java | Angular | DevOps,System One,"Pittsburgh, Allegheny County",93151.48,"Position Title: Lead Full Stack Developer – Java | Angular | DevOps Provide locations/flexible work by preference: Pittsburgh PA OR Cleveland OH - Strongsville Technology Center. Ability to work remote: Hybrid - 3 days in office, 2 remotes Intended length of Assignment: 12/19/2025 Reason for open position: Backfill Potential for Contract Extension: Yes Function of the Group: Support the capital markets business, revenue generating profit center, reduce costs (regulatory reporting) Roles and Res…",https://www.adzuna.com/details/5397186648?utm_medium=api&utm_source=a6e23083,N/A,15-1252,DevOps,"['angular', 'java', 'devops']"
Network & Automation Engineer Intern,Thermo Fisher Scientific,"Pittsburgh, Allegheny County",52260.0,"Work Schedule Standard (Mon-Fri) Environmental Conditions Office Job Description Join Thermo Fisher Scientific to contribute to meaningful projects, support career growth, and make a real difference with a dedicated team. Interns receive mentorship and leadership opportunities for career growth. Options include returning as an intern, joining Leadership Development Programs, or transitioning to a full-time role. How will you make an impact? Infrastructure Automation: Assist in developing and de…",https://www.adzuna.com/details/5396946091?utm_medium=api&utm_source=a6e23083,N/A,15-1252,DevOps,[]
Lead Full Stack Developer – Java | Angular | DevOps,System One,"Bloomfield, Allegheny County",102571.34,"Position Title: Lead Full Stack Developer – Java | Angular | DevOps Provide locations/flexible work by preference: Pittsburgh PA OR Cleveland OH - Strongsville Technology Center. Ability to work remote: Hybrid - 3 days in office, 2 remotes Intended length of Assignment: 12/19/2025 Reason for open position: Backfill Potential for Contract Extension: Yes Function of the Group: Support the capital markets business, revenue generating profit center, reduce costs (regulatory reporting) Roles and Res…",https://www.adzuna.com/details/5396403784?utm_medium=api&utm_source=a6e23083,N/A,15-1252,DevOps,"['angular', 'java', 'devops']"
Angular Java Lead,System One,"Bloomfield, Allegheny County",138835.4,"Position Title: Java Angular Lead Pittsburgh PA - Two PNC Plaza 620 Liberty Ave Pittsburgh, PA 15222 Cleveland OH - Strongsville Technology Center 8100 Mohawk Dr. Strongsville, OH 44136 Birmingham AL - Birmingham - Brock 701 32nd St. South Birmingham, AL 35233 North Texas Market TX - Dallas Innovation Center - Luna Rd 11511 Luna Rd Farmers Branch, TX 75234 Phoenix - Biltmore 2850 E Camelback Rd Phoenix AZ 85016 Ability to work remote: Hybrid 2-3days in office Potential for Contract Extension: y…",https://www.adzuna.com/details/5396374577?utm_medium=api&utm_source=a6e23083,N/A,15-1252,DevOps,"['angular', 'java']"
DevOps Engineer,Mastech Digital,"Pittsburgh, Allegheny County",90667.15,"Job Description Job Description Mastech Digital provides digital and mainstream technology staff as well as Digital Transformation Services for all American Corporations. We are currently seeking a DevOps Engineer for our client in the Banking domain. We value our professionals, providing comprehensive benefits and the opportunity for growth. This is a Contract-to-Hire position, and the client is looking for someone to start immediately. Duration: Contract-to-Hire Location: Pittsburgh, PA or St…",https://www.adzuna.com/details/5396066620?utm_medium=api&utm_source=a6e23083,N/A,15-1252,DevOps,['devops']
"Senior Vice President, Site Reliability Engineer",BNY Mellon,"Pittsburgh, Allegheny County",169215.12,"Description At BNY, our culture allows us to run our company better and enables employees’ growth and success. As a leading global financial services company at the heart of the global financial system, we influence nearly 20% of the world’s investible assets. Every day, our teams harness cutting-edge AI and breakthrough technologies to collaborate with clients, driving transformative solutions that redefine industries and uplift communities worldwide. Recognized as a top destination for innova…",https://www.adzuna.com/details/5394852480?utm_medium=api&utm_source=a6e23083,N/A,15-1252,DevOps,[]
Network & Automation Engineer Intern,ThermoFisher Scientific,"Pittsburgh, Allegheny County",59577.39,"Work Schedule Standard (Mon-Fri) Environmental Conditions Office Job Description Join Thermo Fisher Scientific to contribute to meaningful projects, support career growth, and make a real difference with a dedicated team. Interns receive mentorship and leadership opportunities for career growth. Options include returning as an intern, joining Leadership Development Programs, or transitioning to a full-time role. How will you make an impact?  Infrastructure Automation: Assist in developing and d…",https://www.adzuna.com/details/5394155183?utm_medium=api&utm_source=a6e23083,N/A,15-1252,DevOps,[]
Microsoft D365 ERP Functional Solution Architect Manager,PwC,"Pittsburgh, Allegheny County",177201.88,"Specialty/Competency: Microsoft Industry/Sector: Not Applicable Time Type: Full time Travel Requirements: Up to 80% A career in our Microsoft Dynamics team will provide the opportunity to help our clients transform their technology landscape across Front, Back and Mid-Office functions leveraging Microsoft Dynamics. We focus on contributing to PwC's value proposition of ""strategy led and technology enabled"", by aligning our Consulting Solutions' industry focus with the Microsoft technologies suc…",https://www.adzuna.com/details/5394154135?utm_medium=api&utm_source=a6e23083,N/A,15-1252,DevOps,[]
Senior Performance Engineer - INTL - India,Insight Global,"Pittsburgh, Allegheny County",139124.22,"Job Description We are seeking a technical Senior Performance Engineer to own the scalability, reliability, and responsiveness of enterprise-level, multi-platform software products. This person will work closely on web, API, and mobile interfaces, with responsibilities around designing, executing, and analyzing performance tests in order to optimize the system performance. Key Responsibilities include: Develop and execute performance, load, stress, and scalability tests Monitor application perf…",https://www.adzuna.com/details/5394145935?utm_medium=api&utm_source=a6e23083,N/A,15-1252,DevOps,[]
Associate CRM Business Analyst,Fortive,"Brookline, Allegheny County",76888.87,"Description Associate CRM Business Analyst Position Overview: We are seeking an Associate CRM Business Analyst who will be responsible for supporting, configuring, and improving our Salesforce environment while also gathering requirements, documenting processes, and collaborating with business stakeholders. This role is ideal for someone with strong Salesforce administration experience who also wants to grow into business analysis, bridging the gap between users and technical teams. The role wi…",https://www.adzuna.com/details/5388499673?utm_medium=api&utm_source=a6e23083,N/A,15-1252,DevOps,[]
"Enterprise Utilities GIS Architect, Manager",PwC,"Pittsburgh, Allegheny County",131367.4,"Specialty/Competency: Functional & Industry Technologies Industry/Sector: Not Applicable Time Type: Full time Travel Requirements: Up to 60% At PwC, our people in business application consulting specialise in consulting services for a variety of business applications, helping clients optimise operational efficiency. These individuals analyse client needs, implement software solutions, and provide training and support for seamless integration and utilisation of business applications, enabling cl…",https://www.adzuna.com/details/5388247471?utm_medium=api&utm_source=a6e23083,N/A,15-1252,DevOps,[]
Associate CRM Business Analyst,Fortive Corporation,"Pittsburgh, Allegheny County",76649.31,"Associate CRM Business Analyst Position Overview: We are seeking an Associate CRM Business Analyst who will be responsible for supporting, configuring, and improving our Salesforce environment while also gathering requirements, documenting processes, and collaborating with business stakeholders. This role is ideal for someone with strong Salesforce administration experience who also wants to grow into business analysis, bridging the gap between users and technical teams. The role will be worked…",https://www.adzuna.com/details/5386762504?utm_medium=api&utm_source=a6e23083,N/A,15-1252,DevOps,[]
AI Engineer,BNY Mellon,"Pittsburgh, Allegheny County",109956.55,"Description AI Engineer At BNY, our culture allows us to run our company better and enables employees’ growth and success. As a leading global financial services company at the heart of the global financial system, we influence nearly 20% of the world’s investible assets. Every day, our teams harness cutting-edge AI and breakthrough technologies to collaborate with clients, driving transformative solutions that redefine industries and uplift communities worldwide. Recognized as a top destinatio…",https://www.adzuna.com/details/5385770766?utm_medium=api&utm_source=a6e23083,N/A,15-1252,DevOps,[]
Senior Python Developer,"CGI Technologies and Solutions, Inc.","Pittsburgh, Allegheny County",154087.56,"Senior Python Developer Category: Software Development/ Engineering Main location: United States, Pennsylvania, Pittsburgh Alternate Location(s): United States, Ohio, Cleveland Position ID: J0925-0131 Employment Type: Full Time Position Description: CGI is looking for a Python Developer. We are seeking a seasoned Senior Python Developer to join our Workflow Automation team. This is a hands-on development role requiring strong Python skills, software architecture knowledge, and collaboration in …",https://www.adzuna.com/details/5384814579?utm_medium=api&utm_source=a6e23083,N/A,15-1252,DevOps,['python']
"Software Engineer Lead - Corporate and Institutional Banking - Treasury (Spring Boot, Java, Kubernetes)",PNC,"Pittsburgh, Allegheny County",105681.77,"Position Overview At PNC, our people are our greatest differentiator and competitive advantage in the markets we serve. We are all united in delivering the best experience for our customers. We work together each day to foster an inclusive workplace culture where all of our employees feel respected, valued and have an opportunity to contribute to the company's success. As a Software Engineer Lead within PNC's Corporate & Institutional Banking - Treasury organization, you will be based in Pittsb…",https://www.adzuna.com/details/5384813687?utm_medium=api&utm_source=a6e23083,N/A,15-1252,DevOps,[]
"Technology Engineer - Corporate and Institutional Banking - Treasury (Spring Boot, Java, Kubernetes)",PNC,"Pittsburgh, Allegheny County",110236.78,"Position Overview At PNC, our people are our greatest differentiator and competitive advantage in the markets we serve. We are all united in delivering the best experience for our customers. We work together each day to foster an inclusive workplace culture where all of our employees feel respected, valued and have an opportunity to contribute to the company's success. As a Technology Engineer within PNC's Corporate & Institutional Banking - Treasury organization, you will be based in Pittsburg…",https://www.adzuna.com/details/5384813723?utm_medium=api&utm_source=a6e23083,N/A,15-1252,DevOps,[]
Axiom Developer,Huntington National Bank,"Pittsburgh, Allegheny County",105132.81,"Description The Axiom Developer role is responsible for creating and managing regulatory reports, translating business requirements into functional specifications, designing, developing, and implementing Axiom solutions to meet business requirements, including creating data sources, data models, and reports. The individual will also collaborate with business users and project managers to understand project requirements and deliver solutions. They will perform code reviews and ensure adherence t…",https://www.adzuna.com/details/5384811576?utm_medium=api&utm_source=a6e23083,N/A,15-1252,DevOps,[]
Axiom Developer,Huntington National Bank,"Pittsburgh, Allegheny County",110055.48,"Description The Axiom Developer role is responsible for creating and managing regulatory reports, translating business requirements into functional specifications, designing, developing, and implementing Axiom solutions to meet business requirements, including creating data sources, data models, and reports. The individual will also collaborate with business users and project managers to understand project requirements and deliver solutions. They will perform code reviews and ensure adherence t…",https://www.adzuna.com/details/5384811578?utm_medium=api&utm_source=a6e23083,N/A,15-1252,DevOps,[]
Software Engineering Internship or Co-op,Aerotech,"Fox Chapel, Allegheny County",42493.01,"Software Engineering Internship or Co-op When you join the Precision Automation and Robotics evolution at Aerotech, located near Pittsburgh, PA in RIDC Park, O’Hara Township, you will join a company that is small enough that everyone makes a difference, and large enough to work with today’s latest and greatest technology. You will gain exceptional experience with a balance of learning, hands-on training, and opportunities to work on projects that matter. You will participate in our total reward…",https://www.adzuna.com/details/5384135538?utm_medium=api&utm_source=a6e23083,N/A,15-1252,DevOps,[]
Product Owner,NTT DATA North America,"Pittsburgh, Allegheny County",178013.2,"Company Overview: Req ID: 339286 NTT DATA strives to hire exceptional, innovative and passionate individuals who want to grow with us. If you want to be part of an inclusive, adaptable, and forward-thinking organization, apply now. NTT DATA's Client is currently seeking a Product Owner to join their team in Pittsburgh, Pennsylvania (US-PA), United States (US). REMOTE Job Description: About the Role We are seeking a highly motivated and experienced Product Owner to support projects within the He…",https://www.adzuna.com/details/5382996595?utm_medium=api&utm_source=a6e23083,N/A,15-1252,DevOps,[]
Software Engineering Internship or Co-op,"Aerotech, Inc.","Pittsburgh, Allegheny County",42429.44,"Software Engineering Internship or Co-op When you join the Precision Automation and Robotics evolution at Aerotech , located near Pittsburgh, PA in RIDC Park, O’Hara Township, you will join a company that is small enough that everyone makes a difference, and large enough to work with today’s latest and greatest technology. You will gain exceptional experience with a balance of learning , hands-on training, and opportunities to work on projects that matter . You will participate in our total rew…",https://www.adzuna.com/details/5380398922?utm_medium=api&utm_source=a6e23083,N/A,15-1252,DevOps,[]
Quality Assurance Architect- Test Data Management,PNC Bank,"Pittsburgh, Allegheny County",108687.5,"Position Overview At PNC, our people are our greatest differentiator and competitive advantage in the markets we serve. We are all united in delivering the best experience for our customers. We work together each day to foster an inclusive workplace culture where all of our employees feel respected, valued and have an opportunity to contribute to the company’s success. As a Quality Assurance Architect within PNC's Technology organization, you will be based in you will be based in Pittsburgh, PA…",https://www.adzuna.com/details/5378639004?utm_medium=api&utm_source=a6e23083,N/A,15-1252,DevOps,[]
Software Architect - Service Now Release Architect,PNC,"Pittsburgh, Allegheny County",100200.54,"Position Overview At PNC, our people are our greatest differentiator and competitive advantage in the markets we serve. We are all united in delivering the best experience for our customers. We work together each day to foster an inclusive workplace culture where all of our employees feel respected, valued and have an opportunity to contribute to the company's success. As a Service Now Release Architect within PNC's Technology organization, you can be based in Pittsburgh PA (preferred), Strongs…",https://www.adzuna.com/details/5376261535?utm_medium=api&utm_source=a6e23083,N/A,15-1252,DevOps,[]
Senior Computational Designer,CDM Smith,"Pittsburgh, Allegheny County",79699.48,"42370BR Requisition ID: 42370BR Business Unit: COR Job Description: CDM Smith is seeking a Senior Computational Designer to join our Digital Engineering Solutions team. This individual will be a key leader within the Design Technology group, driving the firm's digital transformation in design automation, computational design strategies, and BIM technologies by providing strategic guidance, technological vision, and solution development. This individual develops and implements computational desi…",https://www.adzuna.com/details/5376256942?utm_medium=api&utm_source=a6e23083,N/A,15-1252,DevOps,[]
Manual Tester/BA,Capgemini,"Pittsburgh, Allegheny County",58467.31,"About the job: Manual Testing/BA Opportunity What you will do at Sogeti:  Developand execute comprehensive test plans and test cases, focusing onfunctionality, usability, and performance across web and mobileapplications.  Analyzebusiness processes, gather requirements from stakeholders, and determinehow to meet business needs.  Isolate,document, and report defects using bug-tracking tools, and verify thatfixes are implemented correctly.  Coordinateand conduct UAT to confirm the software aligns…",https://www.adzuna.com/details/5376256764?utm_medium=api&utm_source=a6e23083,N/A,15-1252,DevOps,[]
Product Manager Lead - Cloud Program Delivery Lead,PNC Bank,"Pittsburgh, Allegheny County",102258.12,"Position Overview At PNC, our people are our greatest differentiator and competitive advantage in the markets we serve. We are all united in delivering the best experience for our customers. We work together each day to foster an inclusive workplace culture where all of our employees feel respected, valued and have an opportunity to contribute to the company’s success. This position is primarily based in a location within PNC's footprint. Responsibilities require time in the office or in a fiel…",https://www.adzuna.com/details/5372826526?utm_medium=api&utm_source=a6e23083,N/A,15-1252,DevOps,[]
Java Lead (Kafka),Virtusa,"Pittsburgh, Allegheny County",109605.4,"P2-C3-TSTSJDWe are seeking a highly skilled Senior Java Engineer with strong expertise in Java Microservices and Apache Kafka to design and develop scalable, eventdriven systems. The ideal candidate will have deep experience in building highperformance distributed applications using Java and Kafka, with a proven track record of delivering enterprisegrade solutions.Kafka Development & Optimization:Build and manage Kafka producers, consumers, topics, and partitions.Implement Kafka Streams/KSQL fo…",https://www.adzuna.com/details/5372282334?utm_medium=api&utm_source=a6e23083,N/A,15-1252,DevOps,"['java', 'apache kafka']"
Quality Assurance Architect- Test Data Management,PNC,"Pittsburgh, Allegheny County",120572.95,"Position Overview At PNC, our people are our greatest differentiator and competitive advantage in the markets we serve. We are all united in delivering the best experience for our customers. We work together each day to foster an inclusive workplace culture where all of our employees feel respected, valued and have an opportunity to contribute to the company's success. As a Quality Assurance Architect within PNC's Technology organization, you will be based in you will be based in Pittsburgh, PA…",https://www.adzuna.com/details/5371775358?utm_medium=api&utm_source=a6e23083,N/A,15-1252,DevOps,[]
Cyber SDC - Cloud Senior Engineer (Image Security) - Senior - Consulting - Location Open,EY,"Pittsburgh, Allegheny County",146901.45,"Location: Anywhere in Country At EY, we're all in to shape your future with confidence. We'll help you succeed in a globally connected powerhouse of diverse teams and take your career wherever you want it to go. Join EY and help to build a better working world. In an ever-evolving IT landscape, EY stands as a beacon of trust for clients across diverse industries seeking reliable solutions to address their intricate risks and vulnerabilities. As a vital member of our Cloud Security team, you wil…",https://www.adzuna.com/details/5370254509?utm_medium=api&utm_source=a6e23083,N/A,15-1252,DevOps,['go']
Product Manager Lead - Cloud Program Delivery Lead,PNC,"Pittsburgh, Allegheny County",111962.3,"Position Overview At PNC, our people are our greatest differentiator and competitive advantage in the markets we serve. We are all united in delivering the best experience for our customers. We work together each day to foster an inclusive workplace culture where all of our employees feel respected, valued and have an opportunity to contribute to the company's success. This position is primarily based in a location within PNC's footprint. Responsibilities require time in the office or in a fiel…",https://www.adzuna.com/details/5370252751?utm_medium=api&utm_source=a6e23083,N/A,15-1252,DevOps,[]
Client Partner IT Sales Professional,Techstra Solutions,"Squirrel Hill, Allegheny County",115440.37,"Techstra Solutions, an IT consulting company is seeking focused, and results driven Client Partners to work closely with large Healthcare and Financial Services organizations undergoing Digital and IT Talent transformation in the areas of Cloud, Application Development, Automation and Data. Techstra Solutions helps large enterprises navigate change and implement new strategies that achieve the business value of Digital Transformation. We believe there are three components in successful business…",https://www.adzuna.com/details/5369744018?utm_medium=api&utm_source=a6e23083,N/A,15-1252,DevOps,[]
"Senior Vice President, POM Product Management",BNY Mellon,"Millvale, Allegheny County",166000.0,"Description Senior Vice president, POM Product Management At BNY, our culture allows us to run our company better and enables employees’ growth and success. As a leading global financial services company at the heart of the global financial system, we influence nearly 20% of the world’s investible assets. Every day, our teams harness cutting-edge AI and breakthrough technologies to collaborate with clients, driving transformative solutions that redefine industries and uplift communities worldwi…",https://www.adzuna.com/details/5369290238?utm_medium=api&utm_source=a6e23083,N/A,15-1252,DevOps,[]
Software Engineer Principal (Java/Spring/Kafka/MongoDB),PNC,"Pittsburgh, Allegheny County",121863.77,"Position Overview At PNC, our people are our greatest differentiator and competitive advantage in the markets we serve. We are all united in delivering the best experience for our customers. We work together each day to foster an inclusive workplace culture where all of our employees feel respected, valued and have an opportunity to contribute to the company's success. As a Software Engineer Principal within PNC's C&IB organization, you will be based either in Pittsburgh, PA or Dallas, TX. The …",https://www.adzuna.com/details/5368863484?utm_medium=api&utm_source=a6e23083,N/A,15-1252,DevOps,[]
Technology Engineer Sr (Java/SpringBoot/REST/Microservices),PNC,"Pittsburgh, Allegheny County",99573.35,"Position Overview At PNC, our people are our greatest differentiator and competitive advantage in the markets we serve. We are all united in delivering the best experience for our customers. We work together each day to foster an inclusive workplace culture where all of our employees feel respected, valued and have an opportunity to contribute to the company's success. As a Technology Engineer Sr within PNC's C&IB organization, you will be based either in Pittsburgh, PA or Dallas, TX. The posit…",https://www.adzuna.com/details/5368863483?utm_medium=api&utm_source=a6e23083,N/A,15-1252,DevOps,[]
IT&D Intern,Covestro,"Pittsburgh, Allegheny County",49069.04,"We are Covestro. We are curious. We are courageous. We are colorful. We refine chemical material solutions with game-changing products. Let us empower you to push boundaries. Join us and our 18,000 colleagues now and together we will make the world a brighter place. WHAT WE OFFER Covestro is looking for dynamic individuals ready to help shape the future by confronting new challenges, embracing new experiences, and taking on increasing responsibilities. As an Information Technology and Digitaliz…",https://www.adzuna.com/details/5368194450?utm_medium=api&utm_source=a6e23083,N/A,15-1252,DevOps,[]
Director of AI Client Service & Enablement,bny mellon,"Bloomfield, Allegheny County",178578.73,"At BNY, our culture allows us to run our company better and enables employees’ growth and success. As a leading global financial services company at the heart of the global financial system, we influence nearly 20% of the world’s investible assets. Every day, our teams harness cutting-edge AI and breakthrough technologies to collaborate with clients, driving transformative solutions that redefine industries and uplift communities worldwide. Recognized as a top destination for innovators and cha…",https://www.adzuna.com/land/ad/5367537233?se=lIDZDpWj8BGBlsoUwDdGNQ&utm_medium=api&utm_source=a6e23083&v=0B94AFEF5A37757C4DED6E25F65D51280C9D96CE,N/A,15-1252,DevOps,[]
"Vice President, Full-Stack Engineer II (Angular & Java)",bny mellon,"Bloomfield, Allegheny County",231274.0,"At BNY, our culture allows us to run our company better and enables employees’ growth and success. As a leading global financial services company at the heart of the global financial system, we influence nearly 20% of the world’s investible assets. Every day, our teams harness cutting-edge AI and breakthrough technologies to collaborate with clients, driving transformative solutions that redefine industries and uplift communities worldwide. Recognized as a top destination for innovators and cha…",https://www.adzuna.com/land/ad/5367537198?se=lIDZDpWj8BGBlsoUwDdGNQ&utm_medium=api&utm_source=a6e23083&v=EF3B83E155A130C9FA661C4F4114E9A5C5A52688,N/A,15-1252,DevOps,[]
"Vice President, Full-Stack Engineer II",bny mellon,"Bloomfield, Allegheny County",179999.27,"At BNY, our culture empowers you to grow and succeed. As a leading global financial services company at the center of the world’s financial system we touch nearly 20% of the world’s investible assets. Every day around the globe, our 50,000 employees bring the power of their perspective to the table to create solutions with our clients that benefit businesses, communities and people everywhere. We continue to be a leader in the industry, awarded as a top home for innovators and for creating an i…",https://www.adzuna.com/land/ad/5367537170?se=lIDZDpWj8BGBlsoUwDdGNQ&utm_medium=api&utm_source=a6e23083&v=D04D083610F72CB33325A9FE20BDF6C8668662A2,N/A,15-1252,DevOps,[]
"Senior Vice President, Full-Stack Engineer",bny mellon,"Bloomfield, Allegheny County",202131.52,"At BNY, our culture empowers you to grow and succeed. As a leading global financial services company at the center of the world’s financial system we touch nearly 20% of the world’s investible assets. Every day around the globe, our 50,000 employees bring the power of their perspective to the table to create solutions with our clients that benefit businesses, communities and people everywhere. We continue to be a leader in the industry, awarded as a top home for innovators and for creating an i…",https://www.adzuna.com/land/ad/5367537080?se=lIDZDpWj8BGBlsoUwDdGNQ&utm_medium=api&utm_source=a6e23083&v=D8497EFFC4371C4B6D4A4C024ADCF0EA42F827E2,N/A,15-1252,DevOps,[]
Software Engineering Lead - Cloud-Native & Data Lake Architectures,PNC,"Pittsburgh, Allegheny County",123581.62,"Position Overview At PNC, our people are our greatest differentiator and competitive advantage in the markets we serve. We are all united in delivering the best experience for our customers. We work together each day to foster an inclusive workplace culture where all of our employees feel respected, valued and have an opportunity to contribute to the company's success. As a Software Engineering Lead - Cloud-Native & Data Lake Architectures within PNC's Data Products organization, you will be ba…",https://www.adzuna.com/details/5366568580?utm_medium=api&utm_source=a6e23083,N/A,15-1252,DevOps,[]
Security Engineer,All Lines Technology,"Pittsburgh, Allegheny County",137986.27,"All Lines Technology is currently searching for a Security Engineer (SIEM) in Pittsburgh, PA to join a dynamic and growing security team responsible for continually improving the organization’s security posture. This role focuses on managing and enhancing network, system, identity, and cloud security capabilities. Responsibilities include administering SIEM, EDR, and identity protection solutions, as well as leading security event detection, incident response, response automation, threat huntin…",https://www.adzuna.com/details/5365933623?utm_medium=api&utm_source=a6e23083,N/A,15-1252,DevOps,[]
Director Commercial Software Development,Armada,"Fox Chapel, Allegheny County",190436.11,"Exciting News – We’re Moving! As part of our continued growth and our commitment to fostering an exceptional, collaborative work environment, we’re thrilled to announce that our office will be relocating to a brand-new building at 2000 Innovation Drive, Wexford PA 15090 at the end of the year. In the meantime, hybrid employees will continue working from our current location at RIDC – O’Hara until the transition is complete. We’re excited about this next chapter and look forward to welcoming new…",https://www.adzuna.com/details/5365527401?utm_medium=api&utm_source=a6e23083,N/A,15-1252,DevOps,[]
ServiceNow Deployment-Senior Manager,PwC,"Pittsburgh, Allegheny County",163615.7,"Specialty/Competency: Platform Engineering & Architecture Industry/Sector: Not Applicable Time Type: Full time Travel Requirements: Up to 80% At PwC, our people in infrastructure focus on designing and implementing robust, secure IT systems that support business operations. They enable the smooth functioning of networks, servers, and data centres to optimise performance and minimise downtime. Those in cloud operations at PwC will focus on managing and optimising cloud infrastructure and service…",https://www.adzuna.com/details/5365324129?utm_medium=api&utm_source=a6e23083,N/A,15-1252,DevOps,[]
Lead Software Engineer - Angular / API Integration / Spring Boot / Oracle,PNC,"Pittsburgh, Allegheny County",94177.82,"Position Overview At PNC, our people are our greatest differentiator and competitive advantage in the markets we serve. We are all united in delivering the best experience for our customers. We work together each day to foster an inclusive workplace culture where all of our employees feel respected, valued and have an opportunity to contribute to the company's success. As a Lead Software Engineer within PNC's AMG Technology organization, you will be based in Pittsburgh, PA, Strongsville, OH, Da…",https://www.adzuna.com/details/5365322560?utm_medium=api&utm_source=a6e23083,N/A,15-1252,DevOps,[]
Senior Developer 5828490,Accenture,"Pittsburgh, Allegheny County",222700.14,"Accenture Flex offers you the flexibility of local fixed-duration project-based work powered by Accenture, a leading global professional services company. Accenture is consistently recognized on FORTUNE's 100 Best Companies to Work For and Diversity Inc's Top 50 Companies For Diversity lists. As an Accenture Flex employee, you will apply your skills and experience to help drive business transformation for leading organizations and communities. In addition to delivering innovative solutions for …",https://www.adzuna.com/details/5365314637?utm_medium=api&utm_source=a6e23083,N/A,15-1252,DevOps,[]
Client Partner IT Sales Professional,Techstra Solutions,"Pittsburgh, Allegheny County",113203.88,"Techstra Solutions, an IT consulting company is seeking focused, and results driven Client Partners to work closely with large Healthcare and Financial Services organizations undergoing Digital and IT Talent transformation in the areas of Cloud, Application Development, Automation and Data. Techstra Solutions helps large enterprises navigate change and implement new strategies that achieve the business value of Digital Transformation. We believe there are three components in successful business…",https://www.adzuna.com/details/5365197783?utm_medium=api&utm_source=a6e23083,N/A,15-1252,DevOps,[]
Lead Software Engineer,Govini,"Arsenal, Allegheny County",139095.56,"Company Description Govini transforms Defense Acquisition from an outdated manual process to a software-driven strategic advantage for the United States. Our flagship product, Ark, supports Supply Chain, Science and Technology, Production, Sustainment, Logistics, and Modernization teams with AI-enabled Applications and best-in-class data to more rapidly imagine, develop, and field the capabilities we need. Today, the national security community and every branch of the military rely on Govini to…",https://www.adzuna.com/details/5365170139?utm_medium=api&utm_source=a6e23083,N/A,15-1252,DevOps,[]
"Software Engineer Lead (Java, Angular, React, Spring)",PNC Bank,"Pittsburgh, Allegheny County",106850.0,"Position Overview At PNC, our people are our greatest differentiator and competitive advantage in the markets we serve. We are all united in delivering the best experience for our customers. We work together each day to foster an inclusive workplace culture where all of our employees feel respected, valued and have an opportunity to contribute to the company’s success. As a Software Engineer Lead within PNC's Technology organization, you will be based in Pittsburgh, PA Strongsville, OH, Birming…",https://www.adzuna.com/details/5364764170?utm_medium=api&utm_source=a6e23083,N/A,15-1252,DevOps,[]
Quality Assurance Lead - Contractor,System One,"Pittsburgh, Allegheny County",75348.29,"Pittsburgh PA Two PNC Plaza 620 Liberty Ave, Pittsburgh, PA 15222 Cleveland OH Strongsville Technology Center 8100 Mohawk Dr., Strongsville, OH 44136 Birmingham AL Birmingham - Brock 701 32nd St. South, Birmingham, AL 35233 North Texas Market TX Dallas Innovation Center - Luna Rd 11511 Luna Rd, Farmers Branch, TX 75234 Phoenix AZ Phoenix - Biltmore 2850 E CAMELBACK RD, Phoenix AZ 85016 Secondary-Philly Jacksonville Potential for Contract Extension: Potentially through March 2027 Function of the…",https://www.adzuna.com/details/5363704549?utm_medium=api&utm_source=a6e23083,N/A,15-1252,DevOps,[]
Udeploy Infrastructure Engineer Sr,System One,"Pittsburgh, Allegheny County",112722.76,"We have below mentioned Udeploy infrastructure Engineer role, If interested please share your resume to ariz.khan@systemone.com. Key responsibilities: More than just using Udeploy for deployments, need to have installation, architecture, lead experience with UDeploy Trying to fill gap of former PNC employee who had 5 yrs of UDeploy exp at PNC and was integral for installation and upgrading UDeploy Experience with Kubernetes and / or Openshift and Helm deploying application services Experience w…",https://www.adzuna.com/details/5363703471?utm_medium=api&utm_source=a6e23083,N/A,15-1252,DevOps,['kubernetes']
Software Engineer - XR Codec Interactions and Avatars Team,Meta,"Pittsburgh, Allegheny County",138461.88,"Summary: XR Codec Interactions and Avatars (XRCIA) brings together a highly interdisciplinary team of researchers and engineers to create the future of augmented and virtual reality. On the Research Oriented Cluster Foundations team, you'll work on building and maintaining tools, libraries, and frameworks that will help researchers collaborate with each other and empower their research towards the generation of Codec Interactions and Avatars. Our team cultivates an honest and considerate enviro…",https://www.adzuna.com/details/5363688009?utm_medium=api&utm_source=a6e23083,N/A,15-1252,DevOps,[]
Quality Engineer,"CGI Technologies and Solutions, Inc.","Pittsburgh, Allegheny County",142451.44,"Quality Engineer Category: Testing/Quality Assurance Main location: United States, Pennsylvania, Pittsburgh Position ID: J0825-0963 Employment Type: Full Time Position Description: This role will require someone in Cleveland, OH, Pittsburgh, PA, Dallas, TX, or Birmingham, AL. CGI is looking for Quality Engineers to join the team of talented professionals. You will be involved in a mission critical project, working with a team of smart, dedicated people like yourself who help build quality solut…",https://www.adzuna.com/details/5363686721?utm_medium=api&utm_source=a6e23083,N/A,15-1252,DevOps,[]
AI & Machine Learning Engineer - Manager - Consulting - Open Location,EY,"Pittsburgh, Allegheny County",135960.27,"Location: Anywhere in Country At EY, we're all in to shape your future with confidence. We'll help you succeed in a globally connected powerhouse of diverse teams and take your career wherever you want it to go. Join EY and help to build a better working world. Technology - Data and Decision Science - AI Native Engineering ? AI/Machine Learning Engineer, Manager Consultant The opportunity Our Artificial Intelligence and Data team helps apply cutting edge technology and techniques to bring solut…",https://www.adzuna.com/details/5363683673?utm_medium=api&utm_source=a6e23083,N/A,15-1252,DevOps,"['machine learning', 'go']"
AI & Machine Learning Engineer - Senior - Consulting - Open Location,EY,"Pittsburgh, Allegheny County",138038.0,"Location: Anywhere in Country At EY, we're all in to shape your future with confidence. We'll help you succeed in a globally connected powerhouse of diverse teams and take your career wherever you want it to go. Join EY and help to build a better working world. Technology - Data and Decision Science - AI Native Engineering ? AI/Machine Learning Engineer, Senior Consultant The opportunity Our Artificial Intelligence and Data team helps apply cutting edge technology and techniques to bring soluti…",https://www.adzuna.com/details/5363683489?utm_medium=api&utm_source=a6e23083,N/A,15-1252,DevOps,"['machine learning', 'go']"
Risk AI & Engineering - Senior Manager - Consulting - Location Open,EY,"Pittsburgh, Allegheny County",173746.3,"Location: Anywhre in Country At EY, we're all in to shape your future with confidence. We'll help you succeed in a globally connected powerhouse of diverse teams and take your career wherever you want it to go. Join EY and help to build a better working world. Tech Consulting, AI & Quantitative Modeling, Risk AI and Analytics Senior Manager EY delivers unparalleled cross functional tech consulting services in artificial intelligence, big data and cloud engineering. We always support and enable …",https://www.adzuna.com/details/5363683356?utm_medium=api&utm_source=a6e23083,N/A,15-1252,DevOps,"['big data', 'go']"
GCP Data Engineer - Manager,PwC,"Pittsburgh, Allegheny County",182811.69,"Specialty/Competency: Data, Analytics & AI Industry/Sector: Technology Time Type: Full time Travel Requirements: Up to 80% At PwC, our people in data and analytics engineering focus on leveraging advanced technologies and techniques to design and develop robust data solutions for clients. They play a crucial role in transforming raw data into actionable insights, enabling informed decision-making and driving business growth. In data engineering at PwC, you will focus on designing and building d…",https://www.adzuna.com/details/5363676387?utm_medium=api&utm_source=a6e23083,N/A,15-1252,DevOps,[]
Managed Services - Applied AI Operations - Manager,PwC,"Pittsburgh, Allegheny County",126897.49,"Specialty/Competency: Managed Services Industry/Sector: Not Applicable Time Type: Full time Travel Requirements: Up to 60% At PwC, our people in data and analytics engineering focus on leveraging advanced technologies and techniques to design and develop robust data solutions for clients. They play a crucial role in transforming raw data into actionable insights, enabling informed decision-making and driving business growth. Those in artificial intelligence and machine learning at PwC will focu…",https://www.adzuna.com/details/5363676708?utm_medium=api&utm_source=a6e23083,N/A,15-1252,DevOps,['machine learning']
PwC Tech-Technical Lead Engineer,PwC,"Pittsburgh, Allegheny County",113607.94,"Specialty/Competency: IFS - Information Technology (IT) Industry/Sector: Not Applicable Time Type: Full time Travel Requirements: Up to 20% At PwC, our people in information technology operations focus on managing and maintaining the technology infrastructure and systems to provide smooth operations and efficient delivery of IT services. This includes monitoring network performance, troubleshooting issues, and implementing security measures. Those in IT support at PwC will focus on providing fr…",https://www.adzuna.com/details/5363676317?utm_medium=api&utm_source=a6e23083,N/A,15-1252,DevOps,[]
Cloud Data & Analytics Manager (Insurance),PwC,"Pittsburgh, Allegheny County",182744.58,"Specialty/Competency: Data, Analytics & AI Industry/Sector: Insurance Time Type: Full time Travel Requirements: Up to 80% A career within Data and Analytics services will provide you with the opportunity to help organisations uncover enterprise insights and drive business results using smarter data analytics. We focus on a collection of organisational technology capabilities, including business intelligence, data management, and data assurance that help our clients drive innovation, growth, and…",https://www.adzuna.com/details/5363676271?utm_medium=api&utm_source=a6e23083,N/A,15-1252,DevOps,[]
GCP Data Engineer - Senior Manager,PwC,"Pittsburgh, Allegheny County",198418.45,"Specialty/Competency: Data, Analytics & AI Industry/Sector: Technology Time Type: Full time Travel Requirements: Up to 80% At PwC, our people in data and analytics engineering focus on leveraging advanced technologies and techniques to design and develop robust data solutions for clients. They play a crucial role in transforming raw data into actionable insights, enabling informed decision-making and driving business growth. In data engineering at PwC, you will focus on designing and building d…",https://www.adzuna.com/details/5363676002?utm_medium=api&utm_source=a6e23083,N/A,15-1252,DevOps,[]
Cloud Data & Analytics Strategy Senior Associate (Insurance),PwC,"Pittsburgh, Allegheny County",177778.73,"Specialty/Competency: Data, Analytics & AI Industry/Sector: Insurance Time Type: Full time Travel Requirements: Up to 80% A career within Data and Analytics services will provide you with the opportunity to help organisations uncover enterprise insights and drive business results using smarter data analytics. We focus on a collection of organisational technology capabilities, including business intelligence, data management, and data assurance that help our clients drive innovation, growth, and…",https://www.adzuna.com/details/5363676236?utm_medium=api&utm_source=a6e23083,N/A,15-1252,DevOps,[]
"Software Engineer Lead (Java, Angular, React, Spring)",PNC,"Pittsburgh, Allegheny County",125310.77,"Position Overview At PNC, our people are our greatest differentiator and competitive advantage in the markets we serve. We are all united in delivering the best experience for our customers. We work together each day to foster an inclusive workplace culture where all of our employees feel respected, valued and have an opportunity to contribute to the company's success. As a Software Engineer Lead within PNC's Technology organization, you will be based in Pittsburgh, PA Strongsville, OH, Birming…",https://www.adzuna.com/details/5363666841?utm_medium=api&utm_source=a6e23083,N/A,15-1252,DevOps,[]
Senior Ansible Software Engineer,PNC,"Pittsburgh, Allegheny County",90821.97,"Position Overview At PNC, our people are our greatest differentiator and competitive advantage in the markets we serve. We are all united in delivering the best experience for our customers. We work together each day to foster an inclusive workplace culture where all of our employees feel respected, valued and have an opportunity to contribute to the company's success. As a Software Engineer Sr. within PNC's Technology organization, you will be based in Pittsburgh, PA or Strongsville, OH. The p…",https://www.adzuna.com/details/5363666464?utm_medium=api&utm_source=a6e23083,N/A,15-1252,DevOps,[]
Senior Technology Engineer - Java / C# / Angular / React.js,PNC,"Pittsburgh, Allegheny County",96524.34,"Position Overview At PNC, our people are our greatest differentiator and competitive advantage in the markets we serve. We are all united in delivering the best experience for our customers. We work together each day to foster an inclusive workplace culture where all of our employees feel respected, valued and have an opportunity to contribute to the company's success. As a Senior Technology Engineer within PNC's C&IB organization, you will be based in Pittsburgh, PA or Dallas, TX. The position…",https://www.adzuna.com/details/5363666385?utm_medium=api&utm_source=a6e23083,N/A,15-1252,DevOps,[]
Software Engineer Principal - Hadoop / ETL,PNC,"Pittsburgh, Allegheny County",123862.66,"Position Overview At PNC, our people are our greatest differentiator and competitive advantage in the markets we serve. We are all united in delivering the best experience for our customers. We work together each day to foster an inclusive workplace culture where all of our employees feel respected, valued and have an opportunity to contribute to the company's success. As a Software Engineer Principal within PNC's Data Products organization, you will be based in Pittsburgh, PA, Strongsville, OH…",https://www.adzuna.com/details/5363666260?utm_medium=api&utm_source=a6e23083,N/A,15-1252,DevOps,[]
Software Engineering Mgr,PNC,"Pittsburgh, Allegheny County",109900.46,"Position Overview At PNC, our people are our greatest differentiator and competitive advantage in the markets we serve. We are all united in delivering the best experience for our customers. We work together each day to foster an inclusive workplace culture where all of our employees feel respected, valued and have an opportunity to contribute to the company's success. As a Software Engineering Manager within PNC's Lending Technology organization. the preferred candidate will reside and work in…",https://www.adzuna.com/details/5363666058?utm_medium=api&utm_source=a6e23083,N/A,15-1252,DevOps,[]
Software Engineer Principal (Informatica/ETL/SSIS/UNIX),PNC,"Pittsburgh, Allegheny County",117799.43,"Position Overview At PNC, our people are our greatest differentiator and competitive advantage in the markets we serve. We are all united in delivering the best experience for our customers. We work together each day to foster an inclusive workplace culture where all of our employees feel respected, valued and have an opportunity to contribute to the company's success. As a Software Engineer Principal within PNC's Lending Technology organization. You will be based either in Pittsburgh, PA or Da…",https://www.adzuna.com/details/5363665904?utm_medium=api&utm_source=a6e23083,N/A,15-1252,DevOps,[]
Software Engineer Lead - Angular/Kafka/Java/Spring,PNC,"Pittsburgh, Allegheny County",101203.54,"Position Overview At PNC, our people are our greatest differentiator and competitive advantage in the markets we serve. We are all united in delivering the best experience for our customers. We work together each day to foster an inclusive workplace culture where all of our employees feel respected, valued and have an opportunity to contribute to the company's success. As a Software Engineer Lead within PNC's Asset Management organization, you will be based in Pittsburgh, PA, Strongsville, OH, …",https://www.adzuna.com/details/5363665551?utm_medium=api&utm_source=a6e23083,N/A,15-1252,DevOps,[]
Software Engineer Principal,PNC,"Pittsburgh, Allegheny County",107698.76,"Position Overview At PNC, our people are our greatest differentiator and competitive advantage in the markets we serve. We are all united in delivering the best experience for our customers. We work together each day to foster an inclusive workplace culture where all of our employees feel respected, valued and have an opportunity to contribute to the company's success. As a Software Engineer Principal within PNC's Technology organization, you will be based in Pittsburgh, PA or Cleveland, OH. Th…",https://www.adzuna.com/details/5363665257?utm_medium=api&utm_source=a6e23083,N/A,15-1252,DevOps,[]
Software Developer / Architect,Jacobs,"Pittsburgh, Allegheny County",102680.77,"We are seeking a passionate, ambitious, and highly motivated Software Developer or Architect to join our dynamic team. You will be responsible for building and maintaining high-quality enterprise web and mobile applications, with an excellent opportunity to grow your skills, work with cutting-edge technologies, and contribute to the development of world-class software solutions. We are looking for developers eager to advance into full-stack roles, focusing on front-end, back-end, and cloud tech…",https://www.adzuna.com/details/5363628321?utm_medium=api&utm_source=a6e23083,N/A,15-1252,DevOps,[]
Manager Software Engineering - Remote,The Hartford,"Pittsburgh, Allegheny County",188729.9,"Manager Software Engineering - IE07FE We're determined to make a difference and are proud to be an insurance company that goes well beyond coverages and policies. Working here means having every opportunity to achieve your goals - and to help others accomplish theirs, too. Join our team as we help shape the future. Manager of Software Engineering - Innovate with Us at The Hartford Join The Hartford's Personal Lines IT Team as a Manager of Software Engineering reporting to the AVP of Software En…",https://www.adzuna.com/details/5363608420?utm_medium=api&utm_source=a6e23083,N/A,15-1252,DevOps,[]
Senior Staff Software Engineer (Duck Creek) - Remote,The Hartford,"Pittsburgh, Allegheny County",152018.7,"Senior Staff Software Engineer - IE07HE We're determined to make a difference and are proud to be an insurance company that goes well beyond coverages and policies. Working here means having every opportunity to achieve your goals - and to help others accomplish theirs, too. Join our team as we help shape the future. This position is for a Senior Staff Software Engineer in Personal Lines IT organization. The Personal Lines development team is passionate for technology and strives to build well …",https://www.adzuna.com/details/5363607521?utm_medium=api&utm_source=a6e23083,N/A,15-1252,DevOps,[]
"Oracle AI, Manager - OIC AI Services",Deloitte,"Pittsburgh, Allegheny County",117903.05,"Join our AI & Engineering team in transforming technology platforms, driving innovation, and helping make a significant impact on our clients' success. You'll work alongside talented professionals reimagining and re-engineering operations and processes that are critical to businesses. Your contributions can help clients improve financial performance, accelerate new digital ventures, and fuel growth through innovation. AI & Engineering leverages cutting-edge engineering capabilities to build, de…",https://www.adzuna.com/details/5363582948?utm_medium=api&utm_source=a6e23083,N/A,15-1252,DevOps,[]
AI Engineering Manager/Solutions Architect - SFL Scientific,Deloitte,"Pittsburgh, Allegheny County",221175.16,"AI Engineering Manager/Solutions Architect - SFL Scientific Our Deloitte Strategy & Transactions team helps guide clients through their most critical moments and transformational initiatives. From strategy to execution, this team delivers integrated, end-to-end support and advisory services covering valuation modeling, cost optimization, restructuring, business design and transformation, infrastructure and real estate, mergers and acquisitions (M&A), and sustainability. Work alongside clients e…",https://www.adzuna.com/details/5363582644?utm_medium=api&utm_source=a6e23083,N/A,15-1252,DevOps,[]
"Oracle Implementation, Tax Technology Senior Consultant",Deloitte,"Pittsburgh, Allegheny County",133888.27,"Oracle is one of the leading ERP technologies that is revolutionizing how tax is managed and how tax departments around the globe operate. If you are someone who thrives in navigating the growing tax landscape through a technology lens and partnering with passionate professionals to help companies achieve their tax objectives; then we would like to get to know you. Apply now! What you'll do: As a professional in Deloitte's Tax Technology Consulting (TTC) team, you will be a part of a team that …",https://www.adzuna.com/details/5363582650?utm_medium=api&utm_source=a6e23083,N/A,15-1252,DevOps,[]
"SAP Implementation, Tax Technology Senior Consultant",Deloitte,"Pittsburgh, Allegheny County",149195.6,"SAP is one of the leading ERP technologies that is revolutionizing how tax is managed and how tax departments around the globe operate. If you are someone who thrives in navigating the growing tax landscape through a technology lens and partnering with passionate professionals to help companies achieve their tax objectives; then we would like to get to know you. Apply now! What You'll Do As a professional in Deloitte's Tax Technology Consulting (TTC) team, you will be a part of a team that prov…",https://www.adzuna.com/details/5363582490?utm_medium=api&utm_source=a6e23083,N/A,15-1252,DevOps,[]
Tax Senior Consultant- SAP Global Trade Services (GTS),Deloitte,"Pittsburgh, Allegheny County",134867.61,"As a practitioner within Deloitte's Global Trade Advisory Practice, you'll have the opportunity to help clients get the most from their SAP investments-and help position businesses for the evolving digital economy. Ready to reimagine your career possibilities? Deloitte can show you what it takes to explore an entire universe of ideas, possibilities, and opportunities-and help make an impact that matters with SAP solutions. Work you'll do Industry-leading clients. An award-winning culture. Top n…",https://www.adzuna.com/details/5363581786?utm_medium=api&utm_source=a6e23083,N/A,15-1252,DevOps,[]
"Vice President, Full-Stack Engineer",BNY Mellon,"Pittsburgh, Allegheny County",229150.98,"Description Vice President, Full-Stack Engineer At BNY, our culture allows us to run our company better and enables employees’ growth and success. As a leading global financial services company at the heart of the global financial system, we influence nearly 20% of the world’s investible assets. Every day, our teams harness cutting-edge AI and breakthrough technologies to collaborate with clients, driving transformative solutions that redefine industries and uplift communities worldwide. Recogn…",https://www.adzuna.com/details/5362788585?utm_medium=api&utm_source=a6e23083,N/A,15-1252,DevOps,[]
Sr. QA Analyst,NewEdge Capital Group,"Pittsburgh, Allegheny County",84834.64,"Job Summary The Senior Quality Assurance Analyst, reports to the QA Manager (PMO). They will work with the business and development teams to strategize, design and execute functional and performance tests to ensure that new and existing systems’ features and functions meet quality and performance expectations. This team member will help maintain and report on QA metrics. Location: Pittsburgh, PA - hybrid We are interested in qualified candidates who are eligible to work in the United States. Ho…",https://www.adzuna.com/details/5362765108?utm_medium=api&utm_source=a6e23083,N/A,15-1252,DevOps,[]
Quality Assurance Lead - Contractor,System One,"Pittsburgh, Allegheny County",65053.79,"Pittsburgh PA Two PNC Plaza 620 Liberty Ave, Pittsburgh, PA 15222 Cleveland OH Strongsville Technology Center 8100 Mohawk Dr., Strongsville, OH 44136 Birmingham AL Birmingham - Brock 701 32nd St. South, Birmingham, AL 35233 North Texas Market TX Dallas Innovation Center - Luna Rd 11511 Luna Rd, Farmers Branch, TX 75234 Phoenix AZ Phoenix - Biltmore 2850 E CAMELBACK RD, Phoenix AZ 85016 Secondary-Philly Jacksonville Potential for Contract Extension: Potentially through March 2027 Function of the…",https://www.adzuna.com/details/5359655748?utm_medium=api&utm_source=a6e23083,N/A,15-1252,DevOps,[]
Senior Ansible Software Engineer,PNC Bank,"Pittsburgh, Allegheny County",115000.0,"Position Overview At PNC, our people are our greatest differentiator and competitive advantage in the markets we serve. We are all united in delivering the best experience for our customers. We work together each day to foster an inclusive workplace culture where all of our employees feel respected, valued and have an opportunity to contribute to the company’s success. As a Software Engineer Sr. within PNC's Technology organization, you will be based in Pittsburgh, PA or Strongsville, OH. The p…",https://www.adzuna.com/details/5357702199?utm_medium=api&utm_source=a6e23083,N/A,15-1252,DevOps,[]
Application Development Director,Fragomen,"Pittsburgh, Allegheny County",197528.44,"Job Description About the Role: Fragomen , an Am Law 100 Firm and the leading global immigration services provider, is seeking an Application Development Director. The App Dev Director will lead teams of skilled software professionals through the development and deployment of next-generation digital solutions . The ideal person will have strong experience leading large team of developers in creating new software products, system upgrades and enhancements, client specific customizations, as well…",https://www.adzuna.com/details/5356060921?utm_medium=api&utm_source=a6e23083,N/A,15-1252,DevOps,[]
Sr. Business Systems Engineer - Corporate,Mid Atlantic Capital Group,"Pittsburgh, Allegheny County",147742.88,"Job Summary: The Sr Business Systems Engineer – Corporate will be a key member of the Corporate Shared Technology Data Engineering team. This individual will serve as a strategic partner and technical expert, responsible for the design, development, enhancement, integration, maintenance and support of core business and financial systems- primarily focusing on Microsoft Dynamics 365 Finance & Operations (F&O), Paychex, ETL pipelines, API integrations and Power BI reporting. This role involves cl…",https://www.adzuna.com/land/ad/5347253650?se=DMrpD5Wj8BGAcMP3pFPFgg&utm_medium=api&utm_source=a6e23083&v=314C7FF2D3D6824D829D6AB04AB979F66BA9F367,N/A,15-1252,DevOps,['power bi']
Project Manager Software,Mayvue,"Pittsburgh, Allegheny County",99692.59,"Mayvue is seeking a Project Manager – Software to oversee projects, ensuring seamless planning, execution, and delivery. The ideal candidate will have proven experience in project delivery end-to-end: scope, plan, execute, and launch SaaS features and implementations. You’ll partner with engineering, product, and client stakeholders to deliver on time and within budget. As a company, we are in a unique position. We have a “startup culture” but our team is comprised of experienced individuals wh…",https://www.adzuna.com/details/5346263460?utm_medium=api&utm_source=a6e23083,N/A,15-1252,DevOps,[]
Udeploy Infrastructure Engineer Sr,System One,"Pittsburgh, Allegheny County",101458.47,"We have below mentioned Udeploy infrastructure Engineer role, If interested please share your resume to ariz.khan@systemone.com. Key responsibilities: More than just using Udeploy for deployments, need to have installation, architecture, lead experience with UDeploy Trying to fill gap of former PNC employee who had 5 yrs of UDeploy exp at PNC and was integral for installation and upgrading UDeploy Experience with Kubernetes and / or Openshift and Helm deploying application services Experience w…",https://www.adzuna.com/details/5342950813?utm_medium=api&utm_source=a6e23083,N/A,15-1252,DevOps,['kubernetes']
"Vice President, Production Services Application Support (ITIL, Java, Windows, Cloud)",BNY Mellon,"Millvale, Allegheny County",137628.8,"Description Vice President, Production Services Application Support At BNY, our culture allows us to run our company better and enables employees’ growth and success. As a leading global financial services company at the heart of the global financial system, we influence nearly 20% of the world’s investible assets. Every day, our teams harness cutting-edge AI and breakthrough technologies to collaborate with clients, driving transformative solutions that redefine industries and uplift communiti…",https://www.adzuna.com/details/5338783527?utm_medium=api&utm_source=a6e23083,N/A,15-1252,DevOps,[]
Software Engineer Principal (Informatica/ETL/SSIS/UNIX),PNC Bank,"Pittsburgh, Allegheny County",96994.95,"Position Overview At PNC, our people are our greatest differentiator and competitive advantage in the markets we serve. We are all united in delivering the best experience for our customers. We work together each day to foster an inclusive workplace culture where all of our employees feel respected, valued and have an opportunity to contribute to the company’s success. As a Software Engineer Principal within PNC’s Lending Technology organization. You will be based either in Pittsburgh, PA or Da…",https://www.adzuna.com/details/5336594551?utm_medium=api&utm_source=a6e23083,N/A,15-1252,DevOps,[]
Senior Site Reliability Engineer,Duolingo,"Pittsburgh, Allegheny County",155296.52,"Our mission at Duolingo is to develop the best education in the world and make it universally available. It’s a big mission, and that’s where you come in! At Duolingo, you’ll join a team that cares about finding innovative solutions to complex technical problems , running countless experiments (300 at a time!) with our massive user base to make data-driven decisions, and educating our users and employees alike. You’ll have limitless learning opportunities, mentorship and collaboration with worl…",https://www.adzuna.com/details/5336244013?utm_medium=api&utm_source=a6e23083,N/A,15-1252,DevOps,[]
Data Engineer,Qode,"Pittsburgh, Allegheny County",116001.0,"Job Summary: We are seeking a skilled and motivated Data Engineer with strong expertise in PySpark, SQL to join our Data Engineering team. You will be responsible for designing, building, and maintaining scalable data pipelines and processing systems that support our business intelligence, analytics, and machine learning initiatives. Key Responsibilities: Develop and maintain scalable, robust data pipelines using Scala and big data technologies. Work with large datasets from multiple sources to…",https://www.adzuna.com/details/5333272446?utm_medium=api&utm_source=a6e23083,N/A,15-1252,DevOps,"['big data', 'machine learning', 'scala', 'sql']"
Senior Full Stack Engineer,Rimsys,"Pittsburgh, Allegheny County",145000.0,"About the role We are seeking an experienced Senior Full Stack Engineer with a minimum of 5 years of experience building modern web applications, ideally utilizing Laravel and a front-end framework such as Vue.js or React. What you'll do As a Senior Full Stack Engineer, you’ll work closely with a cross-functional product team to build secure, performant, and intuitive features across the Rimsys platform. This role is ideal for self-starters who thrive in fast-paced environments and want to make…",https://www.adzuna.com/details/5330362023?utm_medium=api&utm_source=a6e23083,N/A,15-1252,DevOps,"['react', 'vue.js']"
"Senior Associate, Production Services Application Support Analyst",BNY Mellon,"Pittsburgh, Allegheny County",81597.91,"Description At BNY, our culture allows us to run our company better and enables employees’ growth and success. As a leading global financial services company at the heart of the global financial system, we influence nearly 20% of the world’s investible assets. Every day, our teams harness cutting-edge AI and breakthrough technologies to collaborate with clients, driving transformative solutions that redefine industries and uplift communities worldwide. Recognized as a top destination for innova…",https://www.adzuna.com/details/5327523075?utm_medium=api&utm_source=a6e23083,N/A,15-1252,DevOps,[]
AI Infrastructure Support Engineer,BNY Mellon,"Pittsburgh, Allegheny County",103002.95,"Description AI Infrastructure Support Engineer At BNY, our culture allows us to run our company better and enables employees’ growth and success. As a leading global financial services company at the heart of the global financial system, we influence nearly 20% of the world’s investible assets. Every day, our teams harness cutting-edge AI and breakthrough technologies to collaborate with clients, driving transformative solutions that redefine industries and uplift communities worldwide. Recogni…",https://www.adzuna.com/details/5327514751?utm_medium=api&utm_source=a6e23083,N/A,15-1252,DevOps,[]
Senior Devops Engineer,Maven Machines,"Bloomfield, Allegheny County",107668.16,"Senior DevOps Engineer Maven is on a mission to automate trucking operations and transform how the world moves freight. Since 2014, Maven has empowered many of the nation’s top trucking and transportation fleets with critical operations software that keeps the economy moving. We operate at the intersection of operations software, real-time telematics, optimization research, and machine learning/AI, building technology that’s reshaping a massive industry. As one of the fastest-growing tech start…",https://www.adzuna.com/details/5301347596?utm_medium=api&utm_source=a6e23083,N/A,15-1252,DevOps,"['devops', 'machine learning']"
Senior Devops Engineer,Maven Machines,"Pittsburgh, Allegheny County",113873.91,"Senior DevOps Engineer Maven is on a mission to automate trucking operations and transform how the world moves freight. Since 2014, Maven has empowered many of the nation’s top trucking and transportation fleets with critical operations software that keeps the economy moving. We operate at the intersection of operations software, real-time telematics, optimization research, and machine learning/AI, building technology that’s reshaping a massive industry. As one of the fastest-growing tech start…",https://www.adzuna.com/details/5296068205?utm_medium=api&utm_source=a6e23083,N/A,15-1252,DevOps,"['devops', 'machine learning']"
Software Engineer Principal,PNC Bank,"Pittsburgh, Allegheny County",126100.0,"Position Overview At PNC, our people are our greatest differentiator and competitive advantage in the markets we serve. We are all united in delivering the best experience for our customers. We work together each day to foster an inclusive workplace culture where all of our employees feel respected, valued and have an opportunity to contribute to the company’s success. As a Software Engineer Principal within PNC's Technology organization, you will be based in Pittsburgh, PA or Cleveland, OH. Th…",https://www.adzuna.com/details/5294757464?utm_medium=api&utm_source=a6e23083,N/A,15-1252,DevOps,[]
Advanced Software Engineer,General Dynamics Mission Systems,"Carson, Allegheny County",115135.16,"Education Requirements: Requires a Bachelor’s degree in Software Engineering, or a related Science, Engineering or Mathematics field. Also requires 5 years of job-related experience, or a Master's degree plus 3 years of job-related experience. Agile experience preferred. Clearance Requirements: Ability to obtain a Department of Defense Secret security clearance is required at time of hire. Applicants selected will be subject to a U.S. Government security investigation and must meet eligibility …",https://www.adzuna.com/details/5280229776?utm_medium=api&utm_source=a6e23083,N/A,15-1252,DevOps,['agile']
Director of AI Client Service & Enablement,BNY Mellon,"Millvale, Allegheny County",123712.27,"Description Director of AI Client Service & Enablement At BNY, our culture allows us to run our company better and enables employees’ growth and success. As a leading global financial services company at the heart of the global financial system, we influence nearly 20% of the world’s investible assets. Every day, our teams harness cutting-edge AI and breakthrough technologies to collaborate with clients, driving transformative solutions that redefine industries and uplift communities worldwide.…",https://www.adzuna.com/details/5279053247?utm_medium=api&utm_source=a6e23083,N/A,15-1252,DevOps,[]
"Senior Vice President, Full-Stack Engineer",BNY Mellon,"Pittsburgh, Allegheny County",138963.5,"Description Senior Vice President, Full-Stack Engineer At BNY, our culture empowers you to grow and succeed. As a leading global financial services company at the center of the world’s financial system we touch nearly 20% of the world’s investible assets. Every day around the globe, our 50,000 employees bring the power of their perspective to the table to create solutions with our clients that benefit businesses, communities and people everywhere. We continue to be a leader in the industry, awa…",https://www.adzuna.com/details/5274457947?utm_medium=api&utm_source=a6e23083,N/A,15-1252,DevOps,[]
Data Quality Assurance Engineer,Pantherx Specialty Llc,"Brookline, Allegheny County",100048.91,"7,000 Diseases - 500 Treatments - 1 Rare Pharmacy PANTHERx is the nation’s largest rare disease pharmacy, and we put the patient experience at the top of everything that we do. If you are looking for a career in the healthcare field that embraces authentic dedication to patient care, you don’t need to look beyond PANTHERx. In every line of service, in every position and area of expertise, PANTHERx associates are driven to provide the highest quality outcomes for our patients. We are seeking tea…",https://www.adzuna.com/details/5254627522?utm_medium=api&utm_source=a6e23083,N/A,15-1252,DevOps,[]
Lead Software Engineer,Govini,"Pittsburgh, Allegheny County",118941.16,"Company Description Govini transforms Defense Acquisition from an outdated manual process to a software-driven strategic advantage for the United States. Our flagship product, Ark, supports Supply Chain, Science and Technology, Production, Sustainment, Logistics, and Modernization teams with AI-enabled Applications and best-in-class data to more rapidly imagine, develop, and field the capabilities we need. Today, the national security community and every branch of the military rely on Govini to…",https://www.adzuna.com/details/5250380198?utm_medium=api&utm_source=a6e23083,N/A,15-1252,DevOps,[]
Javascript Engineer,In Use,"Pittsburgh, Allegheny County",47126.31,"At Awesome Gym Inc., we’re building a continuous monitoring platform specifically targeted at the challenges of cloud security for elastic infrastructure. Our platform gives our customers deep visibility into their systems’ behaviors and helps to identify potentially anomalous actions of users and processes. Our web application is built in React and Node.js, with a powerful back-end leveraging several high-scale platforms. We’re looking to expand to additional technologies and toolkits as our d…",https://www.adzuna.com/details/5222548682?utm_medium=api&utm_source=a6e23083,N/A,15-1252,DevOps,"['react', 'node.js']"
Product Support Specialist,Opus 2,"Pittsburgh, Allegheny County",62500.0,"As a Product Support Specialist, you’ll serve as a key escalation point for both technical and product-related client queries, delivering second-line support across phone, email, and internal portals. You'll troubleshoot complex software issues, collaborate closely with engineering, QA, and DevOps teams, and contribute directly to testing and validating new product releases to ensure quality and performance. In this client-facing role, you'll also consult on workflow improvements, assist with a…",https://www.adzuna.com/details/5196474079?utm_medium=api&utm_source=a6e23083,N/A,15-1252,DevOps,['devops']
Sr. Middleware Engineer - Kafka (Hybrid),Broadridge,"Bloomfield, Allegheny County",189395.78,"At Broadridge, we've built a culture where the highest goal is to empower others to accomplish more. If you're passionate about developing your career, while helping others along the way, come join the Broadridge team. Broadridge is hiring! Are you ready to drive innovation at the core of real-time data streaming? Join our dynamic team as a Sr. Middleware Engineer, where your expertise in Kafka will unleash the potential of robust, scalable, and future-proof event-driven architectures. As a key…",https://www.adzuna.com/details/5189265315?utm_medium=api&utm_source=a6e23083,N/A,15-1252,DevOps,[]
DevSecOps Engineer,Millennium Corporation,"West Mifflin, Allegheny County",129044.05,"For two decades, Millennium Corporation has been operating on the leading edge of cybersecurity. Our elite team of more than 400 experts has an unparalleled record of performance supporting Red Team Operations, Defensive Cyber Operations, Software Engineering, and Technical Engineering. With the largest contingent of contracted Red Team operators in the DoD, we provide an unmatched level of threat intelligence and battle-tested experience for customers in both the DoD and federal civilian marke…",https://www.adzuna.com/details/5159325305?utm_medium=api&utm_source=a6e23083,N/A,15-1252,DevOps,[]
Software Development Engineer in Test - SDET,Govini,"Pittsburgh, Allegheny County",85570.16,"Company Description Govini transforms Defense Acquisition from an outdated manual process to a software-driven strategic advantage for the United States. Our flagship product, Ark, supports Supply Chain, Science and Technology, Production, Sustainment, Logistics, and Modernization teams with AI-enabled Applications and best-in-class data to more rapidly imagine, develop, and field the capabilities we need. Today, the national security community and every branch of the military rely on Govini to…",https://www.adzuna.com/details/5092328380?utm_medium=api&utm_source=a6e23083,N/A,15-1252,DevOps,[]
"Vice President, Full-Stack Engineer II (Angular & Java)",BNY Mellon,"Pittsburgh, Allegheny County",163036.44,"Description Vice President, Full-Stack Engineer (Angular & Java) At BNY, our culture allows us to run our company better and enables employees’ growth and success. As a leading global financial services company at the heart of the global financial system, we influence nearly 20% of the world’s investible assets. Every day, our teams harness cutting-edge AI and breakthrough technologies to collaborate with clients, driving transformative solutions that redefine industries and uplift communities …",https://www.adzuna.com/details/5069975585?utm_medium=api&utm_source=a6e23083,N/A,15-1252,DevOps,"['angular', 'java']"
Cloud DevOps and Platform Engineer,General Dynamics Mission Systems,"Carson, Allegheny County",114623.74,"Education Requirements: Requires a Bachelor’s degree in Software Engineering, or a related Science, Engineering or Mathematics field. Also requires 2 years of job-related experience or a Master's degree. Agile experience preferred. Clearance Requirements: Ability to obtain a Department of Defense TS/SCI security clearance required within a reasonable time from the point of hire. Applicants selected will be subject to a U.S. Government security investigation and must meet eligibility requirement…",https://www.adzuna.com/details/5066973051?utm_medium=api&utm_source=a6e23083,N/A,15-1252,DevOps,['agile']
.NET Software Engineer,In Use,"Pittsburgh, Allegheny County",68438.05,About Us: Awesome Gym Inc. leverages over 15 years of experience in excellence to empower our Clients and Candidates. We navigate through the ever-evolving world that is Information Technology expertly and comprehensively by creating Innovative Talent Acquisition Solutions. We offer full-service solutions that enable our clients to catapult their growth and maximize their organization's potential. Job Summary: Design and implement AWS production and staging VPCs Manage runtime AMIs built on Ubu…,https://www.adzuna.com/details/5015695264?utm_medium=api&utm_source=a6e23083,N/A,15-1252,DevOps,['aws']
Machine Learning Engineer,Adidev Technologies,"Pittsburgh, Allegheny County",112959.08,"Role: Machine Learning Engineer (This role is open to US Citizens, Green Card holders, GC-EAD only. We do not sponsor visas.) Summary: Adidev is looking for an adept Machine Learning Engineer to take the helm in deploying advanced machine learning models, with a special emphasis on Generative AI. In this role, you will craft and refine AI-driven solutions, turning innovative ideas into value-adding features and services, thereby solidifying our market leadership and technological forefront for …",https://www.adzuna.com/details/4814441677?utm_medium=api&utm_source=a6e23083,N/A,15-1252,DevOps,['machine learning']
