title,company,location,category,avg_salary,description,redirect_url,experience_level,soc_code
Sr. Architect - Data & Digital Transformation,Qode,"Pittsburgh, Allegheny County",IT Jobs,174126.0,"Job Description Job Description Sr. Architect – Data & Digital Transformation Location: US (Location Agnostic); Pittsburg or Cleveland would be ideal Leadership Band/ Level: Sr. Director Work mode: Remote; travel to Pittsburg, Cleveland, Dallas About the Role As a Senior Architect specializing in data and digital transformation, you will lead the architectural vision and execution for complex, large-scale initiatives that leverage cutting-edge cloud technologies and data-driven ecosystems. You …",https://www.adzuna.com/details/5433014676?utm_medium=api&utm_source=a6e23083,N/A,15-2050
Mechanical Process Engineer,Amphenol TCS,"Yocumtown, York County",Engineering Jobs,83032.57,"Job Description Job Description Position: Process Engineer Location: Valley Green, PA Amphenol High Speed Products Group is the market leader for high speed, high bandwidth electrical connectors for the Telecom/Datacom market (Mobile Networks, Storage, Servers, Routers, Switches, etc.). Our products help to enable the electronics revolution and remain a key enabler for all the major Tier 1 OEMs globally. Our global headquarters are located in Nashua, NH and we have design, sales and manufacturi…",https://www.adzuna.com/details/5433007714?utm_medium=api&utm_source=a6e23083,N/A,15-2050
Customer Support Specialist - US,Polar Analytics,"Philadelphia, Philadelphia County",IT Jobs,107171.1,"Job Description Job Description Polar Analytics: The All-in-One Data Platform for Consumer Brands ️‍❄️ Polar Analytics simplifies data so brands can make smarter, faster decisions without the complexity of traditional tools. Powerful yet user-friendly, it gives DTC brands the insights they need to scale profitably.  Our mission? To help indie DTC brands compete and grow—faster and more profitably. What Makes Polar Analytics Unique?   4,000 Brands and Growing We’ve scaled to 4,000 active merchan…",https://www.adzuna.com/details/5433007344?utm_medium=api&utm_source=a6e23083,N/A,15-2050
Professional Civil Engineer,Sheffler & Company Inc,"Sewickley, Allegheny County",Engineering Jobs,54109.94,"Job Description Job Description Firm Description: Sheffler & Company, Inc. (Sheffler/SCI) is a growing Civil Engineering & Surveying Consulting firm with offices in Pennsylvania and Ohio. The Sheffler headquarters is located 12 miles north of the City of Pittsburgh. Gary A. Sheffler, Sr., PLS founded our company in 1970 and is still active in the company today. Garys son, Gary A. Sheffler, Jr., PE/PLS, is the Principal in Charge of Engineering & Surveying Services while his wife, Cristina Sheff…",https://www.adzuna.com/details/5433005429?utm_medium=api&utm_source=a6e23083,N/A,15-2050
Data Engineer,Qode,"Pittsburgh, Allegheny County",IT Jobs,83298.43,"Job Description Job Description 6 Years experience working in Data Engineer. Hands on Experience in Hadoop Stack of Technologies ( Hadoop ,Spark, HBase, Hive , Pig , Sqoop, Scala ,Flume, HDFS , Map Reduce). Hands on experience with Python & Kafka . Good understanding of Database concepts , Data Design , Data Modeling and ETL. Hands on in analyzing, designing, and coding ETL programs which involves Data pre-processing , Data Extraction , Data Ingestion , Data Quality ,Data Normalization & Data L…",https://www.adzuna.com/details/5433003550?utm_medium=api&utm_source=a6e23083,N/A,15-2050
Data Platform AI Enablement Engineer,"Classic Vacations, LLC","Harrisburg, Dauphin County",Engineering Jobs,83171.02,"Job Description Job Description Role Overview Classic Vacations is transforming its digital backbone to deliver world-class, AI-powered experiences for both internal stakeholders and external customers. This pivotal role is responsible for stabilizing critical data flows, leading the modernization of our data architecture, and enabling scalable, intelligent systems that power our next generation of products and insights. The Data Platform & AI Enablement Engineer is not just a builder of pipeli…",https://www.adzuna.com/details/5432997524?utm_medium=api&utm_source=a6e23083,N/A,15-2050
Engineering Summer Intern,Flowserve Corporation,"Bethlehem, Northampton County",Engineering Jobs,59390.07,"Role Summary: The Engineering Intern will support engineering projects and daily operations by assisting with technical design, analysis, testing, and documentation. This role offers hands-on experience in a professional engineering environment and the opportunity to work alongside experienced engineers on real-world challenges. Internship will begin at the end of May and complete at the end of August. Hourly Rate Is $25hr Responsibilities Include: Assist in CAD modeling, design modifications, …",https://www.adzuna.com/details/5432893837?utm_medium=api&utm_source=a6e23083,N/A,15-2050
"Testing Data Engineer, Remote EST",Open Systems Technologies,"Philadelphia, Philadelphia County",IT Jobs,78334.13,"Testing Data Engineer Fully Remote, Core hours 9am - 5pm EST Skill set includes: Expertise on Mainframe Systems Test Management Data Analytics Mainframe Database and Data Structure Skilled in Debugging Agile (Scrum / Kanban) JIRA",https://www.adzuna.com/land/ad/5432884589?se=AtB0shei8BG2ZqCc3kJSJw&utm_medium=api&utm_source=a6e23083&v=C3D7CED92CDF2CDD4AC04BE921504397E0AB006D,N/A,15-2050
Lead Analytics Engineer,GE Aerospace,"West Chester, Chester County",Engineering Jobs,111851.2,"Job Description Summary The Sr Analytics Engineer will be responsible for delivering new, commercially re-usable analytics solutions (Analytic Blueprint Packages) to drive growth in asset, application and industry coverage supportable product support teams (Software As A Service model). You will leverage standard suite of platform and core module analytics & algorithms, software application capabilities, strong engineering & analytics backgrounds. Job Description Roles and Responsibilities Resp…",https://www.adzuna.com/details/5432837074?utm_medium=api&utm_source=a6e23083,N/A,15-2050
ETL Automation Engineer,Stefanini Group,"William Penn Annex East, Philadelphia County",IT Jobs,121168.91,"Job Description Stefanini Group is hiring! Stefanini is looking for a ETL Automation Engineer in Philadelphia, PA (Onsite role). For quick Apply, please reach out to Ravi Singh: 248 213 3610/ Ravi.singh@stefanini.com Full-Time Direct Hire Position! The senior level Data Engineer Quality Automation position designs or modifies testing/data validation/quality assurance for automated applications and procedures for solutions to high to highly complex business problems. Also has full operational kn…",https://www.adzuna.com/land/ad/5432834362?se=AtB0shei8BG2ZqCc3kJSJw&utm_medium=api&utm_source=a6e23083&v=F4E4332B8F87E85663ADC3CA56D2A02381E41056,N/A,15-2050
Automation Infrastructure Lead,GSK,"King of Prussia, Montgomery County",Engineering Jobs,227065.86,"Business Introduction: We manufacture and supply reliable, high-quality medicines and vaccines to meet patients’ needs and drive our performance. Our network of 37 medicines and vaccines manufacturing sites delivered 1.7 billion packs of medicines and 409 million vaccine doses in 2024 to help make a positive impact on the health of millions of people. Our supply chain is not just core to our operations; it’s vital to bringing our innovations to patients as quickly, efficiently and effectively a…",https://www.adzuna.com/details/5432816207?utm_medium=api&utm_source=a6e23083,N/A,15-2050
"Vice President, Mainframe Engineer",BNY Mellon,"Pittsburgh, Allegheny County",IT Jobs,170346.11,"Description Vice President, Mainframe Engineer At BNY, our culture allows us to run our company better and enables employees’ growth and success. As a leading global financial services company at the heart of the global financial system, we influence nearly 20% of the world’s investible assets. Every day, our teams harness cutting-edge AI and breakthrough technologies to collaborate with clients, driving transformative solutions that redefine industries and uplift communities worldwide. Recogni…",https://www.adzuna.com/details/5432808851?utm_medium=api&utm_source=a6e23083,N/A,15-2050
Comcast AI and Data Analytics Intern,Comcast,"Philadelphia, Philadelphia County",IT Jobs,71687.1,"Comcast brings together the best in media and technology. We drive innovation to create the world's best entertainment and online experiences. As a Fortune 50 leader, we set the pace in a variety of innovative and fascinating businesses and create career opportunities across a wide range of locations and disciplines. We are at the forefront of change and move at an amazing pace, thanks to our remarkable people, who bring cutting-edge products and services to life for millions of customers every…",https://www.adzuna.com/details/5432787907?utm_medium=api&utm_source=a6e23083,N/A,15-2050
Fire Safety Senior Engineer,GE Aerospace,"Evendale, Juniata County",Engineering Jobs,125908.77,"Job Description Summary Working at GE Aerospace means you are bringing your unique perspective, innovative spirit, drive, and curiosity to a collaborative and diverse team working to advance aerospace for future generations. If you have ideas, we will listen. Join us and see your ideas take flight! The Fire Safety Senior Engineer will support proactive Flight Safety programs, participate in field investigations, and perform safety assessments. This role requires interaction with a broad range o…",https://www.adzuna.com/details/5432638965?utm_medium=api&utm_source=a6e23083,N/A,15-2050
"Director, Data Warehousing & Governance",Innovien Solutions,"Philadelphia, Philadelphia County",IT Jobs,91126.84,"Job Description The Director, Data Warehousing & Governance is responsible for leading the organization’s enterprise data strategy, architecture, and governance. This role oversees the modernization of the data ecosystem with a strong focus on Microsoft Azure, Microsoft Fabric, and compliance with standards. The Director ensures secure, scalable, and interoperable data environments that support clinical, research, and operational excellence. REQUIREMENTS Over 10 years of progressive leadership …",https://www.adzuna.com/details/5432634768?utm_medium=api&utm_source=a6e23083,N/A,15-2050
Plant Engineer,Cardinal Glass Industries,"Mountain Top, Luzerne County",Engineering Jobs,79273.09,"Key Responsibilities: • Ensure compliance with all federal, state and company safety policies and procedures. • Confer with management, customers and production to discuss project specifications and procedures. • Suggest and work to implement policies, standards and procedures for Maintenance and Engineering work performed throughout the plant. • Research, design, evaluate, install, operate, and maintain, equipment, systems and processes to meet requirements, applying knowledge of engineering p…",https://www.adzuna.com/details/5432603644?utm_medium=api&utm_source=a6e23083,N/A,15-2050
Senior Data Engineer,Lever Demo - IS Opportunities,"California, Washington County",HR & Recruitment Jobs,78757.28,"________This is an example!________ PLEASE READ: these jobs are testing jobs of Lever's testing environment - please do not apply for this job. Lever was founded ten years ago to tackle the most strategic challenge that companies face: how to recruit and hire top talent. Were building the next generation of hiring software that companies like Netflix, Yelp, Cirque du Soleil, Shopify, and Spotify rely on to grow their teams. We've rethought the talent acquisition paradigm and are the innovation …",https://www.adzuna.com/details/5432513150?utm_medium=api&utm_source=a6e23083,N/A,15-2050
CommVault Systems Engineer,CGS,"Middle East, Philadelphia County",IT Jobs,125646.79,"CommVault Systems Engineer (Data Protection / Backup) Employment Type: Full-Time, Experienced Department: Technology Support CGS is seeking an experienced CommVault Data Protection Engineer with extensive knowledge and experience in designing, developing, configuring, implementing, testing, troubleshooting, deploying, and supporting backup and recovery technical solutions for a large-scale federal government enterprise’s environment. CGS brings motivated, highly skilled, and creative people tog…",https://www.adzuna.com/details/5432512729?utm_medium=api&utm_source=a6e23083,N/A,15-2050
"Lead, Data Engineer",Capital One,"Fayfield, York County",IT Jobs,136379.2,"Lead, Data Engineer Do you love building and pioneering in the technology space? Do you enjoy solving complex business problems in a fast-paced, collaborative, inclusive, and iterative delivery environment? At Capital One, you'll be part of a big group of makers, breakers, doers and disruptors, who solve real problems and meet real customer needs. We are seeking Data Engineers who are passionate about marrying data with emerging technologies. As a Capital One Lead Data Engineer, you’ll have the…",https://www.adzuna.com/land/ad/5432498615?se=AtB0shei8BG2ZqCc3kJSJw&utm_medium=api&utm_source=a6e23083&v=F3F6408B3713B0E943654F7B27517D74C5E2D5C2,N/A,15-2050
Senior Data Engineer,Capital One,"Fayfield, York County",IT Jobs,126955.84,"Senior Data Engineer Do you love building and pioneering in the technology space? Do you enjoy solving complex business problems in a fast-paced, collaborative, inclusive, and iterative delivery environment? At Capital One, you'll be part of a big group of makers, breakers, doers and disruptors, who solve real problems and meet real customer needs. We are seeking Data Engineers who are passionate about marrying data with emerging technologies. As a Capital One Data Engineer, you’ll have the opp…",https://www.adzuna.com/land/ad/5432498484?se=AtB0shei8BG2ZqCc3kJSJw&utm_medium=api&utm_source=a6e23083&v=669A87598C5FF231A0A86596466A6ADA8195B417,N/A,15-2050
Applied Researcher II,Capital One,"Fayfield, York County",IT Jobs,152585.03,"Applied Researcher II Overview: At Capital One, we are creating trustworthy and reliable AI systems, changing banking for good. For years, Capital One has been leading the industry in using machine learning to create real-time, intelligent, automated customer experiences. From informing customers about unusual charges to answering their questions in real time, our applications of AI & ML are bringing humanity and simplicity to banking. We are committed to building world-class applied science an…",https://www.adzuna.com/land/ad/5432497897?se=AtB0shei8BG2ZqCc3kJSJw&utm_medium=api&utm_source=a6e23083&v=54DA2223B52009DB54C5B8D51D0E0BF4BAF4651D,N/A,15-2050
Senior Lead Machine Learning Engineer,Capital One,"Fayfield, York County",IT Jobs,137734.89,"Senior Lead Machine Learning Engineer As a Capital One Machine Learning Engineer (MLE), you'll be part of an Agile team dedicated to productionizing machine learning applications and systems at scale. You’ll participate in the detailed technical design, development, and implementation of machine learning applications using existing and emerging technology platforms. You’ll focus on machine learning architectural design, develop and review model and application code, and ensure high availability…",https://www.adzuna.com/land/ad/5432497820?se=AtB0shei8BG2ZqCc3kJSJw&utm_medium=api&utm_source=a6e23083&v=2840529030BC24D23698C349D718FA93CE09BF47,N/A,15-2050
Lead Data Engineer,Capital One,"Fayfield, York County",IT Jobs,147725.12,"Lead Data Engineer Do you love building and pioneering in the technology space? Do you enjoy solving complex business problems in a fast-paced, collaborative, inclusive, and iterative delivery environment? At Capital One, you'll be part of a big group of makers, breakers, doers and disruptors, who solve real problems and meet real customer needs. We are seeking Data Engineers who are passionate about marrying data with emerging technologies. As a Capital One Lead Data Engineer, you’ll have the …",https://www.adzuna.com/land/ad/5432497866?se=AtB0shei8BG2ZqCc3kJSJw&utm_medium=api&utm_source=a6e23083&v=399BC97F0E1EA3AEBE52CF32B41602C10E1423F0,N/A,15-2050
Distinguished Data Engineer - Capital One Software (Remote),Capital One,"Feasterville, Bucks County",IT Jobs,258774.11,"Distinguished Data Engineer - Capital One Software (Remote) Ever since our first credit card customer in 1994, Capital One has recognized that technology and data can enable even large companies to be innovative and personalized. As one of the first large enterprises to go all-in on the public cloud, Capital One needed to build cloud and data management tools that didn’t exist in the marketplace to enable us to operate at scale in the cloud. And in 2022, we publicly announced Capital One Softwa…",https://www.adzuna.com/land/ad/5432497749?se=AtB0shei8BG2ZqCc3kJSJw&utm_medium=api&utm_source=a6e23083&v=E5BC2D3E1EA221E0F4CEE02F0685A05373538795,N/A,15-2050
"Lead Data Engineer (Python, SQL, AWS)",Capital One,"Fayfield, York County",IT Jobs,142499.12,"Lead Data Engineer (Python, SQL, AWS) Do you love building and pioneering in the technology space? Do you enjoy solving complex business problems in a fast-paced, collaborative, inclusive, and iterative delivery environment? At Capital One, you'll be part of a big group of makers, breakers, doers and disruptors, who solve real problems and meet real customer needs. We are seeking Data Engineers who are passionate about marrying data with emerging technologies. As a Capital One Data Engineer, yo…",https://www.adzuna.com/land/ad/5432497878?se=AtB0shei8BG2ZqCc3kJSJw&utm_medium=api&utm_source=a6e23083&v=50B329E950FC15A32C10A23A18A38458F5647043,N/A,15-2050
Senior Data Engineer,Capital One,"Fayfield, York County",IT Jobs,135068.92,"Senior Data Engineer Do you love building and pioneering in the technology space? Do you enjoy solving complex business problems in a fast-paced, collaborative, inclusive, and iterative delivery environment? At Capital One, you'll be part of a big group of makers, breakers, doers and disruptors, who solve real problems and meet real customer needs. We are seeking Data Engineers who are passionate about marrying data with emerging technologies. As a Capital One Data Engineer, you’ll have the opp…",https://www.adzuna.com/land/ad/5432497875?se=AtB0shei8BG2ZqCc3kJSJw&utm_medium=api&utm_source=a6e23083&v=45E57CAD83D309DA89319916F2979E6C9BD3C6C6,N/A,15-2050
Lead Data Engineer,Capital One,"Fayfield, York County",IT Jobs,157735.02,"Lead Data Engineer Do you love building and pioneering in the technology space? Do you enjoy solving complex business problems in a fast-paced, collaborative, inclusive, and iterative delivery environment? At Capital One, you'll be part of a big group of makers, breakers, doers and disruptors, who solve real problems and meet real customer needs. We are seeking Data Engineers who are passionate about marrying data with emerging technologies. As a Capital One Lead Data Engineer, you’ll have the …",https://www.adzuna.com/land/ad/5432497852?se=AtB0shei8BG2ZqCc3kJSJw&utm_medium=api&utm_source=a6e23083&v=68BEB0DD0E40BE9E2D8ACA73F1A080D177D93DED,N/A,15-2050
"Senior Data Engineer (Python, Spark, Databricks, AWS)",Capital One,"Fayfield, York County",IT Jobs,128054.84,"Senior Data Engineer (Python, Spark, Databricks, AWS) Do you love building and pioneering in the technology space? Do you enjoy solving complex business problems in a fast-paced, collaborative, inclusive, and iterative delivery environment? At Capital One, you'll be part of a big group of makers, breakers, doers and disruptors, who solve real problems and meet real customer needs. We are seeking Data Engineers who are passionate about marrying data with emerging technologies. As a Capital One D…",https://www.adzuna.com/land/ad/5432497728?se=AtB0shei8BG2ZqCc3kJSJw&utm_medium=api&utm_source=a6e23083&v=A651BBEAF809F018EBA028EF86CC0BD32642260F,N/A,15-2050
"Senior Manager, Data Engineering (AWS, Gen AI, Innovation Management)",Capital One,"Fayfield, York County",IT Jobs,148891.56,"Senior Manager, Data Engineering (AWS, Gen AI, Innovation Management) Capital One's People Technology Innovation Lab is hiring a new Manager to lead our dynamic team. This is a chance to shape the future of how we work by fostering a culture of creativity and using cutting-edge tech to solve real-world problems. We're looking for a passionate leader who can inspire and guide our team in developing groundbreaking solutions that will transform the employee experience at Capital One. You'll be at …",https://www.adzuna.com/land/ad/5432497702?se=AtB0shei8BG2ZqCc3kJSJw&utm_medium=api&utm_source=a6e23083&v=32AA236F210070413D355D9200006503A085BC74,N/A,15-2050
Lead Data Engineer (Python/Spark/AWS),Capital One,"Fayfield, York County",IT Jobs,125470.53,"Lead Data Engineer (Python/Spark/AWS) Do you love building and pioneering in the technology space? Do you enjoy solving complex business problems in a fast-paced, collaborative, inclusive, and iterative delivery environment? At Capital One, you'll be part of a big group of makers, breakers, doers and disruptors, who solve real problems and meet real customer needs. We are seeking Data Engineers who are passionate about marrying data with emerging technologies. As a Capital One Lead Data Enginee…",https://www.adzuna.com/land/ad/5432497572?se=AtB0shei8BG2ZqCc3kJSJw&utm_medium=api&utm_source=a6e23083&v=A07CCD056403686FDD62D4D6A9A2476A07F14B06,N/A,15-2050
Senior Machine Learning Engineer,Capital One,"Fayfield, York County",IT Jobs,131631.25,"Senior Machine Learning Engineer As a Capital One Machine Learning Engineer (MLE), you'll be part of an Agile team dedicated to productionizing machine learning applications and systems at scale. You’ll participate in the detailed technical design, development, and implementation of machine learning applications using existing and emerging technology platforms. You’ll focus on machine learning architectural design, develop and review model and application code, and ensure high availability and …",https://www.adzuna.com/land/ad/5432497381?se=AtB0shei8BG2ZqCc3kJSJw&utm_medium=api&utm_source=a6e23083&v=4BC540E3E7246AFF7A49E5261178189626375E8A,N/A,15-2050
Senior Data Engineer,Capital One,"Fayfield, York County",IT Jobs,131173.61,"Senior Data Engineer Do you love building and pioneering in the technology space? Do you enjoy solving complex business problems in a fast-paced, collaborative, inclusive, and iterative delivery environment? At Capital One, you'll be part of a big group of makers, breakers, doers and disruptors, who solve real problems and meet real customer needs. We are seeking Data Engineers who are passionate about marrying data with emerging technologies. As a Capital One Data Engineer, you’ll have the opp…",https://www.adzuna.com/land/ad/5432497398?se=AtB0shei8BG2ZqCc3kJSJw&utm_medium=api&utm_source=a6e23083&v=06FFAA6BF024D2902879AB822961A54B4FFB940A,N/A,15-2050
Senior Data Engineer,Capital One,"Fayfield, York County",IT Jobs,124278.45,"Senior Data Engineer Do you love building and pioneering in the technology space? Do you enjoy solving complex business problems in a fast-paced, collaborative, inclusive, and iterative delivery environment? At Capital One, you'll be part of a big group of makers, breakers, doers and disruptors, who solve real problems and meet real customer needs. We are seeking Data Engineers who are passionate about marrying data with emerging technologies. As a Capital One Data Engineer, you’ll have the opp…",https://www.adzuna.com/land/ad/5432497343?se=AtB0shei8BG2ZqCc3kJSJw&utm_medium=api&utm_source=a6e23083&v=BDF807ED65D0DE047D37C9AD6E537C5C4AAD2149,N/A,15-2050
Senior Data Engineer ( Enterprise Platforms Technology),Capital One,"Fayfield, York County",IT Jobs,132121.75,"Senior Data Engineer ( Enterprise Platforms Technology) Do you love building and pioneering in the technology space? Do you enjoy solving complex business problems in a fast-paced, collaborative, inclusive, and iterative delivery environment? At Capital One, you'll be part of a big group of makers, breakers, doers and disruptors, who solve real problems and meet real customer needs. We are seeking Data Engineers who are passionate about marrying data with emerging technologies. As a Capital One…",https://www.adzuna.com/land/ad/5432497290?se=AtB0shei8BG2ZqCc3kJSJw&utm_medium=api&utm_source=a6e23083&v=D24649001155442443A0A1F6F53B554E242FC66C,N/A,15-2050
Distinguished Machine Learning Engineer - Capital One Software (Remote),Capital One,"Feasterville, Bucks County",IT Jobs,245463.6,"Distinguished Machine Learning Engineer - Capital One Software (Remote) Ever since our first credit card customer in 1994, Capital One has recognized that technology and data can enable even large companies to be innovative and personalized. As one of the first large enterprises to go all-in on the public cloud, Capital One needed to build cloud and data management tools that didn’t exist in the marketplace to enable us to operate at scale in the cloud. And in 2022, we publicly announced Capita…",https://www.adzuna.com/land/ad/5432497149?se=AtB0shei8BG2ZqCc3kJSJw&utm_medium=api&utm_source=a6e23083&v=36EA805DAF92D64645EEC3309119B7DEF9571FB1,N/A,15-2050
Director of Data Protection - Technology Risk Management,Capital One,"Fayfield, York County",IT Jobs,125377.23,"Director of Data Protection - Technology Risk Management Capital One is one of the fastest growing organizations in the world today. The growth of the business is being accelerated by leveraging innovative and emerging technologies. We are serious about technology, we dream big, and we execute: Capital One moved our entire enterprise to the public cloud over the course of five years, fully exiting our data centers. Just as we prioritize driving innovation through technology, we equally prioriti…",https://www.adzuna.com/land/ad/5432496806?se=AtB0shei8BG2ZqCc3kJSJw&utm_medium=api&utm_source=a6e23083&v=D1B56C979E7AB129F1AD1203FA31C07F508F47B6,N/A,15-2050
"Director, Technical Prorgam Manager (API Strategies)",Capital One,"Fayfield, York County",IT Jobs,216691.53,"Director, Technical Prorgam Manager (API Strategies) Are you interested in leading programs that deliver on critical business goals and build large scale products & platforms? About the Team: As a Director of Technical Program Management (TPM) on Capital One’s Enterprise Data team, you will execute on high priority enterprise level initiatives, influence across our organization and drive the implementation of Capital One’s future API strategies. Specifically, you will be partnering closely with…",https://www.adzuna.com/land/ad/5432496785?se=AtB0shei8BG2ZqCc3kJSJw&utm_medium=api&utm_source=a6e23083&v=8514A4638CB4369EFA1FE97C4808454CF02FC55B,N/A,15-2050
Senior Machine Learning Engineer,Capital One,"Fayfield, York County",IT Jobs,142492.47,"Senior Machine Learning Engineer As a Capital One Machine Learning Engineer (MLE), you'll be part of an Agile team dedicated to productionizing machine learning applications and systems at scale. You’ll participate in the detailed technical design, development, and implementation of machine learning applications using existing and emerging technology platforms. You’ll focus on machine learning architectural design, develop and review model and application code, and ensure high availability and …",https://www.adzuna.com/land/ad/5432496753?se=AtB0shei8BG2ZqCc3kJSJw&utm_medium=api&utm_source=a6e23083&v=8B1AF3026F98B24418DEE70D2558CBD26AF7CF3F,N/A,15-2050
Lead Data Engineer,Capital One,"Fayfield, York County",IT Jobs,122687.85,"Lead Data Engineer Do you love building and pioneering in the technology space? Do you enjoy solving complex business problems in a fast-paced, collaborative, inclusive, and iterative delivery environment? At Capital One, you'll be part of a big group of makers, breakers, doers and disruptors, who solve real problems and meet real customer needs. We are seeking Data Engineers who are passionate about marrying data with emerging technologies. As a Capital One Lead Data Engineer, you’ll have the …",https://www.adzuna.com/land/ad/5432496123?se=AtB0shei8BG2ZqCc3kJSJw&utm_medium=api&utm_source=a6e23083&v=025F9F544BCCCDA51836F07ED4D674924D66D0BE,N/A,15-2050
"Senior Manager, Risk Advisor, Technology and Data Risk Management",Capital One,"Fayfield, York County",IT Jobs,171944.64,"Senior Manager, Risk Advisor, Technology and Data Risk Management Capital One is one of the fastest growing organizations in the world today, powered by our passion for our customers. We are serious about technology, we dream big, and we execute: Capital One moved our entire enterprise to the public cloud over the course of five years. Just as we prioritize driving innovation through technology, we equally prioritize cybersecurity, reliability, software quality, and data management. Technology …",https://www.adzuna.com/land/ad/5432496086?se=AtB0shei8BG2ZqCc3kJSJw&utm_medium=api&utm_source=a6e23083&v=6E7763A8DC3D472D7B5B247761B0AF8C1F4E2681,N/A,15-2050
Lead Machine Learning Engineer,Capital One,"Fayfield, York County",IT Jobs,141201.81,"Lead Machine Learning Engineer As a Capital One Machine Learning Engineer (MLE), you'll be part of an Agile team dedicated to productionizing machine learning applications and systems at scale. You’ll participate in the detailed technical design, development, and implementation of machine learning applications using existing and emerging technology platforms. You’ll focus on machine learning architectural design, develop and review model and application code, and ensure high availability and pe…",https://www.adzuna.com/land/ad/5432495909?se=AtB0shei8BG2ZqCc3kJSJw&utm_medium=api&utm_source=a6e23083&v=5D4A3BAE4669C4BCC578AEAA8CB4B8D7728BEB6A,N/A,15-2050
"Senior Data Engineer (Python, AWS)",Capital One,"Fayfield, York County",IT Jobs,119667.52,"Senior Data Engineer (Python, AWS) Do you love building and pioneering in the technology space? Do you enjoy solving complex business problems in a fast-paced, collaborative, inclusive, and iterative delivery environment? At Capital One, you'll be part of a big group of makers, breakers, doers and disruptors, who solve real problems and meet real customer needs. We are seeking Data Engineers who are passionate about marrying data with emerging technologies. As a Capital One Data Engineer, you’l…",https://www.adzuna.com/land/ad/5432495805?se=AtB0shei8BG2ZqCc3kJSJw&utm_medium=api&utm_source=a6e23083&v=A3265BA2AE376E518943E3965B84FC0D723766E0,N/A,15-2050
"Lead Data Engineer (Python, SQL, AWS)",Capital One,"Fayfield, York County",IT Jobs,152821.1,"Lead Data Engineer (Python, SQL, AWS) Do you love building and pioneering in the technology space? Do you enjoy solving complex business problems in a fast-paced, collaborative, inclusive, and iterative delivery environment? At Capital One, you'll be part of a big group of makers, breakers, doers and disruptors, who solve real problems and meet real customer needs. We are seeking Data Engineers who are passionate about marrying data with emerging technologies. As a Capital One Lead Data Enginee…",https://www.adzuna.com/land/ad/5432495601?se=AtB0shei8BG2ZqCc3kJSJw&utm_medium=api&utm_source=a6e23083&v=7C5C9A6991626EE8B5AEA0B4CD8ED765071EB368,N/A,15-2050
Lead Machine Learning Engineer,Capital One,"Fayfield, York County",IT Jobs,171710.31,"Lead Machine Learning Engineer As a Capital One Machine Learning Engineer (MLE), you'll be part of an Agile team dedicated to productionizing machine learning applications and systems at scale. You’ll participate in the detailed technical design, development, and implementation of machine learning applications using existing and emerging technology platforms. You’ll focus on machine learning architectural design, develop and review model and application code, and ensure high availability and pe…",https://www.adzuna.com/land/ad/5432495511?se=AtB0shei8BG2ZqCc3kJSJw&utm_medium=api&utm_source=a6e23083&v=321B12130DA954ED42A7FD5E3F46467E10AD5E95,N/A,15-2050
Senior Data Engineer (Enterprise Platforms Technology),Capital One,"Fayfield, York County",IT Jobs,124270.16,"Senior Data Engineer (Enterprise Platforms Technology) Do you love building and pioneering in the technology space? Do you enjoy solving complex business problems in a fast-paced, collaborative, inclusive, and iterative delivery environment? At Capital One, you'll be part of a big group of makers, breakers, doers and disruptors, who solve real problems and meet real customer needs. We are seeking Data Engineers who are passionate about marrying data with emerging technologies. As a Capital One …",https://www.adzuna.com/land/ad/5432495522?se=AtB0shei8BG2ZqCc3kJSJw&utm_medium=api&utm_source=a6e23083&v=9E01357904E0E5F20F554CFA250CDAC532948D80,N/A,15-2050
Applied Researcher I,Capital One,"Fayfield, York County",IT Jobs,161833.27,"Applied Researcher I Overview: At Capital One, we are creating trustworthy and reliable AI systems, changing banking for good. For years, Capital One has been leading the industry in using machine learning to create real-time, intelligent, automated customer experiences. From informing customers about unusual charges to answering their questions in real time, our applications of AI & ML are bringing humanity and simplicity to banking. We are committed to building world-class applied science and…",https://www.adzuna.com/land/ad/5432495541?se=AtB0shei8BG2ZqCc3kJSJw&utm_medium=api&utm_source=a6e23083&v=2D9DE8F571E12D1B7B7EE55B39309E8ABFE785EB,N/A,15-2050
"Sr. Manager, Technical Program Management",Capital One,"Fayfield, York County",IT Jobs,172873.62,"Sr. Manager, Technical Program Management Are you interested in leading programs that deliver on critical business goals and build large scale products & platforms? About Capital One : At Capital One, we’re changing banking for good. We were founded on the belief that no one should be locked out of the financial system. We’re dedicated to helping foster a world where everyone has an equal opportunity to prosper. We’re a bank, but we don’t think like one. We’re always thinking about what’s next,…",https://www.adzuna.com/land/ad/5432495320?se=AtB0shei8BG2ZqCc3kJSJw&utm_medium=api&utm_source=a6e23083&v=4D290FE4BA58B2C36399699167E6F5971E602E3C,N/A,15-2050
Senior Lead Data Engineer,Capital One,"Fayfield, York County",IT Jobs,146646.97,"Senior Lead Data Engineer Do you love building and pioneering in the technology space? Do you enjoy solving complex business problems in a fast-paced, collaborative, inclusive, and iterative delivery environment? At Capital One, you'll be part of a big group of makers, breakers, doers and disruptors, who solve real problems and meet real customer needs. We are seeking Data Engineers who are passionate about marrying data with emerging technologies. As a Capital One Senior Lead Data Engineer, yo…",https://www.adzuna.com/land/ad/5432495268?se=AtB0shei8BG2ZqCc3kJSJw&utm_medium=api&utm_source=a6e23083&v=4D1D4680E6CC085B311E26DABE235DF5C7283594,N/A,15-2050
"Senior Data Engineer, Python",Capital One,"Fayfield, York County",IT Jobs,122232.16,"Senior Data Engineer, Python Do you love building and pioneering in the technology space? Do you enjoy solving complex business problems in a fast-paced, collaborative, inclusive, and iterative delivery environment? At Capital One, you'll be part of a big group of makers, breakers, doers and disruptors, who solve real problems and meet real customer needs. We are seeking Senior Data Engineers, who are passionate about marrying data with emerging technologies. As a Capital One, Senior Data Engin…",https://www.adzuna.com/land/ad/5432494835?se=AtB0shei8BG2ZqCc3kJSJw&utm_medium=api&utm_source=a6e23083&v=9A625C2737688EA4809643D8F5A98E93CEF53809,N/A,15-2050
Maintenance Analyst,Penske,"Reading, Berks County",IT Jobs,62474.62,"Position Summary: The Maintenance Analytics team at Penske is seeking a Maintenance Analyst to help develop and maintain mathematical models in support of Maintenance Warranty and Finance. A successful Maintenance Analyst develops and maintains the statistical modeling, analysis and reporting across various projects as assigned by the supervisor as well as supports the monthly close processes and financial projections. The position will require the ability to query data using SQL, design, devel…",https://www.adzuna.com/details/5432483374?utm_medium=api&utm_source=a6e23083,N/A,15-2050
AI Engineer,Free Market Health,"Pittsburgh, Allegheny County",IT Jobs,123312.72,"Founded in 2019 and headquartered in Pittsburgh, PA, Free Market Health supports forward-thinking payers and specialty pharmacies of all sizes who need to operate in a complex and opaque market. We empower all stakeholders to optimize r esources and maximize opportunities while focusing on the most important stakeholder of all: the patient. About the role We are seeking a highly skilled and motivated AI Engineer to join our growing team. As an AI Engineer, you will be responsible for designing,…",https://www.adzuna.com/details/5432425013?utm_medium=api&utm_source=a6e23083,N/A,15-2050
Lead AI Engineer,Free Market Health,"Pittsburgh, Allegheny County",IT Jobs,155497.03,"Founded in 2019 and headquartered in Pittsburgh, PA, Free Market Health supports forward-thinking payers and specialty pharmacies of all sizes who need to operate in a complex and opaque market. We empower all stakeholders to optimize r esources and maximize opportunities while focusing on the most important stakeholder of all: the patient. Overview We are looking for a hands-on and visionary Lead AI Engineer to drive the development, deployment, and scaling of AI capabilities across our platfo…",https://www.adzuna.com/details/5432425007?utm_medium=api&utm_source=a6e23083,N/A,15-2050
Contracts & Pricing Data Engineer,Takeda,"Exton, Chester County",IT Jobs,157721.17,"By clicking the “Apply” button, I understand that my employment application process with Takeda will commence and that the information I provide in my application will be processed in line with Takeda’s Privacy Notice and Terms of Use . I further attest that all information I submit in my employment application is true to the best of my knowledge. Job Description Role - Contracts & Pricing DD&T Lead OBJECTIVES/PURPOSE At Takeda, we believe the pace of change will continue to accelerate. As a co…",https://www.adzuna.com/details/5432416657?utm_medium=api&utm_source=a6e23083,N/A,15-2050
Development Quality Engineer,Amphenol TCS,"Yocumtown, York County",Engineering Jobs,96092.02,"Job Description Job Description Position: Development Quality Engineer Location: Valley Green, PA Amphenol High Speed Products Group is the market leader for high speed, high bandwidth electrical connectors for the Telecom/Datacom market (Mobile Networks, Storage, Servers, Routers, Switches, etc.). Our products help to enable the electronics revolution and remain a key enabler for all the major Tier 1 OEM’s globally. Our global headquarters are located in Nashua, NH and we have design, sales an…",https://www.adzuna.com/details/5432321122?utm_medium=api&utm_source=a6e23083,N/A,15-2050
Senior Big Data Engineer,System One,"Bloomfield, Allegheny County",IT Jobs,151940.73,"Position Title: Senior Big Data Engineer Position Location: Pittsburgh Provide locations/flexible work by preference: Most preferred - Pittsburgh PA - Two PNC Plaza, 620 Liberty Ave, Pittsburgh, PA 15222; Second - Cleveland OH - Strongsville Technology Center, 8100 Mohawk Dr., Strongsville, OH 44136 Ability to work remote: In office, some flexibility could be available in the future Travel: If in Ohio, could have to travel to Pittsburgh - 1 a month, or 1 every two months Target Start Date: 8/1 …",https://www.adzuna.com/details/5432055838?utm_medium=api&utm_source=a6e23083,N/A,15-2050
Associate AI/ML Engineer,UnitedHealth Group,"Indiana, Indiana County",IT Jobs,124084.11,"We are looking for a Data Scientist to drive end-to-end ML and DL projects. Proficiency in Python, including libraries like pandas, NumPy, and scikit-learn, is essential. Ability to build, train, and optimize machine learning models for production is required. Hands-on experience with deep learning frameworks (TensorFlow/PyTorch) is a strong asset. Knowledge of Large Language Models (LLMs) for text and conversational applications is expected. Exposure to Retrieval-Augmented Generation (RAG) met…",https://www.adzuna.com/land/ad/5431816048?se=FNIOtBei8BGUfoi19gktkw&utm_medium=api&utm_source=a6e23083&v=3680B1C2DCA3C31020F7E3008777EE9964237946,N/A,15-2050
Instructional Faculty in Health Informatics - Department of Health Services Administration and Policy,Temple University,"Philadelphia, Philadelphia County",Teaching Jobs,106660.48,"Inequities and health disparities are a major public health threat and demand a concerted, interdisciplinary effort. At the College of Public Health, we dedicate ourselves to public health in all its parameters, from epidemiology to nursing, from social work to rehabilitation sciences. Social justice has always driven our work: This understanding that individual outcomes are intricately tied to the larger systems we inhabit is the foundation of our college. Temple University College of Public H…",https://www.adzuna.com/details/5431768424?utm_medium=api&utm_source=a6e23083,N/A,15-2050
IAM Specialist,Openkyber,"Pennsylvania, US",IT Jobs,97933.83,"Job Details: Job Title: Google Cloud Platform Data Engineer Location: Philadelphia, PA Duration: Long Term Contract Job Description: Seeking a Senior Specialist with 7 to 11 years of experience in designing and maintaining scalable data analytics solutions using Google Cloud Platform Storage DataProc and Dataflow Job Description Design develop and optimize largescale data pipelines and ETL processes leveraging Google Cloud Platform services such as Google Cloud Platform Storage DataProc and Dat…",https://www.adzuna.com/details/5431716746?utm_medium=api&utm_source=a6e23083,N/A,15-2050
Quality Data Analyst Intern,Vontier,"Penbrook, Dauphin County",IT Jobs,41755.38,"Job Overview The Quality Data Analyst Intern will support the Gilbarco Veeder-Root Quality organization by conducting detailed data analyses, identifying trends and insights within quality data, and ensuring the accuracy and completeness of information used by internal stakeholders. This role provides a hands-on opportunity to gain practical experience in data analysis, quality management methodologies, and continuous improvement practices that drive operational excellence across GVR. Responsib…",https://www.adzuna.com/details/5431709615?utm_medium=api&utm_source=a6e23083,N/A,15-2050
Sr Staff IT Architect,ThermoFisher Scientific,"Pittsburgh, Allegheny County",IT Jobs,183631.02,"Work Schedule Standard (Mon-Fri) Environmental Conditions Office Job Description  Build, develop, and implement secure, scalable, and high-performance data solutions using AWS, Microsoft Azure, Databricks, and Microsoft Fabric (Power BI).  Architect end-to-end multi-cloud data platforms, ensuring detailed integration across enterprise data sources, storage, processing, AI services, and consumption layers.  Set up and enforce data governance, security, and compliance protocols within AWS and Azu…",https://www.adzuna.com/details/5431707979?utm_medium=api&utm_source=a6e23083,N/A,15-2050
Senior Data Scientist,Cardinal Health,"Penbrook, Dauphin County",IT Jobs,144460.88,"What Data Science contributes to Cardinal Health The Data & Analytics Function oversees the analytics lifecycle in order to identify, analyze and present relevant insights that drive business decisions and anticipate opportunities to achieve a competitive advantage. This function manages analytics products, the access, design and implementation of reporting/business intelligence solutions, and the application of advanced quantitative modeling. Data Science applies base, scientific methodologies…",https://www.adzuna.com/details/5431705023?utm_medium=api&utm_source=a6e23083,N/A,15-2050
"Principal Technical Program Manager (TPM), Oracle Cloud Infrastructure",Oracle,"Penbrook, Dauphin County",IT Jobs,122947.41,"Job Description Principal Technical Program Manager (TPM), Oracle Cloud Infrastructure - Job level IC4 Overview Are you a creative person who loves a challenge? Solve the complex puzzles you've been dreaming of as our Principal Technical Program Manager. If you have a passion for innovation in tech, we want you on our team! Oracle is a technology leader that's changing how the world does business. We're looking for an experienced and self-motivated person. As a Principal Technical Program Manag…",https://www.adzuna.com/details/5431703293?utm_medium=api&utm_source=a6e23083,N/A,15-2050
Data Center Regional Consulting Engineer - Electrical,Oracle,"Penbrook, Dauphin County",Engineering Jobs,108322.57,"Job Description  A strong desire and capability to learn, grow, and develop new skills  Oversee Tenant Improvement works associated with white space fit out of new data center spaces  Empower a culture of safety, security, and compliance in all aspect of data center activities  Understand the design and functionality of your datacenter.  Work with design, construction, and commissioning teams to properly integrate the new electrical distribution systems to existing data center  Support and vali…",https://www.adzuna.com/details/5431703308?utm_medium=api&utm_source=a6e23083,N/A,15-2050
"Senior Principal Financial Analyst, OCI Hardware",Oracle,"Penbrook, Dauphin County",Consultancy Jobs,155627.6,"Job Description We are seeking a highly skilled and analytical Financial Analyst with extensive experience in hardware demand forecasting and end-to-end supply chain financial analysis. In this role, you will drive financial performance by integrating financial expertise with supply chain operations, focusing on hardware demand planning, inventory optimization, and triangulating supply/demand signals with our partner organizations. As a strategic partner to cross-functional teams-including proc…",https://www.adzuna.com/details/5431703242?utm_medium=api&utm_source=a6e23083,N/A,15-2050
Remote Senior Member of Technical Staff - Full Stack Focus,Oracle,"Penbrook, Dauphin County",IT Jobs,128495.72,"Job Description As a Senior Member of Technical Staff, you will be a key contributor to the development and success of our next-generation CDA platform, which leverages the power of generative AI and cloud-native technologies. Your expertise in data platform engineering will drive the creation of a robust and intelligent system, enhancing the healthcare experience for patients and clinicians alike. Responsibilities Responsibilities:  Design and implementation of the CDA data platform, ensuring …",https://www.adzuna.com/details/5431703195?utm_medium=api&utm_source=a6e23083,N/A,15-2050
Mid-Level GEOINT System Engineer,KBR,"King of Prussia, Montgomery County",IT Jobs,106657.62,"Title: Mid-Level GEOINT System Engineer Belong. Connect. Grow. with KBR! KBR's National Security Solutions team provides high-end engineering and advanced technology solutions to our customers in the intelligence and national security communities. In this position, your work will have a profound impact on the country's most critical role - protecting our national security. Why Join Us?  Innovative Projects: KBR's work is at the forefront of engineering, logistics, operations, science, program m…",https://www.adzuna.com/details/5431701398?utm_medium=api&utm_source=a6e23083,N/A,15-2050
Data Scientist - INTL India,Insight Global,"Pittsburgh, Allegheny County",IT Jobs,130561.31,"Job Description Insight Global is looking for a Data Scientist in India to support their Fortune 500 Manufacturing client. This resource will use their expertise in data science to drive and execute automation and innovation projects, aligned with business strategy through PM standard methodologies. You will support a highly experienced team across business domains and operations and technology. Team members master PM, BI, complex SQL, Python by leveraging these hard and soft skills. You will d…",https://www.adzuna.com/details/5431701336?utm_medium=api&utm_source=a6e23083,N/A,15-2050
Data Catalog Lead - Enterprise Data Governance,Constellation,"Kennett Square, Chester County",IT Jobs,212546.34,"WHO WE ARE As the nation's largest producer of clean, carbon-free energy, Constellation is focused on our purpose: accelerating the transition to a carbon-free future. We have been the leader in clean energy production for more than a decade, and we are cultivating a workplace where our employees can grow, thrive, and contribute. Our culture and employee experience make it clear: We are powered by passion and purpose. Together, we're creating healthier communities and a cleaner planet, and our …",https://www.adzuna.com/details/5431698996?utm_medium=api&utm_source=a6e23083,N/A,15-2050
Data Quality Lead - Enterprise Data Governance,Constellation,"Kennett Square, Chester County",IT Jobs,215787.86,"WHO WE ARE As the nation's largest producer of clean, carbon-free energy, Constellation is focused on our purpose: accelerating the transition to a carbon-free future. We have been the leader in clean energy production for more than a decade, and we are cultivating a workplace where our employees can grow, thrive, and contribute. Our culture and employee experience make it clear: We are powered by passion and purpose. Together, we're creating healthier communities and a cleaner planet, and our …",https://www.adzuna.com/details/5431698997?utm_medium=api&utm_source=a6e23083,N/A,15-2050
Salesforce Data Cloud Engineer,Concentrix,"Penbrook, Dauphin County",IT Jobs,114686.4,"Job Title: Salesforce Data Cloud Engineer Job Description We're Concentrix. The intelligent transformation partner. Solution-focused. Tech-powered. Intelligence-fueled. The global technology and services leader that powers the world's best brands, today and into the future. We're solution-focused, tech-powered, intelligence-fueled. With unique data and insights, deep industry expertise, and advanced technology solutions, we're the intelligent transformation partner that powers a world that work…",https://www.adzuna.com/details/5431698991?utm_medium=api&utm_source=a6e23083,N/A,15-2050
Comcast AI and Data Analytics Intern,Comcast,"William Penn Annex East, Philadelphia County",IT Jobs,94328.83,"Comcast brings together the best in media and technology. We drive innovation to create the world's best entertainment and online experiences. As a Fortune 50 leader, we set the pace in a variety of innovative and fascinating businesses and create career opportunities across a wide range of locations and disciplines. We are at the forefront of change and move at an amazing pace, thanks to our remarkable people, who bring cutting-edge products and services to life for millions of customers every…",https://www.adzuna.com/details/5431698919?utm_medium=api&utm_source=a6e23083,N/A,15-2050
"Engineering Manager, Asset Data Platform",Coinbase,"Penbrook, Dauphin County",IT Jobs,172607.89,"Ready to be pushed beyond what you think you're capable of? At Coinbase, our mission is to increase economic freedom in the world. It's a massive, ambitious opportunity that demands the best of us, every day, as we build the emerging onchain platform - and with it, the future global financial system. To achieve our mission, we're seeking a very specific candidate. We want someone who is passionate about our mission and who believes in the power of crypto and blockchain technology to update the …",https://www.adzuna.com/details/5431698909?utm_medium=api&utm_source=a6e23083,N/A,15-2050
Project Development Engineer (Federal) - Energy Solutions - CMTA,"CMTA, Inc","Glen Riddle Lima, Delaware County",Engineering Jobs,80220.16,"CMTA, a Legence company CMTA (https://www.cmta.com/) is one of the fastest growing engineering firms in the U.S., with nationally recognized expertise in sustainable, high-performance building engineering. We are a collaborative, innovative, and energetic team that leverages a data-driven, holistic approach to consulting engineering, performance contracting, and zero energy projects. We focus on finding engineers whose skills and personalities drive them to excel, fostering a workplace that pro…",https://www.adzuna.com/details/5431698852?utm_medium=api&utm_source=a6e23083,N/A,15-2050
Site Superintendent - Energy Solutions - CMTA,"CMTA, Inc","Glen Riddle Lima, Delaware County",Engineering Jobs,82464.3,"CMTA, a Legence company CMTA (https://www.cmta.com/) is one of the fastest growing engineering firms in the U.S., with nationally recognized expertise in sustainable, high-performance building engineering. We are a collaborative, innovative, and energetic team that leverages a data-driven, holistic approach to consulting engineering, performance contracting, and zero energy projects. We focus on finding engineers whose skills and personalities drive them to excel, fostering a workplace that pro…",https://www.adzuna.com/details/5431698851?utm_medium=api&utm_source=a6e23083,N/A,15-2050
Senior Project Development Engineer (Federal) - Energy Solutions - CMTA,"CMTA, Inc","Glen Riddle Lima, Delaware County",Engineering Jobs,91818.62,"CMTA, a Legence company CMTA (https://www.cmta.com/) is one of the fastest growing engineering firms in the U.S., with nationally recognized expertise in sustainable, high-performance building engineering. We are a collaborative, innovative, and energetic team that leverages a data-driven, holistic approach to consulting engineering, performance contracting, and zero energy projects. We focus on finding engineers whose skills and personalities drive them to excel, fostering a workplace that pro…",https://www.adzuna.com/details/5431698850?utm_medium=api&utm_source=a6e23083,N/A,15-2050
Senior Mechanical Engineer - Energy Solutions - CMTA,"CMTA, Inc","Glen Riddle Lima, Delaware County",Engineering Jobs,93585.03,"CMTA, a Legence company CMTA (https://www.cmta.com/) is one of the fastest growing engineering firms in the U.S., with nationally recognized expertise in sustainable, high-performance building engineering. We are a collaborative, innovative, and energetic team that leverages a data-driven, holistic approach to consulting engineering, performance contracting, and zero energy projects. We focus on finding engineers whose skills and personalities drive them to excel, fostering a workplace that pro…",https://www.adzuna.com/details/5431698849?utm_medium=api&utm_source=a6e23083,N/A,15-2050
"Data Center Engineering Operations Technician, Data Center Ops",Amazon,"Fairless Hills, Bucks County",Engineering Jobs,105273.48,"Description AWS Infrastructure Services owns the design, planning, delivery, and operation of all AWS global infrastructure. In other words, we're the people who keep the cloud running. We support all AWS data centers and all of the servers, storage, networking, power, and cooling equipment that ensure our customers have continual access to the innovation they rely on. We work on the most challenging problems, with thousands of variables impacting the supply chain - and we're looking for talent…",https://www.adzuna.com/details/5431697241?utm_medium=api&utm_source=a6e23083,N/A,15-2050
"Data Center Engineering Operations Technician, Data Center Ops",Amazon,"Fairless Hills, Bucks County",Engineering Jobs,114274.15,"Description AWS Infrastructure Services owns the design, planning, delivery, and operation of all AWS global infrastructure. In other words, we're the people who keep the cloud running. We support all AWS data centers and all of the servers, storage, networking, power, and cooling equipment that ensure our customers have continual access to the innovation they rely on. We work on the most challenging problems, with thousands of variables impacting the supply chain - and we're looking for talent…",https://www.adzuna.com/details/5431697242?utm_medium=api&utm_source=a6e23083,N/A,15-2050
Data Analyst II - Consumer Banking Business Line Risk Analytics,Ally,"Penbrook, Dauphin County",Accounting & Finance Jobs,69045.23,"General information Ref  20192 Remote? No Ally and Your Career * Ally Financial only succeeds when its people do - and that's more than some cliché people put on job postings. We live this stuff! We see our people as, well, people - with interests, families, friends, dreams, and causes that are all important to them. Our focus is on the health and safety of our teammates as well as work-life balance and diversity and inclusion. From generous benefits to a variety of employee resource groups, we…",https://www.adzuna.com/details/5431697237?utm_medium=api&utm_source=a6e23083,N/A,15-2050
Data Scientist,Qode,"Pittsburgh, Allegheny County",IT Jobs,125783.23,"Job Description Job Description About the Role We are seeking a highly skilled Data Scientist with expertise in Python, R, and PySpark to join our analytics team for a leading banking client. The ideal candidate will leverage advanced analytics, machine learning, and big data technologies to design data-driven solutions, generate actionable insights, and support strategic decision-making in areas such as risk management, fraud detection, customer segmentation, and credit scoring. Key Responsibi…",https://www.adzuna.com/details/5431603686?utm_medium=api&utm_source=a6e23083,N/A,15-2050
Data & Analytics Engineering Lead,"Summit Access Solutions,Llc","Coraopolis, Allegheny County",IT Jobs,87173.7,"Purpose: The Data & Analytics Engineering Lead provides strategic and tactical support to the RareMed Solutions and will report directly to the Director of Data Analytics. The Data & Analytics Engineering Lead works directly with RareMed Solutions teams to determine reporting requirements, develop data pipelines, and distribute reports on to internal and external stakeholders. As the Data & Analytics Engineering Lead, you will be responsible for designing, developing, and maintaining our data i…",https://www.adzuna.com/land/ad/5431536240?se=FNIOtBei8BGUfoi19gktkw&utm_medium=api&utm_source=a6e23083&v=A64BA67385F2FF7457A00FF035F8DBF12778FE27,N/A,15-2050
"Software Engineer Lead - Data Product Organization (Cloudera Hadoop, Neo4j, Spark/PySpark)",PNC Financial Services Group,"Pittsburgh, Allegheny County",IT Jobs,117848.98,"Job Description Job Profile Position Overview At PNC, our people are our greatest differentiator and competitive advantage in the markets we serve. We are all united in delivering the best experience for our customers. We work together each day to foster an inclusive workplace culture where all of our employees feel respected, valued and have an opportunity to contribute to the company’s success. As a Software Engineer Lead within PNC's Data Product Organization, you will be based in Pittsburgh…",https://www.adzuna.com/details/5431522035?utm_medium=api&utm_source=a6e23083,N/A,15-2050
Project Manager,Athena Technology Group,"Mechanicsburg, Cumberland County",Engineering Jobs,114399.43,"Location: Naval Sea Logistics Center, Mechanicsburg, PA Employment Type: Full-Time Shift: N/A About the Company Athena Technology Group, Inc. (ATG) is a Service-Disabled Veteran Owned Small Business (SDVOSB) and Historically Underutilized Business Zone (HUBZone) established in 2010. ATG has immense experience and a strong, solid reputation throughout various government agencies providing consistently superior, innovative and cost-effective solutions. ATG is a premier provider of cybersecurity, …",https://www.adzuna.com/details/5431491460?utm_medium=api&utm_source=a6e23083,N/A,15-2050
"Staff Software Engineer, ML",Credit Genie,"Pittsburgh, Allegheny County",Engineering Jobs,225000.0,"Company Credit Genie is a mobile-first financial wellness platform designed to help individuals take control of their financial future. We leverage artificial intelligence to provide personalized insights and are building a financial ecosystem by offering tools and services that provide instant access to cash, and building credit. Our goal is to empower every customer to achieve long-term financial stability. Founded in 2019 by Ed Harycki , former Swift Capital Founder ( acquired by PayPal in 2…",https://www.adzuna.com/details/5431361790?utm_medium=api&utm_source=a6e23083,N/A,15-2050
"Product Manager, MBA Intern",Duolingo,"Pittsburgh, Allegheny County",IT Jobs,94714.82,"Our mission at Duolingo is to develop the best education in the world and make it universally available. It’s a big mission, and that’s where you come in! At Duolingo, you’ll join a team that cares about educating our users, experimenting with big ideas, making fact-based decisions, and finding innovative solutions to complex problems. You’ll have limitless learning opportunities and daily collaborations with world-class minds — while doing work that’s both meaningful and fun. Join our life-cha…",https://www.adzuna.com/details/5431343517?utm_medium=api&utm_source=a6e23083,N/A,15-2050
Contracts & Pricing Data Engineer,Takeda,"Exton, Chester County",IT Jobs,176135.0,"By clicking the “Apply” button, I understand that my employment application process with Takeda will commence and that the information I provide in my application will be processed in line with Takeda’s Privacy Notice and Terms of Use . I further attest that all information I submit in my employment application is true to the best of my knowledge. Job Description Role - Contracts & Pricing DD&T Lead OBJECTIVES/PURPOSE At Takeda, we believe the pace of change will continue to accelerate. As a co…",https://www.adzuna.com/details/5431181904?utm_medium=api&utm_source=a6e23083,N/A,15-2050
"Staff Software Engineer, AI",Credit Genie,"Pittsburgh, Allegheny County",Engineering Jobs,200000.0,"Company Credit Genie is a mobile-first financial wellness platform designed to help individuals take control of their financial future. We leverage artificial intelligence to provide personalized insights and are building a financial ecosystem by offering tools and services that provide instant access to cash, and building credit. Our goal is to empower every customer to achieve long-term financial stability. Founded in 2019 by Ed Harycki , former Swift Capital Founder ( acquired by PayPal in 2…",https://www.adzuna.com/details/5431181517?utm_medium=api&utm_source=a6e23083,N/A,15-2050
Technical Product Manager,Workforce Opportunity Services,"East Liberty, Allegheny County",IT Jobs,110099.36,"Overview: The Associate Technical Product Manager will assist overseeing day-to-day data operations, translate business needs into technical deliverables, and develop lightweight tools to reduce manual work. This role is embedded in a hands-on, pragmatic environment at a growing legal tech startup. Position Description: The Associate Technical Product Manager is responsible for maintaining healthy database performance, building automation scripts, setting up and supporting ELT processes, and cr…",https://www.adzuna.com/details/5431090065?utm_medium=api&utm_source=a6e23083,N/A,15-2050
Senior Data Engineer,Alivia Analytics,"Newtown Square, Delaware County",IT Jobs,171404.03,"Job Description Job Description Job Title: Senior Data Engineer Job Description: We are seeking a highly skilled Senior Data Engineer with at least 5 years of experience in designing, developing, documenting, and integrating applications using Spark-based big data platforms like Databricks. The successful candidate will have expertise in deploying these pipelines to cloud infrastructure hosted in AWS or Azure. Responsibilities: Gather requirements from business/user groups to analyze, design, d…",https://www.adzuna.com/details/5430803555?utm_medium=api&utm_source=a6e23083,N/A,15-2050
Tool & Die Maker,Germantown Tool & Manufacturing,"Huntingdon Valley, Montgomery County",Engineering Jobs,31948.17,"Job Description Job Description Germantown Tool & Manufacturing began in 1955 as a small Philadelphia-based tool and die shop. With more than a half-century of experience, we have grown to become a diversified metal fabricator and supplier of metal engineering services. We supply a broad range of component parts and complete assemblies to a number of industries. Germantown Tool is looking for a Tool Maker. This position will be responsible for working with computer-controlled machinery and mech…",https://www.adzuna.com/details/5430755593?utm_medium=api&utm_source=a6e23083,N/A,15-2050
Solutions Architect - (AI / ML Data Engineering),Jobot,"Philadelphia, Philadelphia County",IT Jobs,177684.48,"Shape the Future of Data & AI — Architect Solutions That Scale This Jobot Job is hosted by: Robert Donohue Are you a fit? Easy Apply now by clicking the ""Apply Now"" button and sending us your resume. Salary: $140,000 - $160,000 per year A bit about us: We’re a global leader in data and AI/ML services and one of the fastest-growing companies in the modern data stack space. We partner with top cloud platforms like Snowflake, AWS, Azure, GCP, Databricks, Fivetran, Pinecone, Glean, and dbt to deliv…",https://www.adzuna.com/land/ad/5430221909?se=FNIOtBei8BGUfoi19gktkw&utm_medium=api&utm_source=a6e23083&v=6E5D6C138BBED8FC358E9625C0FFCF448CFD13F3,N/A,15-2050
Software Engineer Principal (Data Product Domain Lead - Retail),PNC Financial Services Group,"Pittsburgh, Allegheny County",IT Jobs,127406.18,"Job Description Job Profile Position Overview At PNC, our people are our greatest differentiator and competitive advantage in the markets we serve. We are all united in delivering the best experience for our customers. We work together each day to foster an inclusive workplace culture where all of our employees feel respected, valued and have an opportunity to contribute to the company’s success. As a Software Engineer Principal (Data Product Domain Lead - Retail) within PNC's Technology organi…",https://www.adzuna.com/details/5430036633?utm_medium=api&utm_source=a6e23083,N/A,15-2050
Test Technician,Curtiss Wright EMD,"Cheswick, Allegheny County",Engineering Jobs,81466.89,"Job Description Job Description \n We are looking for a Test Technician to join our Pittsburgh (Cheswick) location. \n \n Your Responsibilities: \n You will perform various mechanical, electrical, hydrostatic, and gas leak tests in accordance with established procedures and specifications on stators, rotors, stators-windings, cans, jackets, thermal barriers, thermowells, casings, terminal boxes, pumps, and generators in support of our manufacturing facility. In addition, you install facility re…",https://www.adzuna.com/details/5430023921?utm_medium=api&utm_source=a6e23083,N/A,15-2050
"Sr. Cloud Engineer in Malvern, PA (Hybrid) :: No H1B and OPT : F2F Interview",JS Consulting,"Oak Lane, Philadelphia County",IT Jobs,113446.84,"Job Title: Sr. Cloud Data Engineer Location: Malvern, PA (Hybrid 3X)- Need Locals Duration: 6- 12 Months (Contract) Interview: Video and Onsite (2- 3 Rounds) Visa - H4 EAD , GC EAD , GC, AND USC Job Description: Malvern, PA  Hybrid - 3/days onsite (Tues-Thursday) LOOK FOR LOCALS  THERE WILL BE ONSITE INTERVIEW THE CLIENT WILL NOT HIRE ANYTHING WITHOUT ONSITE INTERVIEW PLEASE WE DONT WANT REASONS AT THE END STATING EMERGECY AND ALL STUFF PLEASE NEED DOB ( MM/DD) NEED SSN ( LAST 4 DIGITS ) NO VIO…",https://www.adzuna.com/details/5430019300?utm_medium=api&utm_source=a6e23083,N/A,15-2050
"Data Architect || Malvern, PA or Charlotte, NC",Kanak Elite Services Inc,"Frazer, Chester County",IT Jobs,91243.55,"Role :: Data Architect Location: Malvern, PA or Charlotte, NC(Hybrid) Duration : Contract Responsibilities Data Platform engineers to help us build the AI-ready data platforms Qualifications AWS Step Functions, ETL, Glue, batch processing, S3, Lake Formation, Iceberg, Athena Python Github CI/CD 5-8 years of software development experience Experience in optimizing cloud infrastructure for performance and cost Excellent communication skills Great team player Nice to have: Databricks, Synthetic Da…",https://www.adzuna.com/details/5430018252?utm_medium=api&utm_source=a6e23083,N/A,15-2050
Devops/Cloud Engineer,Kanak Elite Services Inc,"Frazer, Chester County",IT Jobs,128322.8,"Hello There, Wish you a Happy Friday, My name is Yashmita, and I am a Technical Recruiter at Kanak IT Services LLC. I am reaching out to you regarding the following job opportunity. If you are interested, kindly reply to this email yashmita@kanakits.com with your updated resume. TITLE: DEVOPS/CLOUD ENGINEER (LEVEL 4)- THEREFORE NEED EXPERT LEVEL AND WHO CAN SPEAK TO HIS/HER PROJECT/EXPERIENCE WELL (EXCELLENT COMMUNICATION SKILLS/TECH SAVVY LOCATION(S): MALVERN, PA OR CHARLOTTE, NC (HYBRID ROLE)…",https://www.adzuna.com/details/5430018254?utm_medium=api&utm_source=a6e23083,N/A,15-2050
Strategy Internship- Mobility,Siemens,"Pittsburgh, Allegheny County",Engineering Jobs,92932.31,"Job Family: Communications Req ID: 478927 Here at Siemens, we take pride in enabling sustainable progress through innovative rail technology. We do this through empowering customers by combining the real and digital worlds. Improving how we live, work, and move today and for the next generation! We know that the only way a business thrives is if our people are thriving. That's why we always put our people first. Our global, diverse team would be happy to support you and challenge you to grow in…",https://www.adzuna.com/details/5429962745?utm_medium=api&utm_source=a6e23083,N/A,15-2050
Systems Engineering Intern,Lockheed Martin,"King of Prussia, Montgomery County",IT Jobs,89920.57,"Description: By bringing together people that use their passion for purposeful innovation, at Lockheed Martin we keep people safe and solve the world's most complex challenges\. Our people are some of the greatest minds in the industry and truly make Lockheed Martin a great place to work\. With our employees as our priority, we provide diverse career opportunities designed to propel development and boost agility\. Our flexible schedules, competitive pay, and comprehensive benefits enable our em…",https://www.adzuna.com/details/5429961226?utm_medium=api&utm_source=a6e23083,N/A,15-2050
Manager Analytics Platform Engineer,Pfizer,"Rahns, Montgomery County",IT Jobs,222587.39,"ROLE SUMMARY This role will contribute as an engineer to the implementation and delivery of analytical and statistical platforms that serve multiple organizations in Pfizer, including (but are not limited to) Research, Clinical, Global Supply, Commercial organizations. The Analytics Platform Engineer will be involved in the solution architecture, design, development, and management of operations for statistical and analytics platforms. Technologies that will be used include (but are not limited…",https://www.adzuna.com/details/5429960897?utm_medium=api&utm_source=a6e23083,N/A,15-2050
Principal Engineer - Data Derived Cyber Security Services,Wells Fargo,"William Penn Annex East, Philadelphia County",IT Jobs,214817.48,"About This Role: Wells Fargo is seeking a Principal Engineer in Technology as part of Cybersecurity. Learn more about the career areas and lines of business at wellsfargojobs.com. The Principal engineer for Data Derived Cyber Security Defense Services is a high impact role that ensures that data derived threat capabilities servicing the various information security teams are properly planned, developed, deployed, and sustained within the Wells Fargo Cyber Security Counter Threat Operations Cent…",https://www.adzuna.com/details/5429960698?utm_medium=api&utm_source=a6e23083,N/A,15-2050
"SAP iXp Intern - Business Intelligence and Data Analytics, SAP Community",SAP,"Newtown Square, Delaware County",IT Jobs,70831.52,"We help the world run better At SAP, we keep it simple: you bring your best to us, and we'll bring out the best in you. We're builders touching over 20 industries and 80% of global commerce, and we need your unique talents to help shape what's next. The work is challenging - but it matters. You'll find a place where you can be yourself, prioritize your wellbeing, and truly belong. What's in it for you? Constant learning, skill growth, great benefits, and a team that wants you to grow and succee…",https://www.adzuna.com/details/5429959808?utm_medium=api&utm_source=a6e23083,N/A,15-2050
"Director, Business Intelligence","Raymond James Financial, Inc.","Pittsburgh, Allegheny County",IT Jobs,161063.72,"Under limited direction with a high level of autonomy, the Director of Business Intelligence will partner with Raymond James Technology and Financial Crimes Management stakeholders to lead the transformation of the BI function within Financial Crimes Analytics (FCA). This is a player-coach role - combining technical leadership with direct execution - focused on modernizing our BI infrastructure, decommissioning legacy assets, and building a new suite of automated, scalable, insight-driven dashb…",https://www.adzuna.com/details/5429959373?utm_medium=api&utm_source=a6e23083,N/A,15-2050
Document Controller / Project Administrator,BlackRock Resources LLC,"Homer City, Indiana County",Admin Jobs,84700.93,"Job Description We are currently hiring a Document Controller / Project Administrator for a large project located in Homer City, PA Job Summary: We are seeking a detail-oriented and highly organized Document Controller to support a fast-paced data center construction project . The ideal candidate will be responsible for managing, organizing, and maintaining all project documentation in accordance with internal quality standards and project requirements. This role ensures the seamless flow of in…",https://www.adzuna.com/details/5429957161?utm_medium=api&utm_source=a6e23083,N/A,15-2050
Software Engineer (ETL/Informatica/Data Modeling),PNC,"Pittsburgh, Allegheny County",IT Jobs,99252.9,"Position Overview At PNC, our people are our greatest differentiator and competitive advantage in the markets we serve. We are all united in delivering the best experience for our customers. We work together each day to foster an inclusive workplace culture where all of our employees feel respected, valued and have an opportunity to contribute to the company's success. As a Software Engineer within PNC's Technology organization, you will be based either in Pittsburgh, PA or Strongsville, OH. Th…",https://www.adzuna.com/details/5429955330?utm_medium=api&utm_source=a6e23083,N/A,15-2050
Data Engineer,PNC,"Pittsburgh, Allegheny County",IT Jobs,81716.82,"Position Overview At PNC, our people are our greatest differentiator and competitive advantage in the markets we serve. We are all united in delivering the best experience for our customers. We work together each day to foster an inclusive workplace culture where all of our employees feel respected, valued and have an opportunity to contribute to the company's success. As a(n) Data Engineer within PNC's Data and Automation organization, you will be based in Strongsville OH. This position is pri…",https://www.adzuna.com/details/5429955388?utm_medium=api&utm_source=a6e23083,N/A,15-2050
Maintenance Analyst,Penske,"Greenfield Manor, Berks County",IT Jobs,67478.35,"Position Summary: The Maintenance Analytics team at Penske is seeking a Maintenance Analyst to help develop and maintain mathematical models in support of Maintenance Warranty and Finance. A successful Maintenance Analyst develops and maintains the statistical modeling, analysis and reporting across various projects as assigned by the supervisor as well as supports the monthly close processes and financial projections. The position will require the ability to query data using SQL, design, devel…",https://www.adzuna.com/details/5429954177?utm_medium=api&utm_source=a6e23083,N/A,15-2050
Senior Manager of Data Center Design,Oracle,"Penbrook, Dauphin County",IT Jobs,156942.31,"Job Description Oracle Cloud Infrastructure (OCI) is seeking an experienced and innovative Senior Manager of Data Center Design to lead a data center design team. This role involves leading a team of engineering and design professionals to evaluate and approve designs for our fleet of AI and cloud data centers that meet the growing demands of our business. The ideal candidate will have extensive experience in data center design, construction, and operations, combined with a strong understanding…",https://www.adzuna.com/details/5429951537?utm_medium=api&utm_source=a6e23083,N/A,15-2050
Senior Manager - Data Center - Data Hall Design,Oracle,"Penbrook, Dauphin County",Engineering Jobs,121720.67,"Job Description Join Oracle's data center design team and help shape the future of data center whitespace design in a dynamic, collaborative environment. Includes: Layouts & Space, Power distribution & Racks, Cooling Systems, Cable management for scalable and flexible design to optimize telemetry and performance. If you are passionate about innovative infrastructure solutions, data center design for multi-cloud partnerships between OCI & other Public-cloud providers, being a leader/mentor, work…",https://www.adzuna.com/details/5429951207?utm_medium=api&utm_source=a6e23083,N/A,15-2050
"Senior Director, Data Center Low Voltage Infrastructure",Oracle,"Penbrook, Dauphin County",IT Jobs,168293.44,"Job Description As the Senior Director of Low Voltage Infrastructure, you will lead OCI's global low-voltage delivery program for hyperscale data centers. Reporting to the Vice President of Construction, you will oversee the end-to-end management of vendor selection, design coordination, material procurement, and installation of structured cabling and low-voltage systems for gigawatt-scale campus builds. Your leadership will ensure that OCI's data centers are delivered on time, within budget, a…",https://www.adzuna.com/details/5429951113?utm_medium=api&utm_source=a6e23083,N/A,15-2050
Remote Senior Member of Technical Staff - Backend Focus,Oracle,"Penbrook, Dauphin County",IT Jobs,130677.29,"Job Description As a Senior Member of Technical Staff, you will be a key contributor to the development and success of our next-generation CDA platform, which leverages the power of generative AI and cloud-native technologies. Your expertise in data platform engineering will drive the creation of a robust and intelligent system, enhancing the healthcare experience for patients and clinicians alike. Responsibilities Responsibilities:  Design and implementation of the CDA data platform, ensuring …",https://www.adzuna.com/details/5429951156?utm_medium=api&utm_source=a6e23083,N/A,15-2050
Data Science Intern - Industries,Oracle,"Penbrook, Dauphin County",IT Jobs,53829.48,"Job Description The Program: Our future success depends on hiring extraordinary, early in career talent who are looking to power next-generation services and solutions. We are hiring bachelor's and master's degree students with a diverse set of skills and experiences to work in and across multiple teams within Oracle. Our program is intended to enhance your overall learning experience, help build your network, and accelerate your opportunity to make an impact. Create the future with us! The Com…",https://www.adzuna.com/details/5429951111?utm_medium=api&utm_source=a6e23083,N/A,15-2050
Senior Backend Developer | AI/ML,Oracle,"Penbrook, Dauphin County",IT Jobs,164283.19,"Job Description About Oracle Health & Application Infrastructure: At Oracle Health & Application Infrastructure, we are driving innovation in healthcare through advanced AI technologies. Our mission is to transform the healthcare industry by delivering modern, automated, and patient-centric solutions, while providing state-of-the-art clinical tools on a global scale. The CDA Team: Within our division, the Clinical Digital Assistant (CDA) team is leading this transformation. We are building a ne…",https://www.adzuna.com/details/5429951065?utm_medium=api&utm_source=a6e23083,N/A,15-2050
Senior Principal Analyst - GoldenGate,Oracle,"Penbrook, Dauphin County",IT Jobs,143612.11,"Job Description As an OCI GoldenGate SME, you will serve as the technical authority for solutions involving Oracle GoldenGate on Oracle Cloud Infrastructure. You will be responsible for the end-to-end delivery of complex data replication, migration, and streaming projects that enable robust, real-time data flows across heterogeneous and hybrid cloud environments. You will collaborate with IT leadership, solution architects, application owners, and data engineers to ensure the highest levels of …",https://www.adzuna.com/details/5429950947?utm_medium=api&utm_source=a6e23083,N/A,15-2050
VP DIGITAL PLATFORM ENGINEERING,Lumen,"Penbrook, Dauphin County",Engineering Jobs,135014.19,"About Lumen Lumen connects the world. We are igniting business growth by connecting people, data and applications - quickly, securely, and effortlessly. Together, we are building a culture and company from the people up - committed to teamwork, trust and transparency. People power progress. We're looking for top-tier talent and offer the flexibility you need to thrive and deliver lasting impact. Join us as we digitally connect the world and shape the future. The Role The VP Lumen Digital Platfo…",https://www.adzuna.com/details/5429949456?utm_medium=api&utm_source=a6e23083,N/A,15-2050
Lead Data Scientist,Humana,"Penbrook, Dauphin County",IT Jobs,109397.38,"Become a part of our caring community and help us put health first The Enterprise AI organization at Humana is a pioneering force, driving AI innovation across our Insurance and CenterWell business segments. By collaborating with world-leading experts, we are at the forefront of delivering cutting-edge AI technologies for improving care quality and experience of millions of consumers. We are actively seeking top talent to develop robust and reusable AI modules and pipelines, ensuring adherence …",https://www.adzuna.com/details/5429948787?utm_medium=api&utm_source=a6e23083,N/A,15-2050
Data Engineer (Remote),GovCIO,"Penbrook, Dauphin County",IT Jobs,127049.95,"Overview GovCIO is seeking a Data Engineer to support operational solutions in our multi-cloud lakehouse environments on Azure and AWS. The ideal candidate will thrive in a fast-paced operations and maintenance environment. The ideal candidate will have expertise in data engineering and analytics, with hands-on experience in Databricks, Azure Synapse Analytics, and a solid understanding of the Medallion Architecture. This customer-facing role will be instrumental in ensuring customer satisfacti…",https://www.adzuna.com/details/5429947434?utm_medium=api&utm_source=a6e23083,N/A,15-2050
Engineering Summer Intern,Flowserve Corporation,"Bethlehem, Northampton County",Engineering Jobs,119496.56,"Company Overview: If a culture of excellence, innovation and ownership is what you're searching for, consider putting your experience in motion at Flowserve. As an individual contributor, or as a leader of people, your enterprise mindset will ensure Flowserve's position as the global standard in comprehensive flow control solutions. Here, your opportunity for professional development and industry leading rewards will be supported by our foundational commitments to the values of people first, in…",https://www.adzuna.com/details/5429946524?utm_medium=api&utm_source=a6e23083,N/A,15-2050
Event Producer,Deloitte,"Williams Grv, Cumberland County","PR, Advertising & Marketing Jobs",99913.8,"Event Producer - Project Delivery Specialist - Customer Are you an experienced, passionate pioneer in technology who wants to work in a collaborative environment? As an experienced Event Producer, you will have the ability to share new ideas and collaborate on projects as a consultant without the extensive demands of travel. If so, consider an opportunity with Deloitte under our Project Delivery Talent Model. Project Delivery Model (PDM) is a talent model that is tailored specifically for long-…",https://www.adzuna.com/details/5429945513?utm_medium=api&utm_source=a6e23083,N/A,15-2050
Senior Data Scientist - SFL Scientific,Deloitte,"William Penn Annex East, Philadelphia County",IT Jobs,243845.06,"Senior Data Scientist, Specialist Senior - SFL Scientific Our Deloitte Strategy & Transactions team helps guide clients through their most critical moments and transformational initiatives. From strategy to execution, this team delivers integrated, end-to-end support and advisory services covering valuation modeling, cost optimization, restructuring, business design and transformation, infrastructure and real estate, mergers and acquisitions (M&A), and sustainability. Work alongside clients eve…",https://www.adzuna.com/details/5429945497?utm_medium=api&utm_source=a6e23083,N/A,15-2050
Oracle CX Functional Fusion Service Consultant,Deloitte,"William Penn Annex East, Philadelphia County",IT Jobs,126268.91,"Oracle CX Functional Fusion Service Consultant Our Deloitte Sales & Service team empowers organizations to build deeper relationships with customers through innovative strategies, advanced analytics, Generative AI, transformative technologies, and creative design. We can enhance customer experiences and drive sustained growth and customer value creation and capture, through customer and commercial strategies, digital products and innovation, marketing, commerce, sales, and service. We are a tea…",https://www.adzuna.com/details/5429945507?utm_medium=api&utm_source=a6e23083,N/A,15-2050
Senior Data Scientist - SFL Scientific,Deloitte,"Pittsburgh, Allegheny County",IT Jobs,243682.56,"Senior Data Scientist, Specialist Senior - SFL Scientific Our Deloitte Strategy & Transactions team helps guide clients through their most critical moments and transformational initiatives. From strategy to execution, this team delivers integrated, end-to-end support and advisory services covering valuation modeling, cost optimization, restructuring, business design and transformation, infrastructure and real estate, mergers and acquisitions (M&A), and sustainability. Work alongside clients eve…",https://www.adzuna.com/details/5429945512?utm_medium=api&utm_source=a6e23083,N/A,15-2050
Sales Performance Management Consultant,Deloitte,"William Penn Annex East, Philadelphia County",Consultancy Jobs,150161.83,"Sales Performance Management Consultant Our Deloitte Customer team empowers organizations to build deeper relationships with customers through innovative strategies, advanced analytics, Generative AI, transformative technologies, and creative design. We can enhance customer experiences and drive sustained growth and customer value creation and capture, through customer and commercial strategies, digital products and innovation, marketing, commerce, sales, and service. We are a team of strategis…",https://www.adzuna.com/details/5429945477?utm_medium=api&utm_source=a6e23083,N/A,15-2050
Sales Performance Management Consultant,Deloitte,"Pittsburgh, Allegheny County",Consultancy Jobs,150061.62,"Sales Performance Management Consultant Our Deloitte Customer team empowers organizations to build deeper relationships with customers through innovative strategies, advanced analytics, Generative AI, transformative technologies, and creative design. We can enhance customer experiences and drive sustained growth and customer value creation and capture, through customer and commercial strategies, digital products and innovation, marketing, commerce, sales, and service. We are a team of strategis…",https://www.adzuna.com/details/5429945511?utm_medium=api&utm_source=a6e23083,N/A,15-2050
Event Producer,Deloitte,"William Penn Annex East, Philadelphia County","PR, Advertising & Marketing Jobs",97534.44,"Event Producer - Project Delivery Specialist - Customer Are you an experienced, passionate pioneer in technology who wants to work in a collaborative environment? As an experienced Event Producer, you will have the ability to share new ideas and collaborate on projects as a consultant without the extensive demands of travel. If so, consider an opportunity with Deloitte under our Project Delivery Talent Model. Project Delivery Model (PDM) is a talent model that is tailored specifically for long-…",https://www.adzuna.com/details/5429945515?utm_medium=api&utm_source=a6e23083,N/A,15-2050
DBT Developer,Deloitte,"William Penn Annex East, Philadelphia County",IT Jobs,113909.1,"Are you an experienced, passionate pioneer in technology who wants to work in a collaborative environment? As an experienced DBT Developer you will have the ability to share new ideas and collaborate on projects as a consultant without the extensive demands of travel. The Project Delivery Talent Model is designed for professionals with specialized skills that align to a current client need. Team members focus on delivering services to clients, without additional expectations related to business…",https://www.adzuna.com/details/5429945387?utm_medium=api&utm_source=a6e23083,N/A,15-2050
Oracle CX Technical Fusion Field Service Consultant,Deloitte,"William Penn Annex East, Philadelphia County",IT Jobs,137548.89,"Oracle CX Technical Fusion Field Service Consultant Our Deloitte Sales & Service team empowers organizations to build deeper relationships with customers through innovative strategies, advanced analytics, Generative AI, transformative technologies, and creative design. We can enhance customer experiences and drive sustained growth and customer value creation and capture, through customer and commercial strategies, digital products and innovation, marketing, commerce, sales, and service. We are …",https://www.adzuna.com/details/5429945374?utm_medium=api&utm_source=a6e23083,N/A,15-2050
DBT Developer,Deloitte,"Pittsburgh, Allegheny County",IT Jobs,113833.3,"Are you an experienced, passionate pioneer in technology who wants to work in a collaborative environment? As an experienced DBT Developer you will have the ability to share new ideas and collaborate on projects as a consultant without the extensive demands of travel. The Project Delivery Talent Model is designed for professionals with specialized skills that align to a current client need. Team members focus on delivering services to clients, without additional expectations related to business…",https://www.adzuna.com/details/5429945370?utm_medium=api&utm_source=a6e23083,N/A,15-2050
Oracle CRM Technical Lead,Deloitte,"William Penn Annex East, Philadelphia County",IT Jobs,119171.65,"Oracle CRM Technical Lead Our Deloitte Sales & Service team empowers organizations to build deeper relationships with customers through innovative strategies, advanced analytics, Generative AI, transformative technologies, and creative design. We can enhance customer experiences and drive sustained growth and customer value creation and capture, through customer and commercial strategies, digital products and innovation, marketing, commerce, sales, and service. We are a team of strategists, dat…",https://www.adzuna.com/details/5429945339?utm_medium=api&utm_source=a6e23083,N/A,15-2050
GenAI Solutions Architect - SFL Scientific,Deloitte,"Pittsburgh, Allegheny County",IT Jobs,249383.31,"GenAI Solutions Architect - SFL Scientific Our Deloitte Strategy & Transactions team helps guide clients through their most critical moments and transformational initiatives. From strategy to execution, this team delivers integrated, end-to-end support and advisory services covering valuation modeling, cost optimization, restructuring, business design and transformation, infrastructure and real estate, mergers and acquisitions (M&A), and sustainability. Work alongside clients every step of the …",https://www.adzuna.com/details/5429945375?utm_medium=api&utm_source=a6e23083,N/A,15-2050
GenAI Solutions Architect - SFL Scientific,Deloitte,"William Penn Annex East, Philadelphia County",IT Jobs,249549.61,"GenAI Solutions Architect - SFL Scientific Our Deloitte Strategy & Transactions team helps guide clients through their most critical moments and transformational initiatives. From strategy to execution, this team delivers integrated, end-to-end support and advisory services covering valuation modeling, cost optimization, restructuring, business design and transformation, infrastructure and real estate, mergers and acquisitions (M&A), and sustainability. Work alongside clients every step of the …",https://www.adzuna.com/details/5429945340?utm_medium=api&utm_source=a6e23083,N/A,15-2050
Oracle CX Functional Field Service Manager,Deloitte,"William Penn Annex East, Philadelphia County",IT Jobs,157786.62,"Oracle CX Functional Field Service Manager Our Deloitte Sales & Service team empowers organizations to build deeper relationships with customers through innovative strategies, advanced analytics, Generative AI, transformative technologies, and creative design. We can enhance customer experiences and drive sustained growth and customer value creation and capture, through customer and commercial strategies, digital products and innovation, marketing, commerce, sales, and service. We are a team of…",https://www.adzuna.com/details/5429945290?utm_medium=api&utm_source=a6e23083,N/A,15-2050
Oracle CRM Technical Consultant,Deloitte,"William Penn Annex East, Philadelphia County",Consultancy Jobs,126403.48,"Oracle CRM Technical Consultant Our Deloitte Sales & Service team empowers organizations to build deeper relationships with customers through innovative strategies, advanced analytics, Generative AI, transformative technologies, and creative design. We can enhance customer experiences and drive sustained growth and customer value creation and capture, through customer and commercial strategies, digital products and innovation, marketing, commerce, sales, and service. We are a team of strategist…",https://www.adzuna.com/details/5429945289?utm_medium=api&utm_source=a6e23083,N/A,15-2050
Event Manager,Deloitte,"William Penn Annex East, Philadelphia County","PR, Advertising & Marketing Jobs",109513.24,"Event Manager - Project Delivery Specialist - Customer Are you an experienced, passionate pioneer in technology who wants to work in a collaborative environment? As an experienced Event Manager, you will have the ability to share new ideas and collaborate on projects as a consultant without the extensive demands of travel. If so, consider an opportunity with Deloitte under our Project Delivery Talent Model. Project Delivery Model (PDM) is a talent model that is tailored specifically for long-te…",https://www.adzuna.com/details/5429945257?utm_medium=api&utm_source=a6e23083,N/A,15-2050
Event Manager,Deloitte,"Williams Grv, Cumberland County","PR, Advertising & Marketing Jobs",112185.14,"Event Manager - Project Delivery Specialist - Customer Are you an experienced, passionate pioneer in technology who wants to work in a collaborative environment? As an experienced Event Manager, you will have the ability to share new ideas and collaborate on projects as a consultant without the extensive demands of travel. If so, consider an opportunity with Deloitte under our Project Delivery Talent Model. Project Delivery Model (PDM) is a talent model that is tailored specifically for long-te…",https://www.adzuna.com/details/5429945256?utm_medium=api&utm_source=a6e23083,N/A,15-2050
Oracle CX Functional Field Service Lead,Deloitte,"William Penn Annex East, Philadelphia County",IT Jobs,156289.45,"Oracle CX Functional Field Service Lead Our Deloitte Sales & Service team empowers organizations to build deeper relationships with customers through innovative strategies, advanced analytics, Generative AI, transformative technologies, and creative design. We can enhance customer experiences and drive sustained growth and customer value creation and capture, through customer and commercial strategies, digital products and innovation, marketing, commerce, sales, and service. We are a team of st…",https://www.adzuna.com/details/5429945246?utm_medium=api&utm_source=a6e23083,N/A,15-2050
Sr. Data Engineer - Manufacturing Analytics - remote,Cognizant,"Penbrook, Dauphin County",IT Jobs,76550.26,"Core Responsibilities:  Develop and iterate on analytical frameworks to evaluate capacity, throughput, and system constraints across potato fries production stages.  Collaborate closely with plant teams, engineering, and insights teams to validate assumptions, refine models, and support data-driven decision-making.  Translate complex datasets into actionable insights through impactful visualizations.  Build tools and dashboards to monitor key performance metrics and enable self-service analytic…",https://www.adzuna.com/details/5429943658?utm_medium=api&utm_source=a6e23083,N/A,15-2050
Veteran & Military Spouse Talent Community,CBRE,"Penbrook, Dauphin County",Accounting & Finance Jobs,117606.14,"Veteran & Military Spouse Talent Community Job ID 225460 Posted 17-Jun-2025 Role type Full-time Areas of Interest Accounting/Finance, Administrative, Building Management, Capital Markets, Communications/Public Relations, Data & Analytics, Data Centers, Engineering/Maintenance, Environmental Consultancy, Facilities Management, Health and Safety/Environment, Investment Management, Legal, Marketing, People/Human Resources, Project Management, Property Management, Purchasing/Procurement, Risk Manag…",https://www.adzuna.com/details/5429942818?utm_medium=api&utm_source=a6e23083,N/A,15-2050
Senior Digital Product Analyst,Baylor Scott & White Health,"Penbrook, Dauphin County",IT Jobs,90620.9,"JOB SUMMARY As the Sr. Data Analyst, you will play a critical role in helping Baylor Scott and White Health develop the future of our digital products and platforms, including our flagship mobile app, myBSWHealth. You will work closely with cross-functional teams - including the customer engagement product, engineering, and marketing teams - to translate data into meaningful insights that guide strategic product decisions, improve user experiences, and drive business growth. In this role you wi…",https://www.adzuna.com/details/5429942489?utm_medium=api&utm_source=a6e23083,N/A,15-2050
Traveling Superintendent - Mission Critical,CyberCoders,"Pittsburgh, Allegheny County",Engineering Jobs,162500.0,"Traveling Superintendent - Mission Critical *Traveling Superintendent - Mission Critical* *Position Overview* We are seeking a highly skilled and experienced Traveling Superintendent specializing in Mission Critical projects. The ideal candidate will oversee the construction of Data Centers from the ground up, ensuring that projects are completed on time, within budget, and to the highest quality standards. The role requires significant travel to various project sites and strong leadership in m…",https://www.adzuna.com/details/5429772701?utm_medium=api&utm_source=a6e23083,N/A,15-2050
Project Manager with Security Clearance,Athena Technology Group,"Goodhope, Cumberland County",Engineering Jobs,114988.45,"Location: Naval Sea Logistics Center, Mechanicsburg, PA Employment Type: Full-Time Shift: N/A About the Company Athena Technology Group, Inc. (ATG) is a Service-Disabled Veteran Owned Small Business (SDVOSB) and Historically Underutilized Business Zone (HUBZone) established in 2010. ATG has immense experience and a strong, solid reputation throughout various government agencies providing consistently superior, innovative and cost-effective solutions. ATG is a premier provider of cybersecurity, …",https://www.adzuna.com/land/ad/5429737041?se=_KagtRei8BGjLJzS3_HUQA&utm_medium=api&utm_source=a6e23083&v=E5E7DEFAF0A3C13DC6BEC76216596F1307F8FCB4,N/A,15-2050
Senior Backend Engineer,Alivia Analytics,"Newtown Square, Delaware County",Engineering Jobs,166912.92,"Job Description Job Description Job Title: Senior Backend Engineer Location: Remote Department: Engineering Reports To: Director of Development About Alivia Analytics Alivia Analytics is transforming healthcare payment integrity through advanced analytics and AI. Our mission is to eliminate fraud, waste, and abuse in healthcare billing systems. We build scalable, secure, and intelligent platforms that empower payers to manage cost effectively while ensuring patient care remains unmatched and un…",https://www.adzuna.com/details/5429654824?utm_medium=api&utm_source=a6e23083,N/A,15-2050
PDM Field Engineer I,"Matrix PDM Engineering, Inc.","Pittsburgh, Allegheny County",Engineering Jobs,88074.78,"Job Description Job Description Job Summary The PDM Field Engineer I is based at the jobsite and is responsible for facilitating the interface between the jobsite and the home office engineering staff. When not assigned to a jobsite, the PDM Field Project Engineer I will be assigned to a Matrix engineering office to perform design and project engineering tasks in support of current projects. Essential Functions Actively supports the Company’s commitment to safety and its “Core Values”. Represen…",https://www.adzuna.com/details/5429615879?utm_medium=api&utm_source=a6e23083,N/A,15-2050
Senior Field Engineer,ECI,"Lawrence County, Pennsylvania",Engineering Jobs,77784.23,"Job Description Job Description Description: Process HVAC Solutions, LLC is a systems automation provider for HVAC and mechanical systems in mission critical environments. We specialize in high tier level data centers and biotech/pharmaceutical facilities. Based in Lawrence, PA, PHS is looking for a well-qualified person to join a growing company as a Senior Field Engineer. Location: Lawrence, PA Primary Job Duties: Ability to perform and manage point-to-point wiring terminations, checkouts and…",https://www.adzuna.com/details/5429605689?utm_medium=api&utm_source=a6e23083,N/A,15-2050
"Lead Machine Learning Engineer, Ad Performance",Launch Potato,"Pittsburgh, Allegheny County",Engineering Jobs,190000.0,"WHO ARE WE? Launch Potato is a profitable digital media company that reaches over 30M monthly visitors through brands such as FinanceBuzz , All About Cookies , and OnlyInYourState . As The Discovery and Conversion Company, our mission is to connect consumers with the world’s leading brands through data-driven content and technology. Headquartered in South Florida with a remote-first team spanning over 15 countries, we’ve built a high-growth, high-performance culture where speed, ownership, and …",https://www.adzuna.com/details/5429586413?utm_medium=api&utm_source=a6e23083,N/A,15-2050
"Lead Machine Learning Engineer, Recommendation Systems",Launch Potato,"Philadelphia, Philadelphia County",Engineering Jobs,190000.0,"WHO ARE WE? Launch Potato is a profitable digital media company that reaches over 30M monthly visitors through brands such as FinanceBuzz , All About Cookies , and OnlyInYourState . As The Discovery and Conversion Company, our mission is to connect consumers with the world’s leading brands through data-driven content and technology. Headquartered in South Florida with a remote-first team spanning over 15 countries, we’ve built a high-growth, high-performance culture where speed, ownership, and …",https://www.adzuna.com/details/5429579286?utm_medium=api&utm_source=a6e23083,N/A,15-2050
Pega LSA,Synechron,"Pittsburgh, Allegheny County",IT Jobs,135000.0,"We are At Synechron, we believe in the power of digital to transform businesses for the better. Our global consulting firm combines creativity and innovative technology to deliver industry-leading digital solutions. Synechron’s progressive technologies and optimization strategies span end-to-end Artificial Intelligence, Consulting, Digital, Cloud & DevOps, Data, and Software Engineering, servicing an array of noteworthy financial services and technology firms. Through research and development i…",https://www.adzuna.com/details/5429577592?utm_medium=api&utm_source=a6e23083,N/A,15-2050
"Lead Machine Learning Engineer, Recommendation Systems",Launch Potato,"Pittsburgh, Allegheny County",Engineering Jobs,190000.0,"WHO ARE WE? Launch Potato is a profitable digital media company that reaches over 30M monthly visitors through brands such as FinanceBuzz , All About Cookies , and OnlyInYourState . As The Discovery and Conversion Company, our mission is to connect consumers with the world’s leading brands through data-driven content and technology. Headquartered in South Florida with a remote-first team spanning over 15 countries, we’ve built a high-growth, high-performance culture where speed, ownership, and …",https://www.adzuna.com/details/5429560719?utm_medium=api&utm_source=a6e23083,N/A,15-2050
"Lead Machine Learning Engineer, Ad Performance",Launch Potato,"Philadelphia, Philadelphia County",Engineering Jobs,190000.0,"WHO ARE WE? Launch Potato is a profitable digital media company that reaches over 30M monthly visitors through brands such as FinanceBuzz , All About Cookies , and OnlyInYourState . As The Discovery and Conversion Company, our mission is to connect consumers with the world’s leading brands through data-driven content and technology. Headquartered in South Florida with a remote-first team spanning over 15 countries, we’ve built a high-growth, high-performance culture where speed, ownership, and …",https://www.adzuna.com/details/5429557678?utm_medium=api&utm_source=a6e23083,N/A,15-2050
Lead ML Engineer,Launch Potato,"Pittsburgh, Allegheny County",Engineering Jobs,190000.0,"WHO ARE WE? Launch Potato is a profitable digital media company that reaches over 30M monthly visitors through brands such as FinanceBuzz , All About Cookies , and OnlyInYourState . As The Discovery and Conversion Company, our mission is to connect consumers with the world’s leading brands through data-driven content and technology. Headquartered in South Florida with a remote-first team spanning over 15 countries, we’ve built a high-growth, high-performance culture where speed, ownership, and …",https://www.adzuna.com/details/5429545888?utm_medium=api&utm_source=a6e23083,N/A,15-2050
"Lead ML Engineer, Recommendation Systems",Launch Potato,"Pittsburgh, Allegheny County",Engineering Jobs,190000.0,"WHO ARE WE? Launch Potato is a profitable digital media company that reaches over 30M monthly visitors through brands such as FinanceBuzz , All About Cookies , and OnlyInYourState . As The Discovery and Conversion Company, our mission is to connect consumers with the world’s leading brands through data-driven content and technology. Headquartered in South Florida with a remote-first team spanning over 15 countries, we’ve built a high-growth, high-performance culture where speed, ownership, and …",https://www.adzuna.com/details/5429522889?utm_medium=api&utm_source=a6e23083,N/A,15-2050
Traveling Superintendent - Mission Critical,CyberCoders,"Pittsburgh, Allegheny County",Engineering Jobs,123753.45,"Job Description Job Description Traveling Superintendent - Mission Critical Traveling Superintendent - Mission Critical Position Overview We are seeking a highly skilled and experienced Traveling Superintendent specializing in Mission Critical projects. The ideal candidate will oversee the construction of Data Centers from the ground up, ensuring that projects are completed on time, within budget, and to the highest quality standards. The role requires significant travel to various project site…",https://www.adzuna.com/land/ad/5429498587?se=yCVotxei8BG2ZqCc3kJSJw&utm_medium=api&utm_source=a6e23083&v=04AACD28CFA6D58DA0120CB0C0B5251C18CA5E6B,N/A,15-2050
Automation Engineer,GSK,"King of Prussia, Montgomery County",IT Jobs,192865.5,"We manufacture and supply reliable, high-quality medicines and vaccines to meet patients’ needs and drive our performance. Our network of 37 medicines and vaccines manufacturing sites delivered 1.7 billion packs of medicines and 409 million vaccine doses in 2024 to help make a positive impact on the health of millions of people. Our supply chain is not just core to our operations; it’s vital to bringing our innovations to patients as quickly, efficiently and effectively as possible. Technology …",https://www.adzuna.com/details/5429484484?utm_medium=api&utm_source=a6e23083,N/A,15-2050
Data Engineering Lead - Hybrid (Open),Transamerica,"Philadelphia, Philadelphia County",IT Jobs,145000.0,"Job Family IT Operations About Us At Transamerica, hard work, innovative thinking, and personal accountability are qualities we honor and reward. We understand the potential of leveraging the talents of a diverse workforce. We embrace an environment where employees enjoy a balance between their careers, families, communities, and personal interests. Ultimately, we appreciate the uniqueness of a company where talented professionals work collaboratively in a positive environment — one focused on …",https://www.adzuna.com/details/5429449043?utm_medium=api&utm_source=a6e23083,N/A,15-2050
Java Architect,Synechron,"Pittsburgh, Allegheny County",IT Jobs,125000.0,"We are At Synechron, we believe in the power of digital to transform businesses for the better. Our global consulting firm combines creativity and innovative technology to deliver industry-leading digital solutions. Synechron’s progressive technologies and optimization strategies span end-to-end Artificial Intelligence, Consulting, Digital, Cloud & DevOps, Data, and Software Engineering, servicing an array of noteworthy financial services and technology firms. Through research and development i…",https://www.adzuna.com/details/5429432887?utm_medium=api&utm_source=a6e23083,N/A,15-2050
"Lead ML Engineer, Ad Performance",Launch Potato,"Philadelphia, Philadelphia County",Engineering Jobs,190000.0,"WHO ARE WE? Launch Potato is a profitable digital media company that reaches over 30M monthly visitors through brands such as FinanceBuzz , All About Cookies , and OnlyInYourState . As The Discovery and Conversion Company, our mission is to connect consumers with the world’s leading brands through data-driven content and technology. Headquartered in South Florida with a remote-first team spanning over 15 countries, we’ve built a high-growth, high-performance culture where speed, ownership, and …",https://www.adzuna.com/details/5429362002?utm_medium=api&utm_source=a6e23083,N/A,15-2050
Lead Machine Learning Engineer,Launch Potato,"Pittsburgh, Allegheny County",Engineering Jobs,190000.0,"WHO ARE WE? Launch Potato is a profitable digital media company that reaches over 30M monthly visitors through brands such as FinanceBuzz , All About Cookies , and OnlyInYourState . As The Discovery and Conversion Company, our mission is to connect consumers with the world’s leading brands through data-driven content and technology. Headquartered in South Florida with a remote-first team spanning over 15 countries, we’ve built a high-growth, high-performance culture where speed, ownership, and …",https://www.adzuna.com/details/5429343648?utm_medium=api&utm_source=a6e23083,N/A,15-2050
Lead ML Engineer,Launch Potato,"Philadelphia, Philadelphia County",Engineering Jobs,190000.0,"WHO ARE WE? Launch Potato is a profitable digital media company that reaches over 30M monthly visitors through brands such as FinanceBuzz , All About Cookies , and OnlyInYourState . As The Discovery and Conversion Company, our mission is to connect consumers with the world’s leading brands through data-driven content and technology. Headquartered in South Florida with a remote-first team spanning over 15 countries, we’ve built a high-growth, high-performance culture where speed, ownership, and …",https://www.adzuna.com/details/5429169038?utm_medium=api&utm_source=a6e23083,N/A,15-2050
Payment Operations Analyst,Customers Bank,"Malvern, Chester County",IT Jobs,62807.79,"At Customers Bank, we believe in working hard, working smart, working together to deliver memorable customer experiences and having fun. Our vision, mission, and values guide us along our path to achieve excellence. Passion, attitude, creativity, integrity, alignment, and execution are cornerstones of our behaviors. They define who we are as an organization and as individuals. Everyone is encouraged to have personal development plans. By doing so, our team members are on their way to achieve th…",https://www.adzuna.com/details/5429165776?utm_medium=api&utm_source=a6e23083,N/A,15-2050
Lead Machine Learning Engineer,Launch Potato,"Philadelphia, Philadelphia County",Engineering Jobs,190000.0,"WHO ARE WE? Launch Potato is a profitable digital media company that reaches over 30M monthly visitors through brands such as FinanceBuzz , All About Cookies , and OnlyInYourState . As The Discovery and Conversion Company, our mission is to connect consumers with the world’s leading brands through data-driven content and technology. Headquartered in South Florida with a remote-first team spanning over 15 countries, we’ve built a high-growth, high-performance culture where speed, ownership, and …",https://www.adzuna.com/details/5429158212?utm_medium=api&utm_source=a6e23083,N/A,15-2050
"Lead ML Engineer, Recommendation Systems",Launch Potato,"Philadelphia, Philadelphia County",Engineering Jobs,190000.0,"WHO ARE WE? Launch Potato is a profitable digital media company that reaches over 30M monthly visitors through brands such as FinanceBuzz , All About Cookies , and OnlyInYourState . As The Discovery and Conversion Company, our mission is to connect consumers with the world’s leading brands through data-driven content and technology. Headquartered in South Florida with a remote-first team spanning over 15 countries, we’ve built a high-growth, high-performance culture where speed, ownership, and …",https://www.adzuna.com/details/5429155207?utm_medium=api&utm_source=a6e23083,N/A,15-2050
"Senior Data Scientist, Pharmacology, Quantitative Biosciences",MSD,"West Point, Montgomery County",Scientific & QA Jobs,162800.0,"Job Description At our company, we are committed to improving the health and well-being of people around the world. As a leading global pharmaceutical company, we strive to make a difference through innovative research, discovery, and development of life-saving medications and vaccines. With over a century of experience and a steadfast dedication to scientific excellence, we have become a trusted name in the industry. Join our team and be a part of our mission to create a healthier future for a…",https://www.adzuna.com/details/5429153404?utm_medium=api&utm_source=a6e23083,N/A,15-2050
ETL Automation Engineer,Stefanini Group,"William Penn Annex East, Philadelphia County",IT Jobs,89567.19,"Job Description Stefanini Group is hiring! Stefanini is looking for a ETL Automation Engineer in Philadelphia, PA For quick apply, please connect with Ayush Dwivedi; Ph: 248 728 2636/ Ayush.dwivedi@stefanini.com Direct Hire/Fulltime Responsibilities: This Job Description is for the Information Technology Job Family, and could include anyone within the ITS department that performs these tasks. The mid-level Data Engineer Quality Automation position implements or modifies testing/data validation/…",https://www.adzuna.com/land/ad/5429145830?se=yCVotxei8BG2ZqCc3kJSJw&utm_medium=api&utm_source=a6e23083&v=B305EEE0223FFB4C7FB79AAA82C73AFAF0826683,N/A,15-2050
"Lead ML Engineer, Ad Performance",Launch Potato,"Pittsburgh, Allegheny County",Engineering Jobs,190000.0,"WHO ARE WE? Launch Potato is a profitable digital media company that reaches over 30M monthly visitors through brands such as FinanceBuzz , All About Cookies , and OnlyInYourState . As The Discovery and Conversion Company, our mission is to connect consumers with the world’s leading brands through data-driven content and technology. Headquartered in South Florida with a remote-first team spanning over 15 countries, we’ve built a high-growth, high-performance culture where speed, ownership, and …",https://www.adzuna.com/details/5429129404?utm_medium=api&utm_source=a6e23083,N/A,15-2050
VP of Data & Analytics Product Delivery,Berkshire Hathaway GUARD Insurance Company,"Middle West, Philadelphia County",IT Jobs,133680.94,"Good things are happening at Berkshire Hathaway GUARD Insurance Companies. We provide Property & Casualty insurance products and services through a nationwide network of independent agents and brokers. Our companies are all rated A “Superior” by AM Best (the leading independent insurance rating organization) and ultimately owned by Warren Buffett’s Berkshire Hathaway group – one of the financially strongest organizations in the world! Headquartered in Wilkes-Barre, PA, we employ over 1,000 indi…",https://www.adzuna.com/details/5429076404?utm_medium=api&utm_source=a6e23083,N/A,15-2050
Senior Clinical Research Scientist,Cook Group,"Fox Chapel, Allegheny County",Scientific & QA Jobs,115822.7,"Cook MyoSite, Inc., part of the Cook Group, Inc. family of companies, is on a mission to make regenerative medicine a part of everyday medicine. We’re investigating our core technology, autologous muscle-derived cells, for the potential treatment of several muscle-related disorders. We at Cook MyoSite have the potential to make a difference in the lives of countless people around the world, and we also have the potential to make a difference in yours. Joining our team is an opportunity to ignit…",https://www.adzuna.com/details/5429055026?utm_medium=api&utm_source=a6e23083,N/A,15-2050
Full-Stack Developer (Java),CapTech Consulting,"Philadelphia, Philadelphia County",IT Jobs,92700.58,"Job Description Consulting at CapTech: Partner with clients on team-based projects to deliver solutions across the full Software Development Lifecycle leveraging the Agile Methodology as well as modern technology languages, frameworks, and patterns. Technical Solutions: Thrive in a collaborative environment with many opportunities to learn from and share knowledge with other developers, architects, and our clients. Solutions include API-driven clients, microservice architectures, event-driven i…",https://www.adzuna.com/details/5428755257?utm_medium=api&utm_source=a6e23083,N/A,15-2050
"Senior Associate, Product Manager - Retail Bank",Capital One,"Feasterville, Bucks County",IT Jobs,152881.88,"Senior Associate, Product Manager - Retail Bank Product Management at Capital One is a booming, vibrant craft that requires reimagining the status quo, finding value creation opportunities, and driving innovative and sustainable customer experiences through technology. We believe our portfolio of businesses and investments in growth and transformation will result in a company with the scale, brand, capabilities, talent, and values to succeed as the digital revolution transforms our society and …",https://www.adzuna.com/land/ad/5428753227?se=yCVotxei8BG2ZqCc3kJSJw&utm_medium=api&utm_source=a6e23083&v=95F59B0F694482E073EAAA8A39CB253DD437FD28,N/A,15-2050
Sr. Business Systems Engineer,INSPYR Solutions,"Pittsburgh, Allegheny County",IT Jobs,154382.33,"Title: Sr. Business Systems Engineer Location: Pittsburg, PA Duration: Permanent Compensation: 100-120,000. Work Requirements: US Citizen, GC Holders or Authorized to Work in the U.S. Sr. Business Systems Engineer The Sr Business Systems Engineer – Corporate will be a key member of the Corporate Shared Technology Data Engineering team. This individual will serve as a strategic partner and technical expert, responsible for the design, development, enhancement, integration, maintenance and suppor…",https://www.adzuna.com/details/5428740002?utm_medium=api&utm_source=a6e23083,N/A,15-2050
"Senior Associate, Product Manager - Retail Bank",Capital One,"Philadelphia, Philadelphia County",IT Jobs,117842.91,"Senior Associate, Product Manager - Retail Bank Product Management at Capital One is a booming, vibrant craft that requires reimagining the status quo, finding value creation opportunities, and driving innovative and sustainable customer experiences through technology. We believe our portfolio of businesses and investments in growth and transformation will result in a company with the scale, brand, capabilities, talent, and values to succeed as the digital revolution transforms our society and …",https://www.adzuna.com/land/ad/5428615785?se=yCVotxei8BG2ZqCc3kJSJw&utm_medium=api&utm_source=a6e23083&v=B8542DEF2DD6E8265DF8FCCA7454E536FA38B54E,N/A,15-2050
Systems Engineering Intern with Security Clearance,Lockheed Martin,"King of Prussia, Montgomery County",IT Jobs,96387.28,"Job Number 698770BR Description:By bringing together people that use their passion for purposeful innovation, at Lockheed Martin we keep people safe and solve the world's most complex challenges. Our people are some of the greatest minds in the industry and truly make Lockheed Martin a great place to work. With our employees as our priority, we provide diverse career opportunities designed to propel development and boost agility. Our flexible schedules, competitive pay, and comprehensive benefi…",https://www.adzuna.com/land/ad/5428538390?se=yCVotxei8BG2ZqCc3kJSJw&utm_medium=api&utm_source=a6e23083&v=789AFF02B066D2E28803E6390D2220E9B67285FD,N/A,15-2050
Supply Chain Systems Analyst (Logistics) Intern (Summer 2026),Bechtel Plant Machinery,"Monroeville, Allegheny County",Engineering Jobs,88467.57,"Location: Monroeville, Pennsylvania Job Title: Supply Chain Systems Analyst (Logistics) Intern Status: Intern Hourly Range: $19.60 - $25.50 *Hourly rate commensurate with education and experience. Job Summary As a Supply Chain Systems Analyst (Logistics) Intern at BPMI, you will be responsible for the complete life cycle supply chain management of all parts and components for nuclear power plants and supporting systems. These responsibilities include understanding how demand is projected for co…",https://www.adzuna.com/details/5427510094?utm_medium=api&utm_source=a6e23083,N/A,15-2050
Data Engineer,Inherent Technologies,"Keech, Potter County",IT Jobs,114308.27,"Position: Data Engineer Location: West Chester, PA*Day 1 Onsite Azure Senior Data Lead with Azure Data Factory (ADF),Azure Databricks,SQL,Oracle PL/SQL,Python Job Summary The Senior Technical Lead will be responsible for leading the technical aspects of projects related to Azure Data Factory (ADF), Azure Databricks, SQL, Oracle PL/SQL, and Python. The role involves designing, developing, and maintaining data pipelines and ETL processes while ensuring high performance and scalability of data sol…",https://www.adzuna.com/details/5427440633?utm_medium=api&utm_source=a6e23083,N/A,15-2050
Geotechnical Engineer,WSP USA,"Wexford, Allegheny County",Engineering Jobs,94675.0,"This Opportunity WSP is currently initiating a search for a Geotechnical Engineer based out of our Wexford, PA office. Be involved in projects with our Earth & Environment Team and be a part of a growing organization that meets our client's objectives and solves their challenges. From this location, our team of geo-professionals provides services to clients in the oil & gas, transportation, mining, and other industrial sectors. This entry-level position provides an opportunity to join a fast-pa…",https://www.adzuna.com/details/5427430451?utm_medium=api&utm_source=a6e23083,N/A,15-2050
Geologist,WSP USA,"Wexford, Allegheny County",Engineering Jobs,79770.73,"This Opportunity WSP is currently initiating a search for a Geologist based out of our Wexford, PA office. Be involved in projects with our Earth & Environment Team and be a part of a growing organization that meets our client's objectives and solves their challenges. From this location, our team of geo-professionals provides services to clients in the oil & gas, transportation, mining, and other industrial sectors. This entry-level position provides an opportunity to join a fast-paced team tha…",https://www.adzuna.com/details/5427430450?utm_medium=api&utm_source=a6e23083,N/A,15-2050
Systems Analyst- Intermediate (Data Engineering/Architecture),UPMC,"Pittsburgh, Allegheny County",IT Jobs,75221.42,"UPMC is hiring an Intermediate Systems Analyst to join their team. If you have Data Management experience and looking for a remote opportunity with an excellent total rewards package APPLY NOW Under the general direction of the management team and senior staff the Systems Analyst - Intermediate (Data Engineering/Architecture) provides experienced analytical services, defining requirements, developing and/or maintaining computer applications/systems, and providing services to meet client IT and …",https://www.adzuna.com/details/5427429546?utm_medium=api&utm_source=a6e23083,N/A,15-2050
PRODUCT ENGINEER I,TE Connectivity,"Royalton, Dauphin County",Engineering Jobs,115189.96,"PRODUCT ENGINEER I At TE, you will unleash your potential working with people from diverse backgrounds and industries to create a safer, sustainable and more connected world. ? Connections matter. Make yours here.TE Connectivity is a global industrial technology leader creating a safer, sustainable, productive, and connected future. Our broad range of connectivity and sensor solutions enable the distribution of power, signal and data to advance next-generation transportation, renewable energy, …",https://www.adzuna.com/details/5427428126?utm_medium=api&utm_source=a6e23083,N/A,15-2050
DD&T Customer 360 Product Owner,Takeda Pharmaceuticals,"Exton, Chester County",IT Jobs,207291.52,"By clicking the ""Apply"" button, I understand that my employment application process with Takeda will commence and that the information I provide in my application will be processed in line with Takeda's Privacy Notice and Terms of Use . I further attest that all information I submit in my employment application is true to the best of my knowledge. Job Description Pursuant to Section 20 C.F.R. 656.10, you are hereby notified that an application for Alien Employment Certification will be filed by…",https://www.adzuna.com/details/5427427975?utm_medium=api&utm_source=a6e23083,N/A,15-2050
Engineering Production Support (AMPV),BAE Systems,"Fayfield, York County",Engineering Jobs,50936.79,"Job Description BAE Systems is hiring a Mechanical Engineer in York, PA on First Shift to provide Engineering Production Support (EPS) for the Armored Multi-Purpose Vehicle. This candidate will serve as an interface between manufacturing, design and production engineering for evaluating and resolving problems related to the design and fabrication of mechanical subsystems, assemblies, and components. This candidate will support design related change notices and variance activities. This position…",https://www.adzuna.com/details/5427427079?utm_medium=api&utm_source=a6e23083,N/A,15-2050
Data Engineer,Robert Half,"Southeastern, Chester County",IT Jobs,86572.15,"Description We are looking for a skilled Data Engineer to join our team in Wayne, Pennsylvania. This is a Contract-to-permanent position that offers a dynamic opportunity to work with large-scale data sets and contribute to data modeling and automation processes. If you're passionate about leveraging advanced tools and technologies to optimize data workflows, we encourage you to apply. Responsibilities: - Develop and implement data models for large-scale datasets, focusing on retailer data such…",https://www.adzuna.com/details/5427427064?utm_medium=api&utm_source=a6e23083,N/A,15-2050
Data Science Co-Op Spring 2026,J&J Family of Companies,"Horsham, Montgomery County",IT Jobs,42933.51,"At Johnson & Johnson,?we believe health is everything. Our strength in healthcare innovation empowers us to build a?world where complex diseases are prevented, treated, and cured,?where treatments are smarter and less invasive, and?solutions are personal.?Through our expertise in Innovative Medicine and MedTech, we are uniquely positioned to innovate across the full spectrum of healthcare solutions today to deliver the breakthroughs of tomorrow, and profoundly impact health for humanity.?Learn …",https://www.adzuna.com/details/5427426937?utm_medium=api&utm_source=a6e23083,N/A,15-2050
Software Engineer- Systems,Meta,"Penbrook, Dauphin County",IT Jobs,116012.39,"Summary: Meta Platforms, Inc. (Meta), formerly known as Facebook Inc., builds technologies that help people connect, find communities, and grow businesses. When Facebook launched in 2004, it changed the way people connect. Apps and services like Messenger, Instagram, and WhatsApp further empowered billions around the world. Now, Meta is moving beyond 2D screens toward immersive experiences like augmented and virtual reality to help build the next evolution in social technology. To apply, click …",https://www.adzuna.com/details/5427426714?utm_medium=api&utm_source=a6e23083,N/A,15-2050
Enterprise Engineer Sr (Senior Data Center Network Engineer),PNC,"Pittsburgh, Allegheny County",IT Jobs,114759.38,"Position Overview At PNC, our people are our greatest differentiator and competitive advantage in the markets we serve. We are all united in delivering the best experience for our customers. We work together each day to foster an inclusive workplace culture where all of our employees feel respected, valued and have an opportunity to contribute to the company's success. This position is primarily based in a location within PNC's footprint. Sr. Data Center Network Engineer with experience in desi…",https://www.adzuna.com/details/5427422602?utm_medium=api&utm_source=a6e23083,N/A,15-2050
Compliance Integration Principal Program Manager,Oracle,"Penbrook, Dauphin County",IT Jobs,152715.47,"Job Description *Please note, Visa / work permit sponsorship is not available for this position. The Org: Oracle Cloud Infrastructure (OCI) The Oracle Data Center Organization is growing rapidly. The OCI footprint has grown over 400% in the last 2 years and is on track to exceed that growth trend in the next 2 years. The OCI organization is the physical infrastructure support team that provides operational, logistical and compliance support for Oracle Data Center's globally. The Team: Program M…",https://www.adzuna.com/details/5427421564?utm_medium=api&utm_source=a6e23083,N/A,15-2050
Software Development Snr Manager,Oracle,"Penbrook, Dauphin County",IT Jobs,209972.56,"Job Description As the Senior Manager in OCI for Datacenter Software Engineering team, you will provide leadership to a dedicated team tasked with overseeing the end-to-end lifecycle of infrastructure projects within OCI. Your role will involve ensuring that the team's objectives are consistently aligned with the broader organizational goals, maintaining a strategic focus on long-term infrastructure stability and scalability. By fostering a high-performance culture, you will mentor and develop …",https://www.adzuna.com/details/5427421385?utm_medium=api&utm_source=a6e23083,N/A,15-2050
Remote Principal Member of Technical Staff - Full Stack Focus,Oracle,"Penbrook, Dauphin County",IT Jobs,148996.53,"Job Description As a Principal Member of Technical Staff, you will be a key contributor to the development and success of our next-generation CDA platform, which leverages the power of generative AI and cloud-native technologies. Your expertise in data platform engineering will drive the creation of a robust and intelligent system, enhancing the healthcare experience for patients and clinicians alike. Responsibilities Responsibilities:  Lead the design and implementation of the CDA data platfor…",https://www.adzuna.com/details/5427421433?utm_medium=api&utm_source=a6e23083,N/A,15-2050
Principal Member of Technical Staff - Backend Focus,Oracle,"Penbrook, Dauphin County",IT Jobs,153127.45,"Job Description As a Principal Member of Technical Staff, you will be a key contributor to the development and success of our next-generation CDA platform, which leverages the power of generative AI and cloud-native technologies. Your expertise in data platform engineering will drive the creation of a robust and intelligent system, enhancing the healthcare experience for patients and clinicians alike. Responsibilities Responsibilities:  Lead the design and implementation of the CDA data platfor…",https://www.adzuna.com/details/5427421371?utm_medium=api&utm_source=a6e23083,N/A,15-2050
"IC4 Principal TPM, Data Center Infrastructure Delivery Engineering",Oracle,"Penbrook, Dauphin County",IT Jobs,109974.59,"Job Description Why Oracle - Central PMO for Data Center Infrastructure Delivery Engineering Team Join Oracle and be at the forefront of cloud technology, where you can make a significant impact on the future of data centers and cloud computing. As a Principal TPM, you will have the unique opportunity to lead and influence a diverse range of teams, driving the strategic growth of Oracle Cloud Infrastructure (OCI). Your expertise will ensure seamless data center innovation, delivery and keep OCI…",https://www.adzuna.com/details/5427421258?utm_medium=api&utm_source=a6e23083,N/A,15-2050
Director- Data Center Project Control,Oracle,"Penbrook, Dauphin County",Engineering Jobs,168520.55,"Job Description Why Oracle - Leading the Way in Project Control Excellence: This Director role offers a unique opportunity to lead and transform the project control function within Oracle's Data Center Infrastructure Delivery Engineering team. The successful candidate will have a significant impact on the successful execution of data center projects, ensuring they are delivered on time, within budget, and to the highest standards. With a focus on people leadership, executive engagement, and pro…",https://www.adzuna.com/details/5427421145?utm_medium=api&utm_source=a6e23083,N/A,15-2050
Site Selection Manager,Oracle,"Penbrook, Dauphin County","Energy, Oil & Gas Jobs",135820.56,"Job Description This role will be responsible for performing global analytics and conducting market research in targeted metros and regions, developing site selection opportunities, determining market rates, negotiating commercial terms with data center operators and stakeholders, and constructing and negotiating complex lease agreements and associated legal documents for large sites. This will include Master Service Agreements, NRC service orders, new lease agreements, lease renewals, operatin…",https://www.adzuna.com/details/5427421057?utm_medium=api&utm_source=a6e23083,N/A,15-2050
Electrical Engineer (Data Centers),Jacobs,"Conshohocken, Montgomery County",Engineering Jobs,78060.82,"At Jacobs, we drive to make a positive impact on people's lives everywhere by bringing solutions and adding value to our communities and society as a whole. From facilities delivering life-saving therapies and ensuring clean water to enabling the connection of people through all modes of transportation and providing access to technology - we're integrating a multitude of these solution elements to build the smart environments of tomorrow. Grow your career with Jacobs, a company that inspires an…",https://www.adzuna.com/details/5427419389?utm_medium=api&utm_source=a6e23083,N/A,15-2050
Entry-Level Structural/Bridge Engineer,Jacobs,"Pittsburgh, Allegheny County",Engineering Jobs,53975.01,"Our People & Places Solutions business - reinforces our drive to improve the lives of people everywhere and epitomizes the ""why"" of what we do - the tremendous positive impact and value our solutions bring to our communities. From facilities delivering life-saving therapies and ensuring clean water to enabling the connection of people through all modes of transportation and providing access to technology - we're integrating a multitude of these solution elements to build the smart environments …",https://www.adzuna.com/details/5427419387?utm_medium=api&utm_source=a6e23083,N/A,15-2050
Entry-Level Structural/Bridge Engineer,Jacobs,"William Penn Annex East, Philadelphia County",Engineering Jobs,54011.06,"Our People & Places Solutions business - reinforces our drive to improve the lives of people everywhere and epitomizes the ""why"" of what we do - the tremendous positive impact and value our solutions bring to our communities. From facilities delivering life-saving therapies and ensuring clean water to enabling the connection of people through all modes of transportation and providing access to technology - we're integrating a multitude of these solution elements to build the smart environments …",https://www.adzuna.com/details/5427419391?utm_medium=api&utm_source=a6e23083,N/A,15-2050
Senior Data Quality/Integrity Engineer,Humana,"Penbrook, Dauphin County",IT Jobs,117580.23,"Become a part of our caring community and help us put health first Humana's Health Quality and Stars organization is seeking a Senior Data Quality/Integrity Engineer to deliver quality and value in a fast-paced, dynamic environment. The successful candidate will be self-directed, highly-engaged, and will demonstrate expertise and business intelligence in supporting execution of the HEDIS program and related activities, all within tightly regulated requirements and timelines. This will require b…",https://www.adzuna.com/details/5427419305?utm_medium=api&utm_source=a6e23083,N/A,15-2050
Summer 2026 Non Functional Data Test Engineering Undergraduate Intern,Highmark Health,"Penbrook, Dauphin County",IT Jobs,48181.3,"Company : enGen Job Description : Applicants must be authorized to work in the U.S. independently. At this time, we do not offer visa sponsorship for this role. SUMMARY OF JOB RESPONSIBILITIES This job has the goal of providing the opportunity to acquire practical experience through direct exposure to the related business line(s) and to develop the next generation of diverse business professionals. To that end, the program will provide hands-on training and experience in the business line, expo…",https://www.adzuna.com/details/5427419119?utm_medium=api&utm_source=a6e23083,N/A,15-2050
"Senior Product Manager, User Voice, gTech",Google,"Pittsburgh, Allegheny County",IT Jobs,261219.89,"Senior Product Manager, User Voice, gTech _corporate_fare_ Google _place_ Boulder, CO, USA; Pittsburgh, PA, USA Advanced Experience owning outcomes and decision making, solving ambiguous problems and influencing stakeholders; deep expertise in domain. _info_outline_ XThe application window will be open until at least September 17, 2025. This opportunity will remain online based on business needs which may be before or after the specified date.Note: By applying to this position you will have an …",https://www.adzuna.com/details/5427418106?utm_medium=api&utm_source=a6e23083,N/A,15-2050
"Research Intern, PhD, Summer 2026",Google,"Pittsburgh, Allegheny County",Scientific & QA Jobs,76291.46,"Research Intern, PhD, Summer 2026 _corporate_fare_ Google _place_ Mountain View, CA, USA; Atlanta, GA, USA; 28 more; 27 more _bar_chart_ Intern & Apprentice _info_outline_ X Applications will be reviewed on a rolling basis and it's in the candidate's best interest to apply early. The anticipated application window is open until February 27, 2026 , but may close earlier if all available projects are full. Applications submitted after the application window or once role is closed/projects are ful…",https://www.adzuna.com/details/5427418094?utm_medium=api&utm_source=a6e23083,N/A,15-2050
"Student Researcher, BS/MS, Winter/Summer 2026",Google,"Pittsburgh, Allegheny County",IT Jobs,103777.75,"Student Researcher, BS/MS, Winter/Summer 2026 _corporate_fare_ Google _place_ Mountain View, CA, USA; Ann Arbor, MI, USA; 18 more; 17 more _bar_chart_ Intern & Apprentice _info_outline_ X Applications will be reviewed on a rolling basis and it's in the applicant's best interest to apply early. The anticipated application window is open until July 17, 2026 , but may close earlier if all available projects are full. Applications submitted after the application window or once role is closed/projec…",https://www.adzuna.com/details/5427418108?utm_medium=api&utm_source=a6e23083,N/A,15-2050
"Student Researcher, BS/MS, Fall 2025",Google,"Pittsburgh, Allegheny County",IT Jobs,95280.15,"Student Researcher, BS/MS, Fall 2025 _corporate_fare_ Google _place_ Mountain View, CA, USA; Ann Arbor, MI, USA; 18 more; 17 more _bar_chart_ Intern & Apprentice _info_outline_ X Applications will be reviewed on a rolling basis and it's in the applicant's best interest to apply early. The anticipated application window is open until November 21, 2025 , but may close earlier if all available projects are full. Applications submitted after the application window or once role is closed/projects ar…",https://www.adzuna.com/details/5427418105?utm_medium=api&utm_source=a6e23083,N/A,15-2050
"Student Researcher, PhD, Fall 2025",Google,"Pittsburgh, Allegheny County",IT Jobs,110156.18,"Student Researcher, PhD, Fall 2025 _corporate_fare_ Google _place_ Mountain View, CA, USA; Ann Arbor, MI, USA; 18 more; 17 more _bar_chart_ Intern & Apprentice _info_outline_ X Applications will be reviewed on a rolling basis and it's in the applicant's best interest to apply early. The anticipated application window is open until November 21, 2025 , but may close earlier if all available projects are full. Applications submitted after the application window or once the role is closed/projects …",https://www.adzuna.com/details/5427418088?utm_medium=api&utm_source=a6e23083,N/A,15-2050
"Student Researcher, PhD, Winter/Summer 2026",Google,"Pittsburgh, Allegheny County",IT Jobs,119957.16,"Student Researcher, PhD, Winter/Summer 2026 _corporate_fare_ Google _place_ Mountain View, CA, USA; Ann Arbor, MI, USA; 18 more; 17 more _bar_chart_ Intern & Apprentice _info_outline_ X Applications will be reviewed on a rolling basis and it's in the applicant's best interest to apply early. The anticipated application window is open until July 17, 2026 , but may close earlier if all available projects are full. Applications submitted after the application window or once the role is closed/proj…",https://www.adzuna.com/details/5427418082?utm_medium=api&utm_source=a6e23083,N/A,15-2050
"Senior Data Scientist Manager, Product",Google,"Pittsburgh, Allegheny County",IT Jobs,214683.12,"Senior Data Scientist Manager, Product _corporate_fare_ Google _place_ Mountain View, CA, USA; Kirkland, WA, USA; 4 more; 3 more Advanced Experience owning outcomes and decision making, solving ambiguous problems and influencing stakeholders; deep expertise in domain. _info_outline_ XNote: By applying to this position you will have an opportunity to share your preferred working location from the following: Mountain View, CA, USA; Kirkland, WA, USA; New York, NY, USA; Pittsburgh, PA, USA; Seattl…",https://www.adzuna.com/details/5427418110?utm_medium=api&utm_source=a6e23083,N/A,15-2050
"Data Scientist, Product Intern, MS, Summer 2026",Google,"Pittsburgh, Allegheny County","PR, Advertising & Marketing Jobs",81837.23,"Data Scientist, Product Intern, MS, Summer 2026 _corporate_fare_ Google _place_ Mountain View, CA, USA; Ann Arbor, MI, USA; 30 more; 29 more _bar_chart_ Intern & Apprentice _info_outline_ X Please complete your application before October 31st, 2025. Applications will be reviewed on a rolling basis and it's in a candidate's best interest to apply early. Timing on when you can hear back will vary and can take upwards of 90 days. If you haven't heard from us in three months about your application,…",https://www.adzuna.com/details/5427418102?utm_medium=api&utm_source=a6e23083,N/A,15-2050
"Software Engineer, Product",Meta,"Penbrook, Dauphin County",IT Jobs,94278.29,"Summary: Meta Platforms, Inc. (Meta), formerly known as Facebook Inc., builds technologies that help people connect, find communities, and grow businesses. When Facebook launched in 2004, it changed the way people connect. Apps and services like Messenger, Instagram, and WhatsApp further empowered billions around the world. Now, Meta is moving beyond 2D screens toward immersive experiences like augmented and virtual reality to help build the next evolution in social technology. To apply, click …",https://www.adzuna.com/details/5427417000?utm_medium=api&utm_source=a6e23083,N/A,15-2050
Data Center Site Selection Manager,Meta,"Penbrook, Dauphin County",Legal Jobs,110230.37,"Summary: Meta designs, builds, leases, and operates the most innovative and efficient data centers in the world. Locating, developing and managing this data center infrastructure the ""right"" way is synonymous with ensuring high uptime, capacity availability, flexibility and capital and operational cost efficiency. Facebook is seeking an experienced, organized, and collaborative Site Selection Manager to join the Data Center Site Selection team.A qualified Data Center Site Selection Manager cand…",https://www.adzuna.com/details/5427416946?utm_medium=api&utm_source=a6e23083,N/A,15-2050
"Data Scientist, Product Analytics",Meta,"Penbrook, Dauphin County",IT Jobs,109520.34,"Summary: As a Data Scientist at Meta, you will shape the future of people-facing and business-facing products we build across our entire family of applications (Facebook, Instagram, Messenger, WhatsApp, Oculus). By applying your technical skills, analytical mindset, and product intuition to one of the richest data sets in the world, you will help define the experiences we build for billions of people and hundreds of millions of businesses around the world. You will collaborate on a wide array o…",https://www.adzuna.com/details/5427416955?utm_medium=api&utm_source=a6e23083,N/A,15-2050
Product Manager,Meta,"Penbrook, Dauphin County",IT Jobs,98868.97,"Summary: Meta Product Managers work with cross-functional teams of engineers, designers, data scientists and researchers to build products. We are looking for Product Managers who value moving quickly. Required Skills: Product Manager Responsibilities: 1. Be responsible for leading and driving a complex product area 2. defining success, prioritizing problems and identifying the best stategies, considering wider organizational and company context. Adapt and adjust your strategies to reflect lear…",https://www.adzuna.com/details/5427416947?utm_medium=api&utm_source=a6e23083,N/A,15-2050
"Data Scientist, Product Analytics",Meta,"Penbrook, Dauphin County",IT Jobs,137043.22,"Summary: As a Data Scientist at Meta, you will shape the future of people-facing and business-facing products we build across our entire family of applications (Facebook, Instagram, Messenger, WhatsApp, Oculus). By applying your technical skills, analytical mindset, and product intuition to one of the richest data sets in the world, you will help define the experiences we build for billions of people and hundreds of millions of businesses around the world. You will collaborate on a wide array o…",https://www.adzuna.com/details/5427416945?utm_medium=api&utm_source=a6e23083,N/A,15-2050
"Data Science Manager, Analytics",Meta,"Penbrook, Dauphin County",IT Jobs,120423.8,"Summary: As a Data Science Manager at Meta, you will help shape the future of the experiences we build for billions of people and hundreds of millions of businesses, creators, and partners around the world.You will apply your people leadership, project management, analytical, and technical skills, creativity, and product intuition to one of the largest data sets in the world. You will collaborate on a wide array of product and business problems with a wide-range of cross-functional partners acr…",https://www.adzuna.com/details/5427416937?utm_medium=api&utm_source=a6e23083,N/A,15-2050
"Data Engineer, Product Analytics",Meta,"Penbrook, Dauphin County",IT Jobs,126499.6,"Summary: As a Data Engineer at Meta, you will shape the future of people-facing and business-facing products we build across our entire family of applications (Facebook, Instagram, Messenger, WhatsApp, Reality Labs, Threads). Your technical skills and analytical mindset will be utilized designing and building some of the world's most extensive data sets, helping to craft experiences for billions of people and hundreds of millions of businesses worldwide.In this role, you will collaborate with s…",https://www.adzuna.com/details/5427416951?utm_medium=api&utm_source=a6e23083,N/A,15-2050
"Data Engineer, Analytics",Meta,"Penbrook, Dauphin County",IT Jobs,121534.62,"Summary: Meta Platforms, Inc. (Meta), formerly known as Facebook Inc., builds technologies that help people connect, find communities, and grow businesses. When Facebook launched in 2004, it changed the way people connect. Apps and services like Messenger, Instagram, and WhatsApp further empowered billions around the world. Now, Meta is moving beyond 2D screens toward immersive experiences like augmented and virtual reality to help build the next evolution in social technology. To apply, click …",https://www.adzuna.com/details/5427417046?utm_medium=api&utm_source=a6e23083,N/A,15-2050
Technical Specialist,Meta,"Penbrook, Dauphin County",IT Jobs,62515.57,"Summary: Meta Platforms, Inc. (Meta), formerly known as Facebook Inc., builds technologies that help people connect, find communities, and grow businesses. When Facebook launched in 2004, it changed the way people connect. Apps and services like Messenger, Instagram, and WhatsApp further empowered billions around the world. Now, Meta is moving beyond 2D screens toward immersive experiences like augmented and virtual reality to help build the next evolution in social technology. To apply, click …",https://www.adzuna.com/details/5427416995?utm_medium=api&utm_source=a6e23083,N/A,15-2050
Software Engineering Manager - Surface Coverage,Meta,"Penbrook, Dauphin County",IT Jobs,69157.85,"Summary: At Cross-Meta Security (X-Sec) our mission is to protect the company, our community, and its data while empowering safe innovation. Within X-Sec, the Detect & Respond (XDR) pillar aims to minimize the harm caused by unauthorized access or inappropriate usage of Meta's systems and data. To do so, we build platforms and services to help us detect, investigate, contain and recover from Security Incidents as early as possible. We focus on both external cyber threats and internal abuse. Sur…",https://www.adzuna.com/details/5427416964?utm_medium=api&utm_source=a6e23083,N/A,15-2050
Product Designer,Meta,"Penbrook, Dauphin County",IT Jobs,106482.31,"Summary: Meta is seeking a highly skilled and experienced Product Designer to play a central role in shaping the future of our products. As a key member of our design team, you will be responsible for ensuring that our products and features are valuable, easy to use, and of the highest level of craft and execution.In this role, you will work closely with cross-functional teams, including product management, engineering, data science, UX research, content design, and other disciplines to build g…",https://www.adzuna.com/details/5427416959?utm_medium=api&utm_source=a6e23083,N/A,15-2050
Product Manager,Meta,"Penbrook, Dauphin County",IT Jobs,95805.52,"Summary: Meta Product Managers work with cross-functional teams of engineers, designers, data scientists and researchers to build products. We are looking for Product Managers who value moving quickly. Required Skills: Product Manager Responsibilities: 1. Responsible for leading a product area 2. defining success metrics, prioritizing product problems and identifying the best strategies for the product, aligned with the organizational goals. Adapt and adjust your strategy to reflect learnings a…",https://www.adzuna.com/details/5427416944?utm_medium=api&utm_source=a6e23083,N/A,15-2050
Data Engineer,Meta,"Penbrook, Dauphin County",IT Jobs,100034.78,"Summary: Meta Platforms, Inc. (Meta), formerly known as Facebook Inc., builds technologies that help people connect, find communities, and grow businesses. When Facebook launched in 2004, it changed the way people connect. Apps and services like Messenger, Instagram, and WhatsApp further empowered billions around the world. Now, Meta is moving beyond 2D screens toward immersive experiences like augmented and virtual reality to help build the next evolution in social technology. To apply, click …",https://www.adzuna.com/details/5427417044?utm_medium=api&utm_source=a6e23083,N/A,15-2050
"Software Engineer, Systems",Meta,"Penbrook, Dauphin County",IT Jobs,118429.55,"Summary: Meta Platforms, Inc. (Meta), formerly known as Facebook Inc., builds technologies that help people connect, find communities, and grow businesses. When Facebook launched in 2004, it changed the way people connect. Apps and services like Messenger, Instagram, and WhatsApp further empowered billions around the world. Now, Meta is moving beyond 2D screens toward immersive experiences like augmented and virtual reality to help build the next evolution in social technology. To apply, click …",https://www.adzuna.com/details/5427416994?utm_medium=api&utm_source=a6e23083,N/A,15-2050
Software Engineer (Product),Meta,"Penbrook, Dauphin County",IT Jobs,95978.55,"Summary: Meta Platforms, Inc. (Meta), formerly known as Facebook Inc., builds technologies that help people connect, find communities, and grow businesses. When Facebook launched in 2004, it changed the way people connect. Apps and services like Messenger, Instagram, and WhatsApp further empowered billions around the world. Now, Meta is moving beyond 2D screens toward immersive experiences like augmented and virtual reality to help build the next evolution in social technology. To apply, click …",https://www.adzuna.com/details/5427417028?utm_medium=api&utm_source=a6e23083,N/A,15-2050
"Data Engineer, Analytics",Meta,"Penbrook, Dauphin County",IT Jobs,120814.91,"Summary: Meta Platforms, Inc. (Meta), formerly known as Facebook Inc., builds technologies that help people connect, find communities, and grow businesses. When Facebook launched in 2004, it changed the way people connect. Apps and services like Messenger, Instagram, and WhatsApp further empowered billions around the world. Now, Meta is moving beyond 2D screens toward immersive experiences like augmented and virtual reality to help build the next evolution in social technology. To apply, click …",https://www.adzuna.com/details/5427416990?utm_medium=api&utm_source=a6e23083,N/A,15-2050
"Network Production Engineer, Design",Meta,"Penbrook, Dauphin County",IT Jobs,94748.88,"Summary: Data Center Network Engineers at Meta are hybrid software and network engineers who design, build, and operate our worldwide Data Center network. This team owns the complete lifecycle of the Data Center network, which includes areas of planning, design, product definition, QA, deployment, and monitoring. Simple, elegant, and scalable network design, automation, and data analytics are the keys to meeting our demands. In this role, you will be part of a team that is responsible for conce…",https://www.adzuna.com/details/5427417011?utm_medium=api&utm_source=a6e23083,N/A,15-2050
"Software Engineer, Product",Meta,"Penbrook, Dauphin County",IT Jobs,96675.8,"Summary: Meta Platforms, Inc. (Meta), formerly known as Facebook Inc., builds technologies that help people connect, find communities, and grow businesses. When Facebook launched in 2004, it changed the way people connect. Apps and services like Messenger, Instagram, and WhatsApp further empowered billions around the world. Now, Meta is moving beyond 2D screens toward immersive experiences like augmented and virtual reality to help build the next evolution in social technology. To apply, click …",https://www.adzuna.com/details/5427417005?utm_medium=api&utm_source=a6e23083,N/A,15-2050
BI Engineer,Evolent,"Penbrook, Dauphin County",IT Jobs,71355.95,"Your Future Evolves Here Evolent partners with health plans and providers to achieve better outcomes for people with most complex and costly health conditions. Working across specialties and primary care, we seek to connect the pieces of fragmented health care system and ensure people get the same level of care and compassion we would want for our loved ones. Evolent employees enjoy work/life balance, the flexibility to suit their work to their lives, and autonomy they need to get things done. …",https://www.adzuna.com/details/5427416921?utm_medium=api&utm_source=a6e23083,N/A,15-2050
ConvergeCONSUMER - Optimization Data Scientist (Senior Consultant) - Innovation_Delivery_Transformation,Deloitte,"William Penn Annex East, Philadelphia County",Engineering Jobs,207361.31,"The Team The Innovation & Delivery Transformation team is building the future of our business. This the group responsible for identifying, nurturing, scaling, and ultimately winning in new markets with new capabilities. We don't rely on what the firm has always done - we look to the future and invest where we know the growth will be 3, 5, 10 years down the road. The Innovation & Delivery Transformation Team collaborates with Industries, Offering Portfolios, Growth, and Delivery Transformation t…",https://www.adzuna.com/details/5427416464?utm_medium=api&utm_source=a6e23083,N/A,15-2050
Manager - Forensic Analytics-Anti-Money Laundering,Deloitte,"Pittsburgh, Allegheny County",Accounting & Finance Jobs,121808.11,"Manager, Anti-Money Laundering Analytics About Deloitte Regulatory, Risk & ForensicOur Deloitte Regulatory, Risk & Forensic team helps client leaders translate multifaceted risk and an evolving regulatory environment into defensible actions that strengthen, protect, and transform their organizations. Join our team and use advanced data, AI, and emerging technologies with industry insights to help clients bring clarity from complexity and accelerate their path to value creation. Work you'll do E…",https://www.adzuna.com/details/5427416459?utm_medium=api&utm_source=a6e23083,N/A,15-2050
Manager - Forensic Analytics-Anti-Money Laundering,Deloitte,"William Penn Annex East, Philadelphia County",Accounting & Finance Jobs,121889.34,"Manager, Anti-Money Laundering Analytics About Deloitte Regulatory, Risk & ForensicOur Deloitte Regulatory, Risk & Forensic team helps client leaders translate multifaceted risk and an evolving regulatory environment into defensible actions that strengthen, protect, and transform their organizations. Join our team and use advanced data, AI, and emerging technologies with industry insights to help clients bring clarity from complexity and accelerate their path to value creation. Work you'll do E…",https://www.adzuna.com/details/5427416452?utm_medium=api&utm_source=a6e23083,N/A,15-2050
ConvergeCONSUMER - Optimization Data Scientist (Senior Consultant) - Innovation_Delivery_Transformation,Deloitte,"Pittsburgh, Allegheny County",Engineering Jobs,207222.92,"The Team The Innovation & Delivery Transformation team is building the future of our business. This the group responsible for identifying, nurturing, scaling, and ultimately winning in new markets with new capabilities. We don't rely on what the firm has always done - we look to the future and invest where we know the growth will be 3, 5, 10 years down the road. The Innovation & Delivery Transformation Team collaborates with Industries, Offering Portfolios, Growth, and Delivery Transformation t…",https://www.adzuna.com/details/5427416442?utm_medium=api&utm_source=a6e23083,N/A,15-2050
ConvergeProsperity - BankingSuite - Head of Product (Senior Manager) - Innovation_Delivery_Transformation,Deloitte,"William Penn Annex East, Philadelphia County",IT Jobs,316566.6,"The Team The Innovation & Delivery Transformation team is building the future of our business. This the group responsible for identifying, nurturing, scaling, and ultimately winning in new markets with new capabilities. We don't rely on what the firm has always done - we look to the future and invest where we know the growth will be 3, 5, 10 years down the road. The Innovation & Delivery Transformation Team collaborates with Industries, Offering Portfolios, Growth, and Delivery Transformation t…",https://www.adzuna.com/details/5427416348?utm_medium=api&utm_source=a6e23083,N/A,15-2050
"Salesforce Configure, Price, Quote (CPQ) Manager",Deloitte,"Pittsburgh, Allegheny County",Consultancy Jobs,152736.14,"Salesforce CPQ Consulting Manager Our Deloitte Customer team empowers organizations to build deeper relationships with customers through innovative strategies, advanced analytics, Generative AI, transformative technologies, and creative design. We can enhance customer experiences and drive sustained growth and customer value creation and capture, through customer and commercial strategies, digital products and innovation, marketing, commerce, sales, and service. We are a team of strategists, da…",https://www.adzuna.com/details/5427416326?utm_medium=api&utm_source=a6e23083,N/A,15-2050
ConvergeProsperity - BankingSuite - Head of Product (Senior Manager) - Innovation_Delivery_Transformation,Deloitte,"Pittsburgh, Allegheny County",IT Jobs,316355.66,"The Team The Innovation & Delivery Transformation team is building the future of our business. This the group responsible for identifying, nurturing, scaling, and ultimately winning in new markets with new capabilities. We don't rely on what the firm has always done - we look to the future and invest where we know the growth will be 3, 5, 10 years down the road. The Innovation & Delivery Transformation Team collaborates with Industries, Offering Portfolios, Growth, and Delivery Transformation t…",https://www.adzuna.com/details/5427416358?utm_medium=api&utm_source=a6e23083,N/A,15-2050
"Salesforce Configure, Price, Quote (CPQ) Manager",Deloitte,"William Penn Annex East, Philadelphia County",Consultancy Jobs,152838.0,"Salesforce CPQ Consulting Manager Our Deloitte Customer team empowers organizations to build deeper relationships with customers through innovative strategies, advanced analytics, Generative AI, transformative technologies, and creative design. We can enhance customer experiences and drive sustained growth and customer value creation and capture, through customer and commercial strategies, digital products and innovation, marketing, commerce, sales, and service. We are a team of strategists, da…",https://www.adzuna.com/details/5427416309?utm_medium=api&utm_source=a6e23083,N/A,15-2050
Data Steward Lead - Enterprise Data Governance,Constellation,"Penbrook, Dauphin County",IT Jobs,131880.3,"WHO WE ARE As the nation's largest producer of clean, carbon-free energy, Constellation is focused on our purpose: accelerating the transition to a carbon-free future. We have been the leader in clean energy production for more than a decade, and we are cultivating a workplace where our employees can grow, thrive, and contribute. Our culture and employee experience make it clear: We are powered by passion and purpose. Together, we're creating healthier communities and a cleaner planet, and our …",https://www.adzuna.com/details/5427415551?utm_medium=api&utm_source=a6e23083,N/A,15-2050
Adobe Customer Journey Analytics Lead,Accenture,"William Penn Annex East, Philadelphia County",Consultancy Jobs,195090.19,"We Are: Accenture is a global professional services company with leading capabilities in digital, cloud and security. Combining unmatched experience and specialized skills across more than 40 industries, we offer Strategy and Consulting, Interactive, Technology and Operations services-all powered by the world's largest network of Advanced Technology and Intelligent Operations centers. Over 700,000 people deliver on the promise of technology and human ingenuity every day, serving clients in more…",https://www.adzuna.com/details/5427412639?utm_medium=api&utm_source=a6e23083,N/A,15-2050
Adobe Customer Journey Analytics Lead,Accenture,"Pittsburgh, Allegheny County",Consultancy Jobs,194960.17,"We Are: Accenture is a global professional services company with leading capabilities in digital, cloud and security. Combining unmatched experience and specialized skills across more than 40 industries, we offer Strategy and Consulting, Interactive, Technology and Operations services-all powered by the world's largest network of Advanced Technology and Intelligent Operations centers. Over 700,000 people deliver on the promise of technology and human ingenuity every day, serving clients in more…",https://www.adzuna.com/details/5427412488?utm_medium=api&utm_source=a6e23083,N/A,15-2050
AI Transformation Senior Manager - Retail,Accenture,"William Penn Annex East, Philadelphia County",Consultancy Jobs,253718.14,"We are: Accenture Song accelerates growth and value for our retail clients through sustained customer relevance. Our capabilities span from ideation to execution: growth, product and experience design; technology and experience platforms; creative, media and marketing strategy; and campaign, content and channel orchestration. With strong client relationships and deep industry expertise, we help our clients operate at the speed of life through the unlimited potential of imagination, technology a…",https://www.adzuna.com/details/5427412481?utm_medium=api&utm_source=a6e23083,N/A,15-2050
AI Transformation Senior Manager - Retail,Accenture,"Pittsburgh, Allegheny County",Consultancy Jobs,253549.31,"We are: Accenture Song accelerates growth and value for our retail clients through sustained customer relevance. Our capabilities span from ideation to execution: growth, product and experience design; technology and experience platforms; creative, media and marketing strategy; and campaign, content and channel orchestration. With strong client relationships and deep industry expertise, we help our clients operate at the speed of life through the unlimited potential of imagination, technology a…",https://www.adzuna.com/details/5427412504?utm_medium=api&utm_source=a6e23083,N/A,15-2050
"Life Sciences MedTech R&D, Technology Consulting Senior Manager",Accenture,"William Penn Annex East, Philadelphia County",Consultancy Jobs,299044.0,"We Are: Accenture Tech Consulting. We provide innovative and comprehensive services and solutions that span cloud, systems integration and application management, security, intelligent platform services, infrastructure services, software engineering services, data and AI, automation, and global delivery through our Advanced Technology Centers. We continuously innovate our services, capabilities, and platforms through early adoption of new technologies such as generative AI, blockchain, robotics…",https://www.adzuna.com/details/5427412476?utm_medium=api&utm_source=a6e23083,N/A,15-2050
"Critical Infrastructure Mechanical Engineer, Data Center Field Engineering","Amazon Data Services, Inc.","Berwick, Columbia County",Engineering Jobs,136879.28,"AWS Infrastructure Services owns the design, planning, delivery, and operation of all AWS global infrastructure. In other words, we’re the people who keep the cloud running. We support all AWS data centers and all of the servers, storage, networking, power, and cooling equipment that ensure our customers have continual access to the innovation they rely on. We work on the most challenging problems, with thousands of variables impacting the supply chain — and we’re looking for talented people wh…",https://www.adzuna.com/land/ad/5427347444?se=VKccuRei8BG2ZqCc3kJSJw&utm_medium=api&utm_source=a6e23083&v=B136A0BFBA07EA27FDB220F2584FE4598A2CD18E,N/A,15-2050
Network Development Engineer,CyberCoders,"Philadelphia, Philadelphia County",IT Jobs,212500.0,"Network Development Engineer *Title: *Network Engineer *Location:* FULLY remote! *Salary: *$175k-$250k/year base DOE  RSUs *Requirements: *7 years of Network Engineering experience in Cloud Computing environment, Software Defined Networking, CCNP, HPC/AI Our global platform focuses AI/High Performance Computing Infrastructure. Founded in 2017, we are now post-IPO, publicly traded, and experiencing MASSIVE GROWTH Our revenue grew over 95% in the last YEAR! We have made several acquisitions and f…",https://www.adzuna.com/details/5427292643?utm_medium=api&utm_source=a6e23083,N/A,15-2050
"SAP iXp Intern - Business Intelligence and Data Analytics, SAP Community",SAP,"Newtown Square, Delaware County",IT Jobs,76220.98,"We help the world run better At SAP, we keep it simple: you bring your best to us, and we'll bring out the best in you. We're builders touching over 20 industries and 80% of global commerce, and we need your unique talents to help shape what's next. The work is challenging – but it matters. You'll find a place where you can be yourself, prioritize your wellbeing, and truly belong. What's in it for you? Constant learning, skill growth, great benefits, and a team that wants you to grow and succee…",https://www.adzuna.com/details/5427233382?utm_medium=api&utm_source=a6e23083,N/A,15-2050
"Specialty Tax Services Associate, Business Incentives Group - Summer 2026 (Philadelphia)",BDO USA,"Middle West, Philadelphia County",Accounting & Finance Jobs,102500.0,"Description Job Summary: Our Specialized Tax Services (“STS”) Business Incentives Group (“BIG”) business has doubled in the last three years and tripled in the last six. STS BIG Associates have been key to our success, and they are central to our plans to continue as one of BDO’s premiere national consulting practices. As an STS Tax Associate, Business Incentives Group, you will help achieve BDO’s core purpose—helping people thrive every day—by helping companies and individuals identify and cla…",https://www.adzuna.com/details/5427119595?utm_medium=api&utm_source=a6e23083,N/A,15-2050
Geologist,WSP,"Wexford, Allegheny County","Energy, Oil & Gas Jobs",60632.0,"Description This Opportunity WSP is currently initiating a search for a Geologist based out of our Wexford, PA office. Be involved in projects with our Earth & Environment Team and be a part of a growing organization that meets our client’s objectives and solves their challenges. From this location, our team of geo-professionals provides services to clients in the oil & gas, transportation, mining, and other industrial sectors. This entry-level position provides an opportunity to join a fast-pa…",https://www.adzuna.com/details/5427114602?utm_medium=api&utm_source=a6e23083,N/A,15-2050
Strategic Account Manager (Ad Tech),CivicScience,"Pittsburgh, Allegheny County",Sales Jobs,168156.11,"Every day, CivicScience gathers opinions from millions of consumers on thousands of topics that provide high-velocity insights to leading brands. If there's a question critical to the marketing strategy of the Global 2000, CivicScience has the data. Overview CivicScience improves data-driven advertising across the open Web through the use of responsibly sourced, high-quality audience segments, without dependence on third-party cookies. We are seeking a Strategic Account Manager to join our fast…",https://www.adzuna.com/details/5427090571?utm_medium=api&utm_source=a6e23083,N/A,15-2050
Data Application Specialist,Pmhcc Inc.,"William Penn Annex West, Philadelphia County",IT Jobs,166400.0,"Position Summary: The Data Application Specialist works as a member of the HealthIT team under the Sr. Data Engineer to support the DPH goals of enhancing department research and public services and facilitating the establishment and maintenance of department-wide data governance. This position is responsible for executing on project plans, and maintaining existing data-related solutions for department and divisional needs and services. This is multi-faceted position with responsibility within …",https://www.adzuna.com/details/5427090177?utm_medium=api&utm_source=a6e23083,N/A,15-2050
Scrum Master,Jobot,"Philadelphia, Philadelphia County",IT Jobs,89204.55,"This company is a premier digital marketing and research company that is growing their IT team for a fast moving project. This Jobot Consulting Job is hosted by: Alex Dickinson Are you a fit? Easy Apply now by clicking the ""Apply Now"" button and sending us your resume. Salary: $40 - $50 per hour A bit about us: This company provides some of the most well known healthcare and pharmaceutical with digital and research support. They have a remote work culture and are fast paced! Why join us? Job du…",https://www.adzuna.com/land/ad/5427079299?se=VKccuRei8BG2ZqCc3kJSJw&utm_medium=api&utm_source=a6e23083&v=CC697A8E364B0CF59378A0B81E8F2C8DC325DA32,N/A,15-2050
Manager - IT,Wesco,"Pittsburgh, Allegheny County",IT Jobs,165325.69,"Description We are seeking a dynamic and experienced Manager – IT with a strong background in leading technical teams within data-driven environments. This role is ideal for a strategic leader who excels at managing analytical business systems and high-performance data and reporting teams. The successful candidate will be responsible for overseeing all aspects of IT reporting infrastructure, analytical system performance, and business intelligence initiatives—ensuring that the organization’s te…",https://www.adzuna.com/details/5427077921?utm_medium=api&utm_source=a6e23083,N/A,15-2050
"Director of Talent Acquisition, Tech",Duolingo,"Pittsburgh, Allegheny County",HR & Recruitment Jobs,288580.16,"Our mission at Duolingo is to develop the best education in the world and make it universally available. It’s a big mission, and that’s where you come in! At Duolingo, you’ll join a team that cares about educating our users, experimenting with big ideas, making fact-based decisions, and finding innovative solutions to complex problems. You’ll have limitless learning opportunities and daily collaborations with world-class minds — while doing work that’s both meaningful and fun. Join our life-cha…",https://www.adzuna.com/details/5427069946?utm_medium=api&utm_source=a6e23083,N/A,15-2050
Data Engineer,Forhyre,"Feasterville, Bucks County",IT Jobs,130000.0,"We are looking for a passionate certified Data Engineer. The successful candidate will turn data into information, information into insight and insight into business decisions. Data analyst responsibilities include conducting full lifecycle analysis to include requirements, activities and design. Data analysts will develop analysis and reporting capabilities. They will also monitor performance and quality control plans to identify improvements. Primary skillset: Python/Pyspark & Azure, ADF, SQL…",https://www.adzuna.com/details/5427026496?utm_medium=api&utm_source=a6e23083,N/A,15-2050
Geotechnical Engineer,WSP,"Wexford, Allegheny County","Energy, Oil & Gas Jobs",75124.71,"Description This Opportunity WSP is currently initiating a search for a Geotechnical Engineer based out of our Wexford, PA office. Be involved in projects with our Earth & Environment Team and be a part of a growing organization that meets our client’s objectives and solves their challenges. From this location, our team of geo-professionals provides services to clients in the oil & gas, transportation, mining, and other industrial sectors. This entry-level position provides an opportunity to jo…",https://www.adzuna.com/details/5427012475?utm_medium=api&utm_source=a6e23083,N/A,15-2050
Senior Data Engineer - Real Time Analytics,The Vanguard Group,"Malvern, Chester County",IT Jobs,135904.27,"Required Skill set: (Please don’t apply if you do not have these skills and experience) Proven experience as a Data Engineer Familiarity with real-time data processing and analytics. Strong proficiency in Python programming for data engineering tasks. Experience using Python libraries and frameworks. Strong hands-on experience with real-time data streaming technologies such as AWS Kinesis, Apache Kafka, Apache Flink, or similar technologies. Solid understanding of SQL and experience working wit…",https://www.adzuna.com/details/5427004998?utm_medium=api&utm_source=a6e23083,N/A,15-2050
Survey Crew Chief,Cedarville Engineering Group,"Pottstown, Montgomery County",Engineering Jobs,78000.0,"Join a High-Performance Team That’s Redefining Excellence Cedarville Engineering Group, LLC (CEG) is a civil engineering and environmental design-build firm dedicated to improving quality of life through smart, sustainable infrastructure. Our work combines technical excellence with real-world impact — delivering innovative solutions that serve communities, protect natural resources, and stand the test of time. CEG is focused on building a culture where top performers thrive. We believe that suc…",https://www.adzuna.com/details/5426527034?utm_medium=api&utm_source=a6e23083,N/A,15-2050
Sr. Data Scientist,"Cadent, LLC","Philadelphia, Philadelphia County",IT Jobs,134296.72,"Cadent ignites seamless connections between brands, publishers & consumers. Our predictive AI orchestrates outcomes on any platform customers are on, across any media they consume & at any stage of the journey. To learn more, please visit thenewcadent.com. Right now, we are looking for a highly motivated Data Scientist who will be responsible for applying scientific methods to identify business optimization strategies and develop, evaluate and demonstrate prototypes of empirical software includ…",https://www.adzuna.com/details/5426424894?utm_medium=api&utm_source=a6e23083,N/A,15-2050
Senior Data Engineer,Lever Demo - IS Opportunities,"California, Washington County",HR & Recruitment Jobs,78757.28,"________This is an example!________ PLEASE READ: these jobs are testing jobs of Lever's testing environment - please do not apply for this job. Lever was founded ten years ago to tackle the most strategic challenge that companies face: how to recruit and hire top talent. We’re building the next generation of hiring software that companies like Netflix, Yelp, Cirque du Soleil, Shopify, and Spotify rely on to grow their teams. We've rethought the talent acquisition paradigm and are the innovation…",https://www.adzuna.com/details/5426313935?utm_medium=api&utm_source=a6e23083,N/A,15-2050
Industrial Engineer,Mattel,"Jonestown, Lebanon County",Engineering Jobs,96978.49,"Job Description The Opportunity: The primary purpose of the Industrial Engineer position is to analyze, design, and optimize systems, processes, and workflows to improve efficiency, reduce costs, and enhance productivity across operations. This role applies engineering principles and data-driven methodologies to identify opportunities for continuous improvement in areas such as manufacturing, logistics, quality control, and resource utilization. The Industrial Engineer collaborates cross-functi…",https://www.adzuna.com/details/5426106257?utm_medium=api&utm_source=a6e23083,N/A,15-2050
Project Engineer,New Standard Corporation,"York, York County",Engineering Jobs,93681.38,"Job Description Job Description Job Posting: Manufacturing Project Engineer Location: Hellam, PA New Standard is seeking a highly skilled and motivated Manufacturing Project Engineer to lead the launch of new products for our valued customers. This is an exciting opportunity to manage complex projects, work with cross-functional teams, and drive continuous improvement in our manufacturing processes. Key Responsibilities: Lead and manage the manufacturing launch of new products for key customers…",https://www.adzuna.com/details/5425832889?utm_medium=api&utm_source=a6e23083,N/A,15-2050
Business Analyst - Distribution Engineering,FirstEnergy Group,"Reading, Berks County",Engineering Jobs,81858.23,"FirstEnergy at a Glance We are a forward-thinking electric utility powered by a diverse team of employees committed to making customers' lives brighter, the environment better and our communities stronger. FirstEnergy (NYSE: FE) is dedicated to integrity, safety, reliability, and operational excellence. Headquartered in Akron, Ohio, FirstEnergy includes one of the nation's largest investor-owned electric systems, more than 24,000 miles of transmission lines that connect the Midwest and Mid-Atla…",https://www.adzuna.com/details/5425211313?utm_medium=api&utm_source=a6e23083,N/A,15-2050
Interconnection Project Manager,Ecoplexus,"Harrisburg, Dauphin County","Energy, Oil & Gas Jobs",83992.34,"Interconnection Project Manager Location: North Carolina, Remote, Mexico City This is a mid-level position that does not require extensive experience but requires someone who can multitask and is highly organized, detail-oriented, and self-motivated. We will also consider entry-level candidates who have the potential to develop in the position. Seated in Durham, North Carolina, or at a remote location, the candidate will oversee the project interconnection process for multiple development proje…",https://www.adzuna.com/details/5425210203?utm_medium=api&utm_source=a6e23083,N/A,15-2050
Data Science Intern (Summer 2026),Bechtel Plant Machinery,"Monroeville, Allegheny County","Energy, Oil & Gas Jobs",53772.02,"Location: Monroeville, Pennsylvania Job Title: Data Science Intern (Summer 2026) Status: Intern Hourly Range: $24.70 - $29.20 *Hourly rate commensurate with education and experience. Job Summary As a Data Science Intern at BPMI, you will be responsible for assisting in the adoption of data science and reporting into our standard project execution methods and procedures to support initiatives enhancing the work of BPMI by working with Subject Matter Experts to solve problems using Program data. …",https://www.adzuna.com/details/5425209045?utm_medium=api&utm_source=a6e23083,N/A,15-2050
AI Admin ( Copilot Exp is must have ),Conch Technologies Inc,"South Erie, Erie County",IT Jobs,108526.48,"HI Greetings, Position: AI Admin ( Copilot Exp is must have ) Location: Erie , PA Onsite Duration: 12 Months Contract Top Skills' Details 1. At least 4 years in the AI space 2. Job duties as an administrator as detailed below 3. CoPilot Experience; Chat GPT is nice to have as well Job Description These skills ensure that an AI Admin can effectively manage AI systems, from installation and configuration to performance monitoring and optimization, while collaborating with various teams to achieve…",https://www.adzuna.com/details/5424994732?utm_medium=api&utm_source=a6e23083,N/A,15-2050
Senior Application Developer – Databricks,Sysmind LLC,"Warrendale, Allegheny County",IT Jobs,126612.45,"Job Purpose This position is part of the Enterprise Data & Analytics Capability team under the Global Technology Organization. In this role, you will lead the design, development, and optimization of large-scale data solutions on the Databricks platform Desired Skills and Experience Essential skills Bachelor's degree in Computer Science, Engineering, or a related field Minimum of 5 years' programming experience which includes at least one year working with a big data platform; experience in dat…",https://www.adzuna.com/details/5424993447?utm_medium=api&utm_source=a6e23083,N/A,15-2050
"Summer 2026 Internship, Enterprise Data Management","Under Armour, Inc.","Penbrook, Dauphin County",Scientific & QA Jobs,38993.41,"Summer 2026 Internship, Enterprise Data Management Summer 2026 Internship, Enterprise Data Management Under Armour has one mission: to make you better. We have a commitment to innovation that lies at the heart of everything we do, not just for our athletes but also for our teammates. As a global organization, our teams around the world push boundaries and think beyond what is expected. Together our teammates are unified by our values and are grounded in our vision to inspire you with performanc…",https://www.adzuna.com/details/5424957119?utm_medium=api&utm_source=a6e23083,N/A,15-2050
Power Integrity STAFF R&D/PRODUCT DVL ENGINEER,TE Connectivity,"Berwyn, Chester County",Engineering Jobs,135783.78,"Power Integrity STAFF R&D/PRODUCT DVL ENGINEER At TE, you will unleash your potential working with people from diverse backgrounds and industries to create a safer, sustainable and more connected world. ? Job Overview Data communications applications change at an exponential pace and the Digital Data Networks Business Unit is at the heart of a continuously expanding connected life. Accordingly, we provide responsive, iterative, and fundamentally agile capabilities to support today's demands. Ou…",https://www.adzuna.com/details/5424956764?utm_medium=api&utm_source=a6e23083,N/A,15-2050
Logistics Management Information Project Manager,BAE Systems,"Fayfield, York County",Engineering Jobs,83149.77,"Job Description How does it feel to work on a team driven to make a big impact? Empowering. BAE Systems, one of the world s largest defense contractors and a stable Fortune 500 company, is seeking a full-time Logistics Management Information (LMI) Project Manager to support Combat Vehicle Programs. This position will be based out of Sterling Heights, Michigan or York, Pennsylvania. This position is on a 9/80 schedule with every other Friday off and offers a hybrid option to work remotely 1-2 da…",https://www.adzuna.com/details/5424954426?utm_medium=api&utm_source=a6e23083,N/A,15-2050
"Senior Data Scientist, Pharmacology, Quantitative Biosciences",Merck,"West Point, Montgomery County",Scientific & QA Jobs,207732.23,"Job Description At our company, we are committed to improving the health and well-being of people around the world. As a leading global pharmaceutical company, we strive to make a difference through innovative research, discovery, and development of life-saving medications and vaccines. With over a century of experience and a steadfast dedication to scientific excellence, we have become a trusted name in the industry. Join our team and be a part of our mission to create a healthier future for a…",https://www.adzuna.com/details/5424954128?utm_medium=api&utm_source=a6e23083,N/A,15-2050
Master Data Governance/Management - Senior - Consulting - Location OPEN,EY,"Pittsburgh, Allegheny County",Consultancy Jobs,168718.33,"Location: Anywhere in Country At EY, we're all in to shape your future with confidence. We'll help you succeed in a globally connected powerhouse of diverse teams and take your career wherever you want it to go. Join EY and help to build a better working world. Technology - Data Management Technology - Senior Consultant The opportunity EY's Analytics and Data team is seeking a Master Data Management Senior focusing on helping our clients define and drive data management strategy and technology …",https://www.adzuna.com/details/5424953561?utm_medium=api&utm_source=a6e23083,N/A,15-2050
Master Data Governance/Management - Senior - Consulting - Location OPEN,EY,"William Penn Annex East, Philadelphia County",Consultancy Jobs,168831.0,"Location: Anywhere in Country At EY, we're all in to shape your future with confidence. We'll help you succeed in a globally connected powerhouse of diverse teams and take your career wherever you want it to go. Join EY and help to build a better working world. Technology - Data Management Technology - Senior Consultant The opportunity EY's Analytics and Data team is seeking a Master Data Management Senior focusing on helping our clients define and drive data management strategy and technology …",https://www.adzuna.com/details/5424953540?utm_medium=api&utm_source=a6e23083,N/A,15-2050
Master Data Governance/Management - Senior - Consulting - Location OPEN,EY,"Penbrook, Dauphin County",Consultancy Jobs,144338.05,"Location: Anywhere in Country At EY, we're all in to shape your future with confidence. We'll help you succeed in a globally connected powerhouse of diverse teams and take your career wherever you want it to go. Join EY and help to build a better working world. Technology - Data Management Technology - Senior Consultant The opportunity EY's Analytics and Data team is seeking a Master Data Management Senior focusing on helping our clients define and drive data management strategy and technology …",https://www.adzuna.com/details/5424953472?utm_medium=api&utm_source=a6e23083,N/A,15-2050
"Data Engineer Senior - Data Products Organization (Hadoop, Spark 3, Python, Kafka)",PNC,"Pittsburgh, Allegheny County",IT Jobs,119141.42,"Position Overview At PNC, our people are our greatest differentiator and competitive advantage in the markets we serve. We are all united in delivering the best experience for our customers. We work together each day to foster an inclusive workplace culture where all of our employees feel respected, valued and have an opportunity to contribute to the company's success. As a Data Engineer Senior within PNC's Data Products Organization, you will be based in Pittsburgh-PA, Cleveland-OH, Birmingham…",https://www.adzuna.com/details/5424950068?utm_medium=api&utm_source=a6e23083,N/A,15-2050
Principal Technical Program Manager,Oracle,"Penbrook, Dauphin County",IT Jobs,169811.17,"Job Description This role offers an exciting opportunity to make a significant impact on Oracle's data center projects by driving technical excellence in project controls and data-driven decision-making. You will lead the way in implementing advanced methodologies, leveraging data management and analytics, and optimizing project control tools and reporting. Your work will establish project control and governance across the entire organization, enabling scale, optimization, and delivery excellen…",https://www.adzuna.com/details/5424948321?utm_medium=api&utm_source=a6e23083,N/A,15-2050
Principal Technical Writer,Oracle,"Penbrook, Dauphin County",IT Jobs,114830.42,"Job Description Oracle Data Center Operations (DCO) has an opportunity for a Technical Writer who will be responsible for identifying, evaluating, and documenting Oracle Cloud Infrastructure (OCI) processes. You will work with technical experts across OCI to standardize processes across OCI's data center footprint, including editing content for readability and accuracy, evaluating and incorporating feedback to iterate on published processes, and carrying out administrative tasks in our knowledg…",https://www.adzuna.com/details/5424948175?utm_medium=api&utm_source=a6e23083,N/A,15-2050
Applied Scientist 4,Oracle,"Penbrook, Dauphin County",IT Jobs,156941.56,"Job Description Invent, implement and deploy state-of-the-art machine learning and/or specific domain industry algorithms and systems. Build prototypes and explore conceptually new solutions. Work collaboratively with science, engineering, and product teams to identify customer needs in order to create and implement solutions, promote innovation and drive model implementations. Applies data science capabilities and research findings to create and implement solutions to scale. Responsible for de…",https://www.adzuna.com/details/5424947581?utm_medium=api&utm_source=a6e23083,N/A,15-2050
Senior/Principal Machine Learning (ML) Engineer- Oracle Health AI- REMOTE,Oracle,"Penbrook, Dauphin County",IT Jobs,157948.62,"Job Description Building off our Cloud momentum, Oracle has formed a new organization - Oracle Health. This team will focus on product development and product strategy for Oracle Health, while building out a complete platform supporting modernized, automated healthcare. This is a net new line of business, constructed with an entrepreneurial spirit that promotes an energetic and creative environment. In this highly strategic role, you will drive the design, development, and integration of state-…",https://www.adzuna.com/details/5424947516?utm_medium=api&utm_source=a6e23083,N/A,15-2050
"Senior Manager, Data Center Project Control leader",Oracle,"Penbrook, Dauphin County",Engineering Jobs,166006.62,"Job Description Why Oracle - Leading the Way in Project Control Excellence: Senior Manager Director role offers a unique opportunity to lead and transform the project control function within Oracle's Data Center Infrastructure Delivery Engineering team. The successful candidate will have a significant impact on the successful execution of data center projects, ensuring they are delivered on time, within budget, and to the highest standards. With a focus on people leadership, executive engagemen…",https://www.adzuna.com/details/5424947318?utm_medium=api&utm_source=a6e23083,N/A,15-2050
"Associate Partner, DevOps Service Owner",Kyndryl,"Penbrook, Dauphin County",IT Jobs,108536.52,"Who We Are At Kyndryl, we design, build, manage and modernize the mission-critical technology systems that the world depends on every day. So why work at Kyndryl? We are always moving forward - always pushing ourselves to go further in our efforts to build a more equitable, inclusive world for our employees, our customers and our communities. The Role Introduction: Kyndryl spun off from IBM in November 2021 with many of the Fortune 500 already among its clients, but a desire to find innovative …",https://www.adzuna.com/details/5424941572?utm_medium=api&utm_source=a6e23083,N/A,15-2050
Mechanical Engineer - CFD,Kelly Services,"Bausman, Lancaster County",Engineering Jobs,94375.98,"Product Development Engineer - Data Center Thermal Solutions (Full-Time, Lancaster, PA) Are you ready to help engineer the future of data center cooling? Join an innovative team at the forefront of advanced thermal management technologies supporting AI, cloud infrastructure, and mission-critical applications. As a Product Development Engineer specializing in Data Center Solutions, you'll have a direct impact on the performance, reliability, and energy-efficiency of next-generation computing env…",https://www.adzuna.com/details/5424941429?utm_medium=api&utm_source=a6e23083,N/A,15-2050
"Senior Manager, Data Quality - INTL - India",Insight Global,"Pittsburgh, Allegheny County",IT Jobs,131398.84,"Job Description We are seeking a hands-on leader to drive data quality engineering across large-scale software platforms. This person will lead a team of quality engineers and SDETs to implement robust data validation, performance testing, and automation frameworks. You'll collaborate cross-functionally to establish and maintain quality standards, improve processes, and ensure data integrity, while also fostering an innovative environment for the team in a fast-paced Agile environment. We are a…",https://www.adzuna.com/details/5424941233?utm_medium=api&utm_source=a6e23083,N/A,15-2050
QA Lead (Data Office),Insight Global,"George School, Bucks County",IT Jobs,95697.86,"Job Description A leader in the Medicare/Medicaid space is hiring for a seasoned QA Lead to drive the quality assurance practices across their data engineering platforms. This role will focus on creating automation frameworks, validating data pipelines and ensuring data integrity across enterprise systems. Key Responsibilities include: - Lead QA strategy and execution for data lake environments built on Databricks. - Design and implement automated validation frameworks for large-scale data inge…",https://www.adzuna.com/details/5424940860?utm_medium=api&utm_source=a6e23083,N/A,15-2050
Staff Data Engineer,GE Aerospace,"Feasterville Trevose, Bucks County",IT Jobs,145041.36,"Job Description Summary In this role, you will be responsible for the overall design, documentation, maintenance, and translation of business needs into long-term architecture solutions for 3rd party data environments and frameworks within the STS cloud organization. Your main role will be to own the process of digesting billing data out of the cloud tools into a consumable format for our cloud consumers. Job Description Roles and Responsibilities In this role you will:  Participates in the dat…",https://www.adzuna.com/details/5424936162?utm_medium=api&utm_source=a6e23083,N/A,15-2050
Staff Data Engineer,GE Aerospace,"South Erie, Erie County",IT Jobs,104703.16,"Job Description Summary In this role, you will be responsible for the overall design, documentation, maintenance, and translation of business needs into long-term architecture solutions for 3rd party data environments and frameworks within the STS cloud organization. Your main role will be to own the process of digesting billing data out of the cloud tools into a consumable format for our cloud consumers. Job Description Roles and Responsibilities In this role you will:  Participates in the dat…",https://www.adzuna.com/details/5424936060?utm_medium=api&utm_source=a6e23083,N/A,15-2050
Staff Data Engineer,GE Aerospace,"Imperial, Allegheny County",IT Jobs,138599.67,"Job Description Summary In this role, you will be responsible for the overall design, documentation, maintenance, and translation of business needs into long-term architecture solutions for 3rd party data environments and frameworks within the STS cloud organization. Your main role will be to own the process of digesting billing data out of the cloud tools into a consumable format for our cloud consumers. Job Description Roles and Responsibilities In this role you will:  Participates in the dat…",https://www.adzuna.com/details/5424936106?utm_medium=api&utm_source=a6e23083,N/A,15-2050
Software Engineer- Systems,Meta,"Penbrook, Dauphin County",IT Jobs,115781.5,"Summary: Meta Platforms, Inc. (Meta), formerly known as Facebook Inc., builds technologies that help people connect, find communities, and grow businesses. When Facebook launched in 2004, it changed the way people connect. Apps and services like Messenger, Instagram, and WhatsApp further empowered billions around the world. Now, Meta is moving beyond 2D screens toward immersive experiences like augmented and virtual reality to help build the next evolution in social technology. To apply, click …",https://www.adzuna.com/details/5424935503?utm_medium=api&utm_source=a6e23083,N/A,15-2050
Data Integration Engineer,Eliassen Group,"Penbrook, Dauphin County",IT Jobs,81577.75,"Data Integration Engineer Anywhere Type: Permanent Category: Data Industry: Technology Workplace Type: Remote Reference ID: JN -092025-103882 Date Posted: 09/28/2025 Shortcut: http://careers.eliassen.com/zsppv8  Description  Recommended Jobs Description: We are currently seeking a talented Data Integration Principal to join us as we develop our data driven, analytic focused and predictive products to help revolutionize the law enforcement sector. This is a full-time, permanent opportunity, offe…",https://www.adzuna.com/details/5424934737?utm_medium=api&utm_source=a6e23083,N/A,15-2050
Amazon Connect Lead Technical Architect,Deloitte,"William Penn Annex East, Philadelphia County",IT Jobs,141886.47,"Our Deloitte Sales & Service team empowers organizations to build deeper relationships with customers through innovative strategies, advanced analytics, Generative AI, transformative technologies, and creative design. We can enhance customer experiences and drive sustained growth and customer value creation and capture, through customer and commercial strategies, digital products and innovation, marketing, commerce, sales, and service. We are a team of strategists, data scientists, operators, c…",https://www.adzuna.com/details/5424934404?utm_medium=api&utm_source=a6e23083,N/A,15-2050
Amazon Connect Lead Technical Architect,Deloitte,"Pittsburgh, Allegheny County",IT Jobs,141792.05,"Our Deloitte Sales & Service team empowers organizations to build deeper relationships with customers through innovative strategies, advanced analytics, Generative AI, transformative technologies, and creative design. We can enhance customer experiences and drive sustained growth and customer value creation and capture, through customer and commercial strategies, digital products and innovation, marketing, commerce, sales, and service. We are a team of strategists, data scientists, operators, c…",https://www.adzuna.com/details/5424934230?utm_medium=api&utm_source=a6e23083,N/A,15-2050
Comcast Machine Learning Research & Engineering Intern,Comcast,"William Penn Annex East, Philadelphia County",IT Jobs,78522.62,"Make your mark at Comcast  a Fortune 30 global media and technology company. From the connectivity and platforms we provide, to the content and experiences we create, we reach hundreds of millions of customers, viewers, and guests worldwide. Become part of our award-winning technology team that turns big ideas into cutting-edge products, platforms, and solutions that our customers love. We create space to innovate, and we recognize, reward, and invest in your ideas, while ensuring you can proud…",https://www.adzuna.com/details/5424932464?utm_medium=api&utm_source=a6e23083,N/A,15-2050
Building Decarbonization Lead,Cadmus,"Penbrook, Dauphin County",Engineering Jobs,67984.45,"Overview What You'll Be Doing Cadmus seeks a Building Decarbonization Lead to join our Energy Services team. This role is designed for candidates with 3 years of experience who are eager to combine hands-on fieldwork with technical analysis to advance energy efficiency and decarbonization across commercial and industrial facilities. The successful candidate will spend an average of 1-2 days per week in the field, conducting ASHRAE Level 2 energy audits, engaging with facility staff, and identif…",https://www.adzuna.com/details/5424930281?utm_medium=api&utm_source=a6e23083,N/A,15-2050
Advanced Analytics Consultant Senior,AmeriHealth Caritas,"Newtown Square, Delaware County",Engineering Jobs,138430.31,"Role Overview We are seeking a highly motivated and strategic Advanced Analytics Consultant Senior to lead the planning, development and delivery of data-driven products across our enterprise ecosystem. This role combines user-centric product thinking, technical acumen, product data discovery, product management to ensure high-impact delivery on a modern data platform-Databricks. The role bridges business needs and engineering - focusing on user engagement, delivery execution, process and engin…",https://www.adzuna.com/details/5424927233?utm_medium=api&utm_source=a6e23083,N/A,15-2050
Entry-Level Structural Engineers - Networking Event with AECOM - Philadelphia,AECOM,"William Penn Annex East, Philadelphia County",Engineering Jobs,171433.12,"Company Description Work with Us. Change the World. At AECOM, we're delivering a better world. Whether improving your commute, keeping the lights on, providing access to clean water, or transforming skylines, our work helps people and communities thrive. We are the world's trusted infrastructure consulting firm, partnering with clients to solve the world's most complex challenges and build legacies for future generations. There has never been a better time to be at AECOM. With accelerating infr…",https://www.adzuna.com/details/5424926276?utm_medium=api&utm_source=a6e23083,N/A,15-2050
"AI Transformation Senior Manager - Communication, Media, Technology",Accenture,"Pittsburgh, Allegheny County",Consultancy Jobs,273004.72,"We are: Accenture Song accelerates growth and value for our clients through sustained customer relevance. Our capabilities span from ideation to execution: growth, product and experience design; technology and experience platforms; creative, media and marketing strategy; and campaign, content and channel orchestration. With strong client relationships and deep industry expertise, we help our clients operate at the speed of life through the unlimited potential of imagination, technology and inte…",https://www.adzuna.com/details/5424925834?utm_medium=api&utm_source=a6e23083,N/A,15-2050
AI Transformation Senior Manager - Financial Services,Accenture,"Pittsburgh, Allegheny County",Consultancy Jobs,257850.56,"We are: Accenture Song accelerates growth and value for our clients through sustained customer relevance. Our capabilities span from ideation to execution: growth, product and experience design; technology and experience platforms; creative, media and marketing strategy; and campaign, content and channel orchestration. With strong client relationships and deep industry expertise, we help our clients operate at the speed of life through the unlimited potential of imagination, technology and inte…",https://www.adzuna.com/details/5424925873?utm_medium=api&utm_source=a6e23083,N/A,15-2050
"AI Transformation Senior Manager - Communication, Media, Technology",Accenture,"William Penn Annex East, Philadelphia County",Consultancy Jobs,273187.03,"We are: Accenture Song accelerates growth and value for our clients through sustained customer relevance. Our capabilities span from ideation to execution: growth, product and experience design; technology and experience platforms; creative, media and marketing strategy; and campaign, content and channel orchestration. With strong client relationships and deep industry expertise, we help our clients operate at the speed of life through the unlimited potential of imagination, technology and inte…",https://www.adzuna.com/details/5424925785?utm_medium=api&utm_source=a6e23083,N/A,15-2050
AI Transformation Senior Manager - Financial Services,Accenture,"William Penn Annex East, Philadelphia County",Consultancy Jobs,258022.02,"We are: Accenture Song accelerates growth and value for our clients through sustained customer relevance. Our capabilities span from ideation to execution: growth, product and experience design; technology and experience platforms; creative, media and marketing strategy; and campaign, content and channel orchestration. With strong client relationships and deep industry expertise, we help our clients operate at the speed of life through the unlimited potential of imagination, technology and inte…",https://www.adzuna.com/details/5424925706?utm_medium=api&utm_source=a6e23083,N/A,15-2050
"Remote Sr Demand Gen Manager - $145k Base, $160k Total (DevOps)",CyberCoders,"Philadelphia, Philadelphia County",IT Jobs,152500.0,"Remote Sr Demand Gen Manager - $145k Base, $160k Total (DevOps) *Permanently Remote* *Job Title: *Remote Sr Demand Gen Manager (Global Campaigns)- $145k Base, $160k Total (DevOps) *Salary:* $1450k Base 10% Bonus = $160k Total  Equity, Benefits & 401k *Requirements:* Campaign Management  Marketing DevOps, Data Engineering, and/or Database With over 1 million monthly downloads and 100 million total downloads, we are a leader in open sourced database and DevOps tools. Our product is used for datab…",https://www.adzuna.com/details/5424788461?utm_medium=api&utm_source=a6e23083,N/A,15-2050
Azure Databricks Engineer (Remote but local 100 miles),"Liberty Personnel Services, Inc","Middle East, Philadelphia County",IT Jobs,130000.0,"Azure Databricks Engineer (Remote but local 100 miles) Join a vibrant, forward-thinking team dedicated to transforming healthcare through data-driven insights! Our organization excels in providing cutting-edge medical care, spearheading innovative research, and guiding the next generation of leaders in medicine. Be part of a collaborative environment where your contributions directly influence healthcare advancements. Key Qualifications: - Strong expertise in designing, developing, and maintain…",https://www.adzuna.com/details/5424728355?utm_medium=api&utm_source=a6e23083,N/A,15-2050
Product Manager - Consumer Application,Adoreal,"Pennsylvania, US",IT Jobs,127500.0,"Who We Are We are a fast-growing vertical SaaS company that leverages innovation and disruptive technologies to improve consumer experiences, outcomes, and predictability in elective medicine. Our team thrives on challenges, embraces change, and is dedicated to transforming our industry. Adoreal is scaling rapidly, and this role is designed to support growth. As we automate more of our content production, scheduling, and reporting processes, we are looking for a strategic operator who can take …",https://www.adzuna.com/details/5424692435?utm_medium=api&utm_source=a6e23083,N/A,15-2050
Process Development Engineering Specialist,Biospectra Inc,"Bangor, Northampton County",Engineering Jobs,80393.47,"Job Description Job Description Process Dev BIOSPECTRA PROCESS DEVELOPMENT ENGINEERING SPECIALIST If you like the idea of leveraging your engineering skills to become part of a growing chemical manufacturing company and a major supplier to the bio-pharmaceutical industry, this may be the job for you! BioSpectra is seeking a Process Development Engineer to execute projects in support of BioSpectra’s process development initiatives. These projects include development/validation of new products an…",https://www.adzuna.com/details/5424610837?utm_medium=api&utm_source=a6e23083,N/A,15-2050
Staff Software Engineer - Platform Performance,Aurora Innovation,"Pittsburgh, Allegheny County",IT Jobs,222000.0,"Aurora hires talented people with diverse backgrounds who are ready to help build a transportation ecosystem that will make our roads safer, get crucial goods where they need to go, and make mobility more efficient and accessible for all. We’re searching for a Staff Software Engineer to join Aurora’s Vehicle Connectivity team. The Vehicle Connectivity team is responsible for Aurora’s self-driving vehicle connectivity stack for reliable, observable, and secure vehicle-to-cloud communications. In…",https://www.adzuna.com/details/5424563036?utm_medium=api&utm_source=a6e23083,N/A,15-2050
Technician-Materials Lab,Greene Tweed,"Kulpsville, Montgomery County",Scientific & QA Jobs,32357.08,"At Greene, Tweed, you'll find the cutting-edge technology, world-class polymer expertise and endless advancement opportunities you'd expect from a multi-national industry leader. You'll find them all in an environment that embraces diversity in people and opinions, moves decision making to the point of impact, and celebrates your success. If you enjoy continuous learning and are excited about working with and creating technological solutions, explore career opportunities with Greene, Tweed. Ess…",https://www.adzuna.com/details/5424522842?utm_medium=api&utm_source=a6e23083,N/A,15-2050
IT - Sr Software Engineer,V2Soft,"Pittsburgh, Allegheny County",IT Jobs,124512.4,"V2Soft is a global leader in IT services and business solutions, delivering innovative and cost-effective technology solutions worldwide since 1998. We have headquarteerd in Bloomfiled Hills, MI and have 16 offices spread across six countries. We partner with Fortune 500 companies to address complex business challenges. Our services span AI, IT staffing, cloud computing, engineering, mobility, testing, and more. Certified with CMMI Level 3 and ISO standards, V2Soft is committed to quality and s…",https://www.adzuna.com/land/ad/5424502721?se=ZtbFuhei8BGUfoi19gktkw&utm_medium=api&utm_source=a6e23083&v=D7345779202BC208998C73983D8A35D30832A3A8,N/A,15-2050
Staff Software Engineer - Vehicle Data Management,Aurora Innovation,"Pittsburgh, Allegheny County",IT Jobs,222000.0,"Aurora hires talented people with diverse backgrounds who are ready to help build a transportation ecosystem that will make our roads safer, get crucial goods where they need to go, and make mobility more efficient and accessible for all. We’re searching for a Staff Software Engineer to join Aurora’s Vehicle Data Management team. The Vehicle Data Management Team is responsible for offloading, ingesting and scaling data through various pipelines, including autonomy sensor data, vehicle logs, sim…",https://www.adzuna.com/details/5424451628?utm_medium=api&utm_source=a6e23083,N/A,15-2050
Process Development Engineering Specialist,Biospectra Inc,"Bangor, Northampton County",Engineering Jobs,79822.71,"Process Dev BIOSPECTRA PROCESS DEVELOPMENT ENGINEERING SPECIALIST If you like the idea of leveraging your engineering skills to become part of a growing chemical manufacturing company and a major supplier to the bio-pharmaceutical industry, this may be the job for you! BioSpectra is seeking a Process Development Engineer to execute projects in support of BioSpectra’s process development initiatives. These projects include development/validation of new products and processes, increasing capacity…",https://www.adzuna.com/details/5424431548?utm_medium=api&utm_source=a6e23083,N/A,15-2050
Senior Data Science Manager - Marketing & Customer Analytics,PNC Bank,"Pittsburgh, Allegheny County",IT Jobs,126250.0,"Position Overview At PNC, our people are our greatest differentiator and competitive advantage in the markets we serve. We are all united in delivering the best experience for our customers. We work together each day to foster an inclusive workplace culture where all of our employees feel respected, valued and have an opportunity to contribute to the company’s success. As a Senior Data Science Manager within PNC's Marketing & Customer Analytics organization, you will be based in Pittsburgh or P…",https://www.adzuna.com/details/5424378011?utm_medium=api&utm_source=a6e23083,N/A,15-2050
